country,city,id,name,operator,lat,lon,capacity,hourly_rate,daily_cap,has_ev,address,source_url,currency
Germany,Düsseldorf,QP01,Apollo,Q-Park,51.2189912,6.7680482,190,3.0,25.0,False,"Neusserstraße 14, 40213 Düsseldorf",https://www.q-park.de/de-de/staedte/d%C3%BCsseldorf/apollo/,EUR
Germany,Düsseldorf,QP02,Barbarossaplatz (Park One),Q-Park,51.2310925,6.7533686,352,4.0,32.0,False,"Luegallee 65, 40545 Düsseldorf",https://www.q-park.de/de-de/staedte/d%C3%BCsseldorf/barbarossaplatz/,EUR
Germany,Düsseldorf,QP03,Cäcilienstraße,Q-Park,51.1659473,6.8738241,352,1.8,16.0,True,"Cäcilienstraße 30, 40597 Düsseldorf",https://www.q-park.de/de-de/staedte/d%C3%BCsseldorf/c%C3%A4cilienstra%C3%9Fe/,EUR
Germany,Düsseldorf,QP04,Carsch-Haus,Q-Park,51.2241118,6.7760629,524,3.5,30.0,False,"Kasernenstraße 10, 40213 Düsseldorf",https://www.q-park.de/de-de/staedte/d%C3%BCsseldorf/carsch-haus/,EUR
Germany,Düsseldorf,QP05,Dreicubenhaus | Gartenstraße (Park One),Q-Park,51.2314309,6.7811321,300,3.5,25.0,True,"Gartenstraße 2, 40479 Düsseldorf","https://www.q-park.de/de-de/staedte/d%C3%BCsseldorf/dreicubenhaus-,-p-,gartenstra%C3%9Fe/",EUR
Germany,Düsseldorf,QP06,düwell,Q-Park,51.2210608,6.7808771,464,3.0,30.0,False,"Grünstraße 15, 40212 Düsseldorf",https://www.q-park.de/de-de/staedte/d%C3%BCsseldorf/d%C3%BCwell/,EUR
Germany,Düsseldorf,QP07,EUREF Campus,Q-Park,51.2911893,6.7884689,687,3.0,60.0,False,"Ahrensplatz, 40472 Düsseldorf",https://www.q-park.de/de-de/staedte/d%C3%BCsseldorf/euref-campus/,EUR
Germany,Düsseldorf,QP08,Flughafen Bahnhof,Q-Park,51.2911893,6.7884689,228,3.0,15.0,False,"Ahrensplatz, 40472 Düsseldorf",https://www.q-park.de/de-de/staedte/d%C3%BCsseldorf/flughafen-bahnhof/,EUR
Germany,Düsseldorf,QP09,Friedrichstraße (Park One),Q-Park,51.2154993,6.7774135,388,3.0,24.0,False,"Herzogstraße 15, 40217 Düsseldorf",https://www.q-park.de/de-de/staedte/d%C3%BCsseldorf/friedrichstra%C3%9Fe/,EUR
Germany,Düsseldorf,QP10,Grafenberger Allee (Park One),Q-Park,51.230549,6.8001087,56,3.0,30.0,False,"Grafenberger Allee 56, 40237 Düsseldorf",https://www.q-park.de/de-de/staedte/d%C3%BCsseldorf/grafenberger-allee/,EUR
Germany,Düsseldorf,QP11,Immermannhof (Park One),Q-Park,51.2217636,6.7910114,300,3.0,25.0,True,"Karlstraße 76, 40210 Düsseldorf",https://www.q-park.de/de-de/staedte/d%C3%BCsseldorf/immermannhof/,EUR
Germany,Düsseldorf,QP12,Kaiserpark,Q-Park,51.2381918,6.7770774,332,2.2,22.0,True,"Kaiserswerther Straße 26, 40477 Düsseldorf",https://www.q-park.de/de-de/staedte/d%C3%BCsseldorf/kaiserpark/,EUR
Germany,Düsseldorf,QP13,Kaufhof Wehrhahn,Q-Park,51.2252536,6.7883675,437,2.5,25.0,False,"Oststraße 19, 40211 Düsseldorf",https://www.q-park.de/de-de/staedte/d%C3%BCsseldorf/kaufhof-wehrhahn/,EUR
Germany,Düsseldorf,QP14,Kirchplatz,Q-Park,51.2136033,6.7761212,345,3.0,24.0,True,"Fürstenwall 111, 40217 Düsseldorf",https://www.q-park.de/de-de/staedte/d%C3%BCsseldorf/kirchplatz/,EUR
Germany,Düsseldorf,QP15,KÖ Galerie (Grünstraße),Q-Park,51.2214705,6.7818628,794,3.5,30.0,False,"Grünstraße 10, 40212 Düsseldorf",https://www.q-park.de/de-de/staedte/d%C3%BCsseldorf/k%C3%B6-galerie/,EUR
Germany,Düsseldorf,QP16,KÖ59 (Breite Str.),Q-Park,51.2237277,6.777055,307,3.5,40.0,False,"Breite Straße 40, 40213 Düsseldorf",https://www.q-park.de/de-de/staedte/d%C3%BCsseldorf/k%C3%B659/,EUR
Germany,Düsseldorf,QP17,Medienhafen / Kino,Q-Park,51.2134631,6.7517716,455,2.0,17.0,False,"Zollhof 30, 40221 Düsseldorf",https://www.q-park.de/de-de/staedte/d%C3%BCsseldorf/medienhafen-/-kino/,EUR
Germany,Düsseldorf,QP18,Schlossgarage,Q-Park,51.1616747,6.8751882,210,1.5,6.0,False,"Paulistraße 12, 40597 Düsseldorf",https://www.q-park.de/de-de/staedte/d%C3%BCsseldorf/schlossgarage/,EUR
Germany,Düsseldorf,QP19,Stadtmitte (ehemals Karstadt),Q-Park,51.2260927,6.7874034,519,3.0,18.0,False,"Liesegangstraße 14, 40211 Düsseldorf",https://www.q-park.de/de-de/staedte/d%C3%BCsseldorf/stadtmitte/,EUR
Germany,Düsseldorf,QP20,Technisches Rathaus,Q-Park,51.2031595,6.7869092,77,1.7,13.4,False,"Brinckmannstraße 5, 40225 Düsseldorf",https://www.q-park.de/de-de/staedte/d%C3%BCsseldorf/technisches-rathaus/,EUR
Germany,Düsseldorf,QP21,YORCKS,Q-Park,51.2451445,6.7928207,392,3.0,6.5,False,"Yorckstraße 29, 40476 Düsseldorf",https://www.q-park.de/de-de/staedte/d%C3%BCsseldorf/yorcks/,EUR
Germany,Düsseldorf,AP01,Tiefgarage Fürstenwall,APCOA,51.2159288,6.7650896,194,3.0,25.0,False,"Fürstenwall 23, 40219 Düsseldorf",https://www.apcoa.de/einmal-parken/standorte/duesseldorf/fuerstenwall,EUR
Germany,Düsseldorf,AP02,Tiefgarage Dieterich-Karree,APCOA,51.2364152,6.7833616,644,2.2,20.0,False,"Nettelbeckstraße 8, 40477 Düsseldorf",https://www.apcoa.de/einmal-parken/standorte/duesseldorf/dieterich-karree,EUR
Germany,Düsseldorf,AP03,Sevens,APCOA,51.2226251,6.7799959,294,3.5,30.0,False,"Königsallee 56, 40212 Düsseldorf",https://www.apcoa.de/einmal-parken/standorte/duesseldorf/sevens,EUR
Germany,Düsseldorf,AP04,Deutsch Japanisches Center,APCOA,51.2226055,6.7892761,580,3.8,30.0,True,"Immermannstraße 45, 40210 Düsseldorf",https://www.apcoa.de/einmal-parken/standorte/duesseldorf/deutsch-japanisches-center,EUR
Germany,Düsseldorf,AP05,Kö-Bogen,APCOA,51.227069,6.7810536,405,3.2,33.0,False,"Königsallee 2, 40212 Düsseldorf",https://www.apcoa.de/einmal-parken/standorte/duesseldorf/koe-bogen,EUR
Germany,Düsseldorf,AP06,KII / Schauspielhaus,APCOA,51.22819,6.7834904,668,3.59,30.99,True,"Gustaf-Gründgens-Platz, 40211 Düsseldorf",https://www.apcoa.de/einmal-parken/standorte/duesseldorf/kii-/-schauspielhaus,EUR
Germany,Düsseldorf,AP07,Hotel-Trio am Hauptbahnhof,APCOA,51.2191396,6.7910094,237,4.09,39.99,True,"Harkortstraße 14a, 40210 Düsseldorf",https://www.apcoa.de/einmal-parken/standorte/duesseldorf/hotel-trio-am-hauptbahnhof,EUR
Germany,Düsseldorf,AP08,Medical Center Düsseldorf,APCOA,51.2347233,6.8208559,296,3.5,35.0,True,"Luise-Rainer-Straße 6-10, 40235 Düsseldorf",https://www.apcoa.de/einmal-parken/standorte/duesseldorf/medical-center-duesseldorf,EUR
Germany,Düsseldorf,CP01,Parkhaus Bendemannstraße,Contipark,51.22315,6.7918498,340,3.2,24.0,False,"Bendemannstraße 5, 40210 Düsseldorf",https://www.contipark.de/de/parken/duesseldorf/parkhaus-bendemannstrasse/,EUR
Germany,Düsseldorf,CP02,Parkhaus Düsseldorf Arcaden,Contipark,51.2089626,6.7735023,832,1.6,13.0,False,"Bachstraße 141, 40217 Düsseldorf",https://www.contipark.de/de/parken/duesseldorf/parkhaus-duesseldorf-arcaden/,EUR
Germany,Düsseldorf,CP03,Parkhaus Grupellostraße,Contipark,51.2202178,6.7885926,154,3.2,24.0,False,"Grupellostraße 34, 40210 Düsseldorf",https://www.contipark.de/de/parken/duesseldorf/parkhaus-grupellostrasse/,EUR
Germany,Düsseldorf,CP04,Parkhaus Hauptbahnhof P3,Contipark,51.2174572,6.7937566,558,3.2,26.0,False,"Willi-Becker-Allee, 40227 Düsseldorf",https://www.contipark.de/de/parken/duesseldorf/parkhaus-hauptbahnhof-p3/,EUR
Germany,Düsseldorf,CP05,Parkplatz Hauptbahnhof Uhrenturm P2,Contipark,51.2193828,6.7941702,32,5.0,33.0,True,"Konrad-Adenauer-Platz 14, 40227 Düsseldorf",https://www.contipark.de/de/parken/duesseldorf/parkplatz-hauptbahnhof-uhrenturm-p2/,EUR
Germany,Düsseldorf,CP06,Parkplatz Hauptbahnhof Vorplatz P1,Contipark,51.2195721,6.7912116,34,5.0,33.0,False,"Konrad-Adenauer-Platz 13-14, 40227 Düsseldorf",https://www.contipark.de/de/parken/duesseldorf/parkplatz-hauptbahnhof-vorplatz-p1-duesseldorf/,EUR
Germany,Düsseldorf,CP07,Tiefgarage Altstadt Rheinufer,Contipark,51.2233086,6.7690122,964,5.0,42.0,True,"Rheinufertunnel, 40213 Düsseldorf",https://www.contipark.de/de/parken/duesseldorf/tiefgarage-altstadt-rheinufer/,EUR
Germany,Düsseldorf,CP08,Tiefgarage Fürstenplatz Quartiersgarage,Contipark,51.2135684,6.7858141,216,2.22,17.47,False,"Fürstenplatz 17a, 40215 Düsseldorf",https://www.contipark.de/de/parken/duesseldorf/tiefgarage-fuerstenplatz-quartiersgarage/,EUR
Germany,Düsseldorf,CP09,Tiefgarage Leo-Statz-Platz Quartiersgarage,Contipark,51.2143735,6.7695831,183,2.84,21.71,False,"Fürstenwall 74a, 40219 Düsseldorf",https://www.contipark.de/de/parken/duesseldorf/tiefgarage-leo-statz-platz-quartiersgarage/,EUR
Germany,Düsseldorf,CP10,Tiefgarage Momentum,Contipark,51.22736,6.7899062,488,3.0,19.0,True,"Oststraße 10, 40211 Düsseldorf",https://www.contipark.de/de/parken/duesseldorf/tiefgarage-momentum/,EUR
Germany,Düsseldorf,BB01,Parkhaus Scheibenstraße,B+B Parkhaus,51.2349156,6.777383,190,2.6,28.0,True,"Scheibenstraße 2, 40479 Düsseldorf",https://www.bb-parkhaus.de/staedte/duesseldorf/parkhaus-scheibenstrasse,EUR
Germany,Düsseldorf,BB02,Parkhaus Ratinger Tor,B+B Parkhaus,51.2299707,6.7764996,245,3.2,30.0,True,"Ratinger Straße 50, 40213 Düsseldorf",https://www.bb-parkhaus.de/staedte/duesseldorf/parkhaus-ratinger-tor,EUR
Germany,Düsseldorf,BB03,Parkhaus Konkordiastraße,B+B Parkhaus,51.2143477,6.7679049,205,2.42,18.22,True,"Konkordiastraße 49, 40219 Düsseldorf",https://www.bb-parkhaus.de/staedte/duesseldorf/parkhaus-konkordiastrasse,EUR
Germany,Berlin,QP01,Am Alexanderplatz,Q-Park,52.52294,13.4146,650,3.5,24.0,True,"Alexanderstraße 2, 10178 Berlin",https://www.q-park.de/de-de/staedte/berlin/am-alexanderplatz/,EUR
Germany,Berlin,QP02,Unter den Linden / Staatsoper,Q-Park,52.5162195,13.3950581,465,4.0,25.0,True,"Bebelplatz 2, 10117 Berlin",https://www.q-park.de/de-de/staedte/berlin/unter-den-linden-/-staatsoper/,EUR
Germany,Berlin,QP03,Operncarree,Q-Park,52.514771,13.3895443,150,,,,"Französische Straße 39, 10117 Berlin",https://www.q-park.de/de-de/staedte/berlin/operncarrée/,EUR
Germany,Berlin,QP04,Forum Köpenick,Q-Park,52.4589148,13.576976,1139,2.0,21.5,,"Bahnhofstraße 33 -38, 12555 Berlin",https://www.q-park.de/de-de/staedte/berlin/forum-köpenick/,EUR
Germany,Berlin,QP05,Bikini Berlin,Q-Park,52.5056085,13.3385257,223,3.0,30.0,True,"Budapesterstrasse 38, 10787 Berlin",https://www.q-park.de/de-de/staedte/berlin/bikini-berlin/,EUR
Germany,Berlin,QP06,Dom Aquarée,Q-Park,52.5192507,13.4031264,567,3.5,28.0,True,"Karl-Liebknecht-Straße 5, 10178 Berlin",https://www.q-park.de/de-de/staedte/berlin/dom-aquarée/,EUR
Germany,Berlin,QP07,Excelsior Haus Tiefgarage,Q-Park,52.5041952,13.3833652,544,3.2,25.0,True,"Stresemannstraße 68 -78, 10963 Berlin",https://www.q-park.de/de-de/staedte/berlin/excelsior-haus/,EUR
Germany,Berlin,QP08,Forum Steglitz 1,Q-Park,52.4651244,13.3264008,443,2.0,5.0,True,"Bornstraße 30, 12163 Berlin",https://www.q-park.de/de-de/staedte/berlin/forum-steglitz-1/,EUR
Germany,Berlin,QP09,Forum Steglitz 2,Q-Park,52.464679,13.3258999,104,,,,"Gutsmuthsstraße 4, 12163 Berlin",https://www.q-park.de/de-de/staedte/berlin/forum-steglitz-2/,EUR
Germany,Berlin,QP10,Fürst,Q-Park,52.50056,13.32483,538,3.0,25.0,True,"Uhlandstraße 32, 10719 Berlin",https://www.q-park.de/de-de/staedte/berlin/fürst/,EUR
Germany,Berlin,QP11,Kempinski Plaza,Q-Park,52.5038508,13.325572,162,,,,"Uhlandstraße 180, 10623 Berlin",https://www.q-park.de/de-de/staedte/berlin/kempinski-plaza/,EUR
Germany,Berlin,QP12,Kranzler Eck,Q-Park,52.5052744,13.3311709,551,3.0,25.0,True,"Kantstrasse 160, 10623 Berlin",https://www.q-park.de/de-de/staedte/berlin/kranzler-eck/,EUR
Germany,Berlin,QP13,Parkhaus Luisenstraße,Q-Park,52.5243499,13.3794285,106,4.0,40.0,,"Luisenstraße 47 -52, 10117 Berlin",https://www.q-park.de/de-de/staedte/berlin/luisenstraße/,EUR
Germany,Berlin,QP14,Märkische Zeile,Q-Park,52.5992502,13.3543807,420,,12.0,,"Senftenberger Ring 17, 13439 Berlin",https://www.q-park.de/de-de/staedte/berlin/märkische-zeile/,EUR
Germany,Berlin,QP15,Möllendorff Passage Lichtenberg,Q-Park,52.5234707,13.4800565,824,,,,"Möllendorffstrasse 43, 10367 Berlin",https://www.q-park.de/de-de/staedte/berlin/möllendorff-passage-lichtenberg/,EUR
Germany,Berlin,QP16,Quartier Potsdamer Platz,Q-Park,52.5075034,13.3752282,1995,3.5,25.0,True,"Linkstraße 2, 10785 Berlin",https://www.q-park.de/de-de/staedte/berlin/quartier-potsdamer-platz/,EUR
Germany,Berlin,QP17,Reinhardtstraße,Q-Park,52.5232804,13.3828989,160,,,,"Reinhardtstraße 27 A, 10117 Berlin",https://www.q-park.de/de-de/staedte/berlin/reinhardtstraße/,EUR
Germany,Berlin,QP18,Rigaer Passage Friedrichshain,Q-Park,52.5152315,13.4629357,296,,,,"Silvio-Meier-Strasse 19, 10247 Berlin",https://www.q-park.de/de-de/staedte/berlin/rigaer-passage-friedrichshain/,EUR
Germany,Berlin,QP19,Parkhaus Rollbergstraße,Q-Park,52.4796206,13.4349554,402,2.5,15.0,True,"Rollbergstraße 10 -18, 12053 Berlin",https://www.q-park.de/de-de/staedte/berlin/rollbergstraße/,EUR
Germany,Berlin,QP20,Parkhaus Schultheiss Quartier,Q-Park,52.526523,13.3448404,427,2.5,11.0,True,"Turmstraße 26, 10599 Berlin",https://www.q-park.de/de-de/staedte/berlin/schultheiss-quartier/,EUR
Germany,Berlin,QP21,Parkhaus Spreekarree,Q-Park,52.5227226,13.3869728,227,3.7,32.0,True,"Friedrichstraße 134 -136, 10117 Berlin",https://www.q-park.de/de-de/staedte/berlin/spreekarree/,EUR
Germany,Berlin,QP22,Parkhaus Tacheles,Q-Park,52.5253326,13.3914299,400,3.5,40.0,True,"Oranienburgerstraße 65, 10117 Berlin",https://www.q-park.de/de-de/staedte/berlin/tacheles/,EUR
Germany,Berlin,QP23,Parkhaus Waldorf Astoria,Q-Park,52.5054187,13.3319736,87,,,True,"Kantstraße 2, 10623 Berlin",https://www.q-park.de/de-de/staedte/berlin/waldorf-astoria/,EUR
Germany,Berlin,AP01,Prager Passage,APCOA,52.493185,13.332262,240,1.8,20.0,,"Prager Platz 1-3, 10779 Berlin",https://www.apcoa.de/einmal-parken/standorte/berlin/prager-passage,EUR
Germany,Berlin,AP02,Alexa,APCOA,52.519366,13.416644,1595,2.0,25.0,True,"Grunerstraße 20, 10179 Berlin",https://www.apcoa.de/einmal-parken/standorte/berlin/alexa,EUR
Germany,Berlin,AP03,Schönhauser Allee Arcaden,APCOA,52.549486,13.416895,328,1.5,20.0,True,"Schönhauser Allee 79-80, 10439 Berlin",https://www.apcoa.de/einmal-parken/standorte/berlin/schoenhauser-allee-arcaden,EUR
Germany,Berlin,AP04,Philharmonie,APCOA,52.50978635,13.37134149,72,,15.0,,"Herbert-von-Karajan-Strasse 1, 10785 Berlin",https://www.apcoa.de/einmal-parken/standorte/berlin/philharmonie,EUR
Germany,Berlin,AP05,Victoria Center,APCOA,52.505423,13.474873,605,1.7,7.0,,"Schreiberhauer Strasse 48, 10317 Berlin",https://www.apcoa.de/einmal-parken/standorte/berlin/victoria-center,EUR
Germany,Berlin,AP06,Kant-Center,APCOA,52.506046,13.308756,288,2.0,20.0,,"Kantstr. 112, 10625 Berlin",https://www.apcoa.de/einmal-parken/standorte/berlin/kant-center,EUR
Germany,Berlin,AP07,das Schloss Ebene A,APCOA,52.457216,13.320161,250,2.0,20.0,True,"Grunewaldstr. 3, 12163 Berlin",https://www.apcoa.de/einmal-parken/standorte/berlin/das-schloss-ebene-a,EUR
Germany,Berlin,AP08,Adlon,APCOA,52.5163016,13.37986705,161,,66.0,True,"Unter den Linden 77, 10117 Berlin",https://www.apcoa.de/einmal-parken/standorte/berlin/adlon,EUR
Germany,Berlin,AP09,Elcknerplatz am Bahnhof Köpenick,APCOA,52.458159,13.580101,326,2.0,15.0,True,"Elcknerplatz 8, 12555 Berlin",https://www.apcoa.de/einmal-parken/standorte/berlin/elcknerplatz-am-bahnhof-koepenick,EUR
Germany,Berlin,AP10,Augsburger Straße,APCOA,52.500518,13.339347,137,,29.0,,"Passauer Str. 10-11a, 10789 Berlin",https://www.apcoa.de/einmal-parken/standorte/berlin/augsburger-strasse,EUR
Germany,Berlin,AP11,Schloßstraße - Düppelstraße,APCOA,52.4604523,13.32656436,330,1.0,,,"Dünther Straße, 12163 Berlin",https://www.apcoa.de/einmal-parken/standorte/berlin/schlossstrasse-dueppelstrasse,EUR
Germany,Berlin,AP12,das Schloss Ebene B,APCOA,52.457598,13.319112,313,2.0,20.0,True,"Grunewaldstr. 3, 12163 Berlin",https://www.apcoa.de/einmal-parken/standorte/berlin/das-schloss-ebene-b,EUR
Germany,Berlin,AP13,Quartier Heidestraße - Spring,APCOA,52.531643,13.365718,59,,,,"Lisa-Fittko-Str. 5-15, 10557 Berlin",https://www.apcoa.de/einmal-parken/standorte/berlin/quartier-heidestrasse-spring,EUR
Germany,Berlin,AP14,Quartier Heidestraße - Straight/Colonnades,APCOA,52.53404166,13.36362333,267,,,,"Clara-Mleinek-Straße 1-3, 10557 Berlin",https://www.apcoa.de/einmal-parken/standorte/berlin/quartier-heidestrasse-straight/colonnades,EUR
Germany,Berlin,AP15,Quartier Heidestraße - Crown II,APCOA,52.534151,13.363498,27,,,,,https://www.apcoa.de/einmal-parken/standorte/berlin/quartier-heidestrasse-crown-ii,EUR
Germany,Berlin,AP16,Josef-Höhn-Straße 21,APCOA,52.55626192,13.51492015,,1.0,10.0,,"Josef-Höhn-Straße 21, 13053 Berlin",https://www.apcoa.de/einmal-parken/standorte/berlin/josef-hoehn-strasse-21,EUR
Germany,Berlin,AP17,Gropius Passagen P1,APCOA,52.43035,13.45599,748,2.0,8.0,True,"Johannisthaler Chaussee 295, 12355 Berlin",https://www.apcoa.de/einmal-parken/standorte/berlin/gropius-passagen,EUR
Germany,Berlin,AP18,Gropius Passagen P2,APCOA,52.429415,13.453602,555,2.0,8.0,True,"Johannisthaler Chaussee 295, 12355 Berlin",https://www.apcoa.de/einmal-parken/standorte/berlin/gropius-passagen-p2,EUR
Germany,Berlin,AP19,Gropius Passagen P3,APCOA,52.430972,13.456992,463,2.0,8.0,True,"Johannisthaler Chaussee 300, 12355 Berlin",https://www.apcoa.de/einmal-parken/standorte/berlin/gropius-passagen-p3,EUR
Germany,Berlin,AP20,Cora Berliner Straße,APCOA,52.51481,13.38018,98,,50.0,True,"Cora-Berliner-Str. 2-4, 10117 Berlin",https://www.apcoa.de/einmal-parken/standorte/berlin/cora-berliner-strasse,EUR
Germany,Berlin,AP21,Naumburger Str. 33 (OBI),APCOA,52.4665229,13.44804922,183,,,,"Naumburger Straße 33, 12057 Berlin",https://www.apcoa.de/einmal-parken/standorte/berlin/naumburger-str-33-obi,EUR
Germany,Berlin,AP22,Haardtweg 2,APCOA,52.54929873,13.17769929,12,,,,"Haardtweg 2, 13583 Berlin",https://www.apcoa.de/einmal-parken/standorte/berlin/haardtweg-2,EUR
Germany,Berlin,AP23,Rabensteiner Str. 36,APCOA,52.56539223,13.5770131,13,,,,"Rabensteiner Straße 36, 12689 Berlin",https://www.apcoa.de/einmal-parken/standorte/berlin/rabensteiner-str-36,EUR
Germany,Berlin,AP24,Richard-Tauber-Damm 36,APCOA,52.41675977,13.39210181,14,,,,"Richard-Tauber-Damm 36, 12277 Berlin",https://www.apcoa.de/einmal-parken/standorte/berlin/richard-tauber-damm-36,EUR
Germany,Berlin,AP25,Attilastr. 60,APCOA,52.44884015,13.36262885,17,,,,"Attilastraße 60, 12105 Berlin",https://www.apcoa.de/einmal-parken/standorte/berlin/attilastr-60,EUR
Germany,Berlin,AP26,Sewanstraße 44,APCOA,52.49760977,13.50303887,12,,,,"Sewanstraße 44, 10319 Berlin",https://www.apcoa.de/einmal-parken/standorte/berlin/sewanstrasse-44,EUR
Germany,Berlin,AP27,Landsberger Allee 174,APCOA,52.53081987,13.46848881,19,,,,"Landsberger Allee 174, 10369 Berlin",https://www.apcoa.de/einmal-parken/standorte/berlin/landsberger-allee-174,EUR
Germany,Berlin,AP28,Wilhelmstraße 5,APCOA,52.5283093,13.19324908,18,,,,"Wilhelmstraße 5, 13595 Berlin",https://www.apcoa.de/einmal-parken/standorte/berlin/wilhelmstrasse-5,EUR
Germany,Berlin,AP29,Buckower Damm 268,APCOA,52.42020911,13.43770763,8,,,,"Buckower Damm 268, 12349 Berlin",https://www.apcoa.de/einmal-parken/standorte/berlin/buckower-damm-268,EUR
Germany,Berlin,AP30,Plaza Frankfurter Allee,APCOA,52.515,13.46781,750,3.0,18.0,,"Voigtstraße 2, 10247 Berlin",https://www.apcoa.de/einmal-parken/standorte/berlin/plaza-frankfurter-allee,EUR
Germany,Berlin,AP31,Alt-Friedrichsfelde 25,APCOA,52.50951658,13.5139046,14,,,,"Alt-Friedrichsfelde 25, 10315 Berlin",https://www.apcoa.de/einmal-parken/standorte/berlin/alt-friedrichsfelde-25,EUR
Germany,Berlin,AP32,Buchberger Str. 5,APCOA,52.51041863,13.4923327,198,,,,"Buchberger Straße 5, 10365 Berlin",https://www.apcoa.de/einmal-parken/standorte/berlin/buchberger-str-5,EUR
Germany,Berlin,CP01,Parkdeck Südkreuz P1,Contipark,52.474739,13.364685,205,2.8,27.0,True,"Lotte-Laserstein-Straße, 10829 Berlin",https://www.contipark.de/de/parken/berlin/parkdeck-suedkreuz-p1/,EUR
Germany,Berlin,CP02,Parkhaus Arena,Contipark,52.507473,13.441488,871,4.0,35.0,True,"Helen-Ernst-Straße 2-4, 10243 Berlin",https://www.contipark.de/de/parken/berlin/parkhaus-arena/,EUR
Germany,Berlin,CP03,Parkhaus Charité Campus Virchow Klinikum,Contipark,52.543021,13.338845,764,2.0,14.0,,"Seestraße 4-5, 13353 Berlin",https://www.contipark.de/de/parken/berlin/parkhaus-charite-campus-virchow-klinikum/,EUR
Germany,Berlin,CP04,Parkhaus Der Clou,Contipark,52.562507,13.329389,422,,3.0,,"Kapweg, 13405 Berlin",https://www.contipark.de/de/parken/berlin/parkhaus-der-clou/,EUR
Germany,Berlin,CP05,Parkhaus Europa-Center,Contipark,52.504467,13.339956,954,2.5,20.0,,"Nürnberger Straße 5 - 7, 10787 Berlin",https://www.contipark.de/de/parken/berlin/parkhaus-europa-center/,EUR
Germany,Berlin,CP06,Parkhaus Flughafen BER McParking,Contipark,52.38972,13.53621,2000,,,True,"Gebrüder-Hirth-Straße 27, 12526 Berlin",https://www.contipark.de/de/parken/berlin/parkhaus-flughafen-ber-mcparking/,EUR
Germany,Berlin,CP07,Parkhaus Forum Landsberger Allee,Contipark,52.530413,13.455175,412,2.0,10.0,,"Storkower Straße 156A, 10407 Berlin",https://www.contipark.de/de/parken/berlin/parkhaus-forum-landsberger-allee/,EUR
Germany,Berlin,CP08,Parkhaus ICC,Contipark,52.502779,13.279974,620,,,,"Messedamm 22, 14055 Berlin",https://www.contipark.de/de/parken/berlin/parkhaus-icc/,EUR
Germany,Berlin,CP09,Parkhaus Neukölln Arcaden,Contipark,52.481961,13.430977,514,1.2,4.5,,"Erlanger Straße, 12053 Berlin",https://www.contipark.de/de/parken/berlin/parkhaus-neukoelln-arcaden/,EUR
Germany,Berlin,CP10,Parkhaus Rathaus Spandau,Contipark,52.534891,13.201849,300,2.5,13.0,True,"Stabholzgarten 4, 13597 Berlin",https://www.contipark.de/de/parken/berlin/parkhaus-rathaus-spandau/,EUR
Germany,Berlin,CP11,Parkhaus Schloss-Straßen-Center,Contipark,52.465057,13.327682,365,1.0,5.0,,"Bornstraße 1, 12161 Berlin",https://www.contipark.de/de/parken/berlin/parkhaus-schloss-strassen-center/,EUR
Germany,Berlin,CP12,Parkhaus Spandau Altstädter Ring,Contipark,52.539095,13.201741,300,2.5,13.0,True,"Altstädter Ring 20, 13597 Berlin",https://www.contipark.de/de/parken/berlin/parkhaus-spandau-altstaedter-ring/,EUR
Germany,Berlin,CP13,Parkhaus Steglitzer Kreisel,Contipark,52.455081,13.319185,645,,2.5,,"Schloßstraße 74, 12165 Berlin",https://www.contipark.de/de/parken/berlin/parkhaus-steglitzer-kreisel/,EUR
Germany,Berlin,CP14,Parkhaus Uhland-/Kant-/Fasanenstraße UKF,Contipark,52.506355,13.325912,501,3.2,22.0,,"Uhlandstraße 192, 10623 Berlin",https://www.contipark.de/de/parken/berlin/parkhaus-uhland-kant-fasanenstrasse-ukf/,EUR
Germany,Berlin,CP15,Parkhaus WILMA,Contipark,52.50982,13.304278,301,2.0,16.0,,"Schillerstraße 74, 10627 Berlin",https://www.contipark.de/de/parken/berlin/parkhaus-wilma/,EUR
Germany,Berlin,CP16,Parkplatz Charité Campus Virchow Klinikum,Contipark,52.542889,13.339529,70,2.0,48.0,,"Föhrer Straße 14, 13353 Berlin",https://www.contipark.de/de/parken/berlin/parkplatz-charite-campus-virchow-klinikum/,EUR
Germany,Berlin,CP17,Parkplatz Forum Landsberger Allee,Contipark,52.529905,13.455798,43,1.5,11.0,,"Storkower Straße 156A, 10407 Berlin",https://www.contipark.de/de/parken/berlin/parkplatz-forum-landsberger-allee/,EUR
Germany,Berlin,CP18,Parkplatz Messe,Contipark,52.502526,13.267371,850,,,,"Jaffestraße, 14055 Berlin",https://www.contipark.de/de/parken/berlin/parkplatz-messe/,EUR
Germany,Berlin,CP19,Parkplatz Ostbahnhof P1,Contipark,52.509604,13.434169,113,2.5,11.0,,"Am Ostbahnhof, 10243 Berlin",https://www.contipark.de/de/parken/berlin/parkplatz-ostbahnhof-p1/,EUR
Germany,Berlin,CP20,Parkplatz Sport Club Siemensstadt,Contipark,52.545012,13.258334,104,2.0,12.0,,"Buolstraße 14, 13629 Berlin",https://www.contipark.de/de/parken/berlin/parkplatz-sport-club-siemensstadt/,EUR
Germany,Berlin,CP21,Parkplatz Südkreuz Ost P4 Kiss+Ride,Contipark,52.4753,13.36647,8,3.0,27.0,,"Erika-Gräfin-von-Brockdorff-Platz ., 12101 Berlin",https://www.contipark.de/de/parken/berlin/parkplatz-suedkreuz-ost-p4-kissride/,EUR
Germany,Berlin,CP22,Parkplatz Südkreuz Vorfahrt Ost P3,Contipark,52.475399,13.36634,19,3.0,27.0,True,"Erika-Gräfin-von-Brockdorff-Platz, 12101 Berlin",https://www.contipark.de/de/parken/berlin/parkplatz-suedkreuz-kissride-ost-p3/,EUR
Germany,Berlin,CP23,Parkplatz Südkreuz Vorfahrt West P5,Contipark,52.47562,13.36445,10,3.0,30.0,True,"Lotte-Laserstein-Straße, 10829 Berlin",https://www.contipark.de/de/parken/berlin/parkplatz-suedkreuz-vorfahrt-west-p5/,EUR
Germany,Berlin,CP24,Parkplatz Südkreuz West P2 Kiss+Ride,Contipark,52.475219,13.363993,31,3.0,30.0,,"Lotte-Laserstein-Straße, 10829 Berlin",https://www.contipark.de/de/parken/berlin/parkplatz-suedkreuz-west-p2-kissride/,EUR
Germany,Berlin,CP25,Tiefgarage Am KaDeWe,Contipark,52.500919,13.339737,257,5.0,30.0,,"Passauer Straße 33-37, 10789 Berlin",https://www.contipark.de/de/parken/berlin/tiefgarage-am-kadewe/,EUR
Germany,Berlin,CP26,Tiefgarage Center am Potsdamer Platz,Contipark,52.510274,13.37392,788,3.0,10.0,,"Bellevuestraße 3, 10785 Berlin",https://www.contipark.de/de/parken/berlin/tiefgarage-center-am-potsdamer-platz/,EUR
Germany,Berlin,CP27,Tiefgarage Friedrichstadt-Passagen Q 205,Contipark,52.513054,13.390762,487,4.0,32.0,,"Taubenstraße 14, 10117 Berlin",https://www.contipark.de/de/parken/berlin/tiefgarage-friedrichstadt-passagen-q-205/,EUR
Germany,Berlin,CP28,Tiefgarage Friedrichstadt-Passagen Q 206,Contipark,52.513054,13.390762,262,4.0,32.0,,"Taubenstraße 14, 10117 Berlin",https://www.contipark.de/de/parken/berlin/tiefgarage-friedrichstadt-passagen-q-206/,EUR
Germany,Berlin,CP29,Tiefgarage Hauptbahnhof P1,Contipark,52.524463,13.366747,814,3.3,27.0,True,"Clara-Jaschke-Straße 88, 10557 Berlin",https://www.contipark.de/de/parken/berlin/tiefgarage-hauptbahnhof-p1-berlin/,EUR
Germany,Berlin,CP30,Tiefgarage Kulturbrauerei,Contipark,52.538311,13.41359,247,1.5,15.0,True,"Sredzkistraße 1, 10435 Berlin",https://www.contipark.de/de/parken/berlin/tiefgarage-kulturbrauerei/,EUR
Germany,Berlin,CP31,Tiefgarage Leibniz Kolonnaden,Contipark,52.502822,13.313284,358,4.0,26.0,,"Leibnizstraße 49-53, 10629 Berlin",https://www.contipark.de/de/parken/berlin/tiefgarage-leibniz-kolonnaden/,EUR
Germany,Berlin,CP32,Tiefgarage Living Berlin,Contipark,52.506306,13.325652,158,3.2,22.0,,"Uhlandstraße 9-10, 10623 Berlin",https://www.contipark.de/de/parken/berlin/tiefgarage-living-berlin/,EUR
Germany,Berlin,CP33,Tiefgarage Los-Angeles-Platz,Contipark,52.502691,13.334141,230,4.5,30.0,True,"Rankestraße 27-29, 10789 Berlin",https://www.contipark.de/de/parken/berlin/tiefgarage-los-angeles-platz/,EUR
Germany,Berlin,CP34,Tiefgarage Ostbahnhof P2,Contipark,52.509304,13.433294,230,2.5,11.0,,"Stralauer Platz, 10243 Berlin",https://www.contipark.de/de/parken/berlin/tiefgarage-ostbahnhof-p2/,EUR
Germany,Berlin,CP35,Tiefgarage Plaza,Contipark,52.505672,13.441553,400,4.0,35.0,True,"Mildred-Harnack-Straße 11-13, 10243 Berlin",https://www.contipark.de/de/parken/berlin/tiefgarage-plaza/,EUR
Germany,Berlin,CP36,Tiefgarage Zehlendorfer Welle,Contipark,52.437687,13.261979,351,,14.0,,"Clayallee 328-334, 14169 Berlin",https://www.contipark.de/de/parken/berlin/tiefgarage-zehlendorfer-welle/,EUR
Germany,Berlin,AP33,Sony Center,APCOA,52.509874,13.3721539,823,2.5,20.0,,"Potsdamer Straße 6, 10785 Berlin",https://www.parkinglist.de/parkplatz/Berlin/Parkhaus-Sony-Center-Berlin-213,EUR
Germany,Berlin,IR01,Beisheim Center,IMMAGO-RENT,52.5109255,13.3751457,120,5.0,38.0,,"Auguste-Hauschner-Straße 1, 10785 Berlin",https://www.parkinglist.de/parkplatz/Berlin/tiefgarage-beisheim-center-berlin-10475,EUR
Germany,Berlin,MB01,LP12 Mall of Berlin,Mall of Berlin,52.510563,13.3809599,,,,,"Leipziger Platz 12, 10117 Berlin",https://www.mallofberlin.de/en/center-info/by-car,EUR
Germany,Berlin,DO01,Deutsche Oper,Deutsche Oper Berlin,52.5135714,13.3100178,270,,,,"Zillestraße 51, 10585 Berlin",https://www.parkinglist.de/parkplatz/Berlin/parkhaus-deutsche-oper-berlin-9213,EUR
Germany,Berlin,WB01,Rathauspassagen,WBM,52.5189792,13.4107475,600,2.0,20.0,,"Grunerstraße 7, 10179 Berlin",https://www.der-alexanderplatz.de/parkhaus-rathauspassagen/,EUR
Germany,Berlin,VT01,Parkhaus am Zoo,Vitec,52.5055492,13.3300244,515,3.0,25.0,True,"Kantstraße 8-10, 10623 Berlin",https://www.vitec-berlin.de/de/parkhaus-am-zoo/,EUR
Germany,Berlin,GA01,Karstadt Kurfürstendamm,GALERIA,52.5032345,13.3342322,400,2.5,25.0,,"Rankestraße 4, 10789 Berlin",https://www.parkinglist.de/parkplatz/Berlin/Parkhaus-Karstadt-Ku-Damm-Berlin-699,EUR
Germany,Berlin,NH01,NH Berlin-Mitte,NH Hotels,52.5104287,13.3890735,80,4.0,22.0,,"Leipziger Straße 106-111, 10117 Berlin",https://www.parkinglist.de/parkplatz/Berlin/Parkhaus-NH-Berlin-Mitte-Berlin-1956,EUR
Germany,Frankfurt,QP01,Opernplatz,Q-Park,50.1159085,8.6745025,310,3.0,35.0,True,"Hochstraße 42, 60313 Frankfurt am Main",https://www.q-park.de/de-de/staedte/frankfurt/opernplatz/,EUR
Germany,Frankfurt,QP02,WestendGate,Q-Park,50.1147495,8.650828,610,4.5,45.0,True,"Hamburger Allee 4, 60486 Frankfurt am Main",https://www.q-park.de/de-de/staedte/frankfurt/westendgate/,EUR
Germany,Frankfurt,QP03,Am Hauptbahnhof,Q-Park,50.1047733,8.6621029,349,3.5,35.0,,"Mannheimer Strasse 35, 60329 Frankfurt am Main",https://www.q-park.de/de-de/staedte/frankfurt/am-hauptbahnhof/,EUR
Germany,Frankfurt,QP04,Alea (Park One),Q-Park,50.1019704,8.6301812,188,3.0,16.0,,"Sodener Str. 4-6, 60326 Frankfurt am Main",https://www.q-park.de/de-de/staedte/frankfurt/alea/,EUR
Germany,Frankfurt,QP05,Arabella Center Niederrad,Q-Park,50.0771468,8.6284926,525,3.0,30.0,,"Lyoner Strasse 48, 60528 Frankfurt am Main",https://www.q-park.de/de-de/staedte/frankfurt/arabella-center-niederrad/,EUR
Germany,Frankfurt,QP06,Colosseo (Park One),Q-Park,50.1055364,8.695908,109,3.0,12.0,True,"Walter-von-Cronberg-Platz 2-18, 60594 Frankfurt am Main",https://www.q-park.de/de-de/staedte/frankfurt/colosseo/,EUR
Germany,Frankfurt,QP07,NordWestZentrum,Q-Park,50.157252,8.6317571,3000,1.0,,,"Erich-Ollenhauer-Ring, 60439 Frankfurt am Main",https://www.q-park.de/de-de/staedte/frankfurt/nordwestzentrum/,EUR
Germany,Frankfurt,AP01,Hotel Intercontinental,APCOA,50.1045152,8.6690152,249,5.0,45.0,True,"Wilhelm-Leuschner-Str. 43, 60329 Frankfurt am Main",https://www.apcoa.de/einmal-parken/standorte/frankfurt/hotel-intercontinental,EUR
Germany,Frankfurt,AP02,Congresscenter Messe Frankfurt (Maritim Hotel),APCOA,50.1133478,8.6506793,466,5.0,45.0,,"Theodor-Heuss-Allee 3-5, 60325 Frankfurt am Main",https://www.apcoa.de/einmal-parken/standorte/frankfurt/congresscenter-messe-frankfurt-maritim-hotel,EUR
Germany,Frankfurt,AP03,Mainzer Landstraße,APCOA,50.1020824,8.6411787,460,1.7,19.0,,"Kleyerstrasse 20, 60326 Frankfurt am Main",https://www.apcoa.de/einmal-parken/standorte/frankfurt/mainzer-landstrasse,EUR
Germany,Frankfurt,AP04,Opernturm,APCOA,50.1162666,8.6704007,580,3.5,30.0,True,"Bockenheimer Anlage 47, 60322 Frankfurt am Main",https://www.apcoa.de/einmal-parken/standorte/frankfurt/opernturm,EUR
Germany,Frankfurt,AP05,Messeturm,APCOA,50.1123776,8.6527179,889,5.0,45.0,True,"Friedrich-Ebert-Anlage 49, 60308 Frankfurt am Main",https://www.apcoa.de/einmal-parken/standorte/frankfurt/messeturm,EUR
Germany,Frankfurt,AP06,MyZeil / PalaisQuartier,APCOA,50.1147056,8.6810642,1390,2.0,20.0,True,"Große Eschenheimer Str. 10-14, 60313 Frankfurt am Main",https://www.apcoa.de/einmal-parken/standorte/frankfurt/myzeil/palaisquartier,EUR
Germany,Frankfurt,AP07,Aculeum,APCOA,50.0827508,8.6350225,852,2.3,35.0,True,"Hahnstr. 43, 60528 Frankfurt am Main",https://www.apcoa.de/einmal-parken/standorte/frankfurt/aculeum,EUR
Germany,Frankfurt,AP08,Main Airport Center,APCOA,50.0584079,8.587012,1513,3.0,30.0,,"Unterschweinstiege 2-14, 60549 Frankfurt am Main",https://www.apcoa.de/einmal-parken/standorte/frankfurt/main-airport-center,EUR
Germany,Frankfurt,AP09,City Parkhaus Ost,APCOA,50.1182561,8.7023808,523,2.0,25.0,,"Waldschmidtstr. 41-47, 60316 Frankfurt am Main",https://www.apcoa.de/einmal-parken/standorte/frankfurt/city-parkhaus-ost,EUR
Germany,Frankfurt,AP10,Universitätsklinikum Sandhofstraße,APCOA,50.0921782,8.6582724,905,1.5,10.0,,"Sandhofstraße, 60528 Frankfurt am Main",https://www.apcoa.de/einmal-parken/standorte/frankfurt/universitaetsklinikum-sandhofstrasse,EUR
Germany,Frankfurt,CP01,Parkhaus Turmcenter,Contipark,50.1201015,8.6792665,402,4.0,30.0,,"Querstraße 7-9, 60322 Frankfurt am Main",https://www.contipark.de/de/parken/frankfurt-am-main/parkhaus-turmcenter/,EUR
Germany,Frankfurt,CP02,Parkplatz Bahnhof P1,Contipark,50.119361,8.6399214,90,2.2,7.0,,"Kasseler Straße, 60486 Frankfurt am Main",https://www.contipark.de/de/parken/frankfurt-am-main/parkplatz-bahnhof-p1-frankfurt/,EUR
Germany,Frankfurt,CP03,Parkplatz Höchst Bahnhof Dalbergstraße P1,Contipark,50.1018821,8.5433625,32,4.0,9.0,,"Dalbergstraße 10-8, 65929 Frankfurt am Main",https://www.contipark.de/de/parken/frankfurt-am-main/parkplatz-hoechst-bahnhof-dalbergstrasse-p1/,EUR
Germany,Frankfurt,CP04,Tiefgarage Hauptbahnhof Süd / Karlsruher Straße P6,Contipark,50.105276,8.6631266,81,4.0,35.0,True,"Karlsruher Straße, 60329 Frankfurt am Main",https://www.contipark.de/de/parken/frankfurt-am-main/tiefgarage-hauptbahnhof-sued-karlsruher-strasse-p6/,EUR
Germany,Frankfurt,CP05,Tiefgarage Hauptbahnhof/Nord P1,Contipark,50.107639,8.6618648,365,4.0,35.0,,"Poststraße 3, 60329 Frankfurt am Main",https://www.contipark.de/de/parken/frankfurt-am-main/tiefgarage-hauptbahnhof-nord-p1/,EUR
Germany,Frankfurt,PB01,Hauptwache,PBG (Frankfurter Parkhäuser),50.1121552,8.6796809,303,2.5,38.0,True,"Kornmarkt 10, 60311 Frankfurt am Main",https://www.parkhausfrankfurt.de/parkhaeuser/hauptwache/,EUR
Germany,Frankfurt,PB02,Konstabler,PBG (Frankfurter Parkhäuser),50.1137327,8.6847487,809,2.0,32.0,True,"Töngesgasse 8, 60311 Frankfurt am Main",https://www.parkhausfrankfurt.de/parkhaeuser/konstabler/,EUR
Germany,Frankfurt,PB03,Alte Oper,PBG (Frankfurter Parkhäuser),50.1160471,8.6719866,402,2.5,37.0,True,"Opernplatz 1, 60313 Frankfurt am Main",https://www.parkhausfrankfurt.de/parkhaeuser/alte-oper/,EUR
Germany,Frankfurt,PB04,Dom-Römer,PBG (Frankfurter Parkhäuser),50.1112877,8.6845293,611,2.0,32.0,True,"Domstraße 1, 60311 Frankfurt am Main",https://www.parkhausfrankfurt.de/parkhaeuser/dom-roemer/,EUR
Germany,Frankfurt,PB05,Börse,PBG (Frankfurter Parkhäuser),50.1157277,8.6758143,805,2.5,38.0,True,"Meisengasse, 60313 Frankfurt am Main",https://www.parkhausfrankfurt.de/parkhaeuser/boerse/,EUR
Germany,Frankfurt,PB06,Westend,PBG (Frankfurter Parkhäuser),50.1143184,8.6592285,614,2.5,38.0,,"Savignystraße 1, 60325 Frankfurt am Main",https://www.parkhausfrankfurt.de/parkhaeuser/westend/,EUR
Germany,Frankfurt,PB07,Hauptbahnhof Süd,PBG (Frankfurter Parkhäuser),50.1034568,8.6619054,358,2.0,32.0,,"Gutleutstr. 112-116, 60327 Frankfurt am Main",https://www.parkhausfrankfurt.de/parkhaeuser/hauptbahnhof-sued/,EUR
Germany,Frankfurt,PB08,Palmengarten,PBG (Frankfurter Parkhäuser),50.122778,8.6581359,259,1.0,20.0,True,"Siesmayerstraße 61, 60323 Frankfurt am Main",https://www.parkhausfrankfurt.de/parkhaeuser/palmengarten/,EUR
Germany,Hamburg,QP01,HolidayParking P11,Q-Park,53.6225737,10.0062561,1178,3.0,25.0,,"Weg beim Jäger 206, 22335 Hamburg",https://www.q-park.de/de-de/staedte/hamburg/holidayparking-p11/,EUR
Germany,Hamburg,QP02,City-Parkhaus,Q-Park,53.5542938,10.0020454,1507,2.0,29.0,True,"Raboisen, 20095 Hamburg",https://www.q-park.de/de-de/staedte/hamburg/city-parkhaus/,EUR
Germany,Hamburg,QP03,Am Strandkai,Q-Park,53.5397093,9.9918705,259,2.5,18.0,,"Am Strandkai 8, 20457 Hamburg",https://www.q-park.de/de-de/staedte/hamburg/am-strandkai/,EUR
Germany,Hamburg,AP01,Hanseviertel,APCOA,53.5538383,9.9879268,440,4.5,50.0,True,"Hohe Bleichen 22, 20354 Hamburg",https://www.apcoa.de/en/park-once/locations/hamburg/hanseviertel,EUR
Germany,Hamburg,AP02,Elbphilharmonie,APCOA,53.5412917,9.9842058,297,5.5,50.0,True,"Platz der Deutschen Einheit 1, 20457 Hamburg",https://www.apcoa.de/en/park-once/locations/hamburg/elbphilharmonie,EUR
Germany,Hamburg,AP03,Neue Flora,APCOA,53.5648148,9.9505136,200,3.5,30.0,,"Alsenstraße 2a, 22769 Hamburg",https://www.apcoa.de/en/park-once/locations/hamburg/neue-flora,EUR
Germany,Hamburg,AP04,Universitätsklinikum Eppendorf,APCOA,53.5938198,9.976789,915,3.0,30.0,True,"Martinistraße 52, 20251 Hamburg",https://www.apcoa.de/en/park-once/locations/hamburg/universitaetsklinikum-eppendorf,EUR
Germany,Hamburg,AP05,Stadthöfe (Bleichenhof),APCOA,53.5518965,9.9870066,798,,,True,"Große Bleichen 35, 20354 Hamburg",https://www.apcoa.de/en/park-once/locations/hamburg/stadthoefe-bleichenhof,EUR
Germany,Hamburg,AP06,Berliner Tor,APCOA,53.5568811,10.0209394,328,3.5,30.0,,"Berliner Tor 3a, 20099 Hamburg",https://www.apcoa.de/en/park-once/locations/hamburg/berliner-tor,EUR
Germany,Hamburg,AP07,Harburg Arcaden,APCOA,53.4601049,9.9815366,314,1.5,10.0,True,"Lüneburger Straße 39, 21073 Hamburg",https://www.apcoa.de/en/park-once/locations/hamburg/harburg-arcaden,EUR
Germany,Hamburg,AP08,Gänsemarkt (Messe - Ost),APCOA,53.5575351,9.987517,693,4.5,50.0,True,"Dammtorwall 5/7, 20354 Hamburg",https://www.apcoa.de/en/park-once/locations/hamburg/gaensemarkt-messe-ost,EUR
Germany,Hamburg,AP09,Altona Bahnhof,APCOA,53.5525236,9.934374,496,2.0,10.0,,"Scheel-Plessen-Straße 19, 22765 Hamburg",https://www.apcoa.de/en/park-once/locations/hamburg/altona-bahnhof,EUR
Germany,Hamburg,AP10,Blankenese P1,APCOA,53.5642816,9.8134105,51,3.59,35.0,True,"Sülldorfer Kirchenweg 2a, 22587 Hamburg",https://www.apcoa.de/en/park-once/locations/hamburg/blankenese-p1,EUR
Germany,Hamburg,AP11,Mundsburg,APCOA,53.5761629,10.0228886,298,1.2,9.0,True,"Humboldtstraße 3-11, 22083 Hamburg",https://www.apcoa.de/en/park-once/locations/hamburg/mundsburg,EUR
Germany,Hamburg,AP12,Klosterwall,APCOA,53.5497015,10.0048015,250,3.5,35.99,True,"Johanniswall 2-8, 20095 Hamburg",https://www.apcoa.de/en/park-once/locations/hamburg/klosterwall,EUR
Germany,Hamburg,AP13,EKZ Nedderfeld,APCOA,53.6010674,9.9743832,526,1.5,12.0,,"Nedderfeld 70, 22528 Hamburg",https://www.apcoa.de/en/park-once/locations/hamburg/ekz-nedderfeld,EUR
Germany,Hamburg,AP14,Cruise Center Steinwerder,APCOA,53.5294471,9.9612949,1521,4.0,40.0,,"Buchheisterstraße 16, 20457 Hamburg",https://www.apcoa.de/en/park-once/locations/hamburg/cruise-center-steinwerder,EUR
Germany,Hamburg,AP15,Hotel Marriott,APCOA,53.5547036,9.987306,129,4.5,40.0,True,"ABC-Straße 52, 20354 Hamburg",https://www.apcoa.de/en/park-once/locations/hamburg/hotel-marriott,EUR
Germany,Hamburg,CP01,Parkdeck Hamburger Meile,Contipark,53.577459,10.031354,159,1.5,9.0,True,"Desenißstraße 4, 22083 Hamburg",https://www.contipark.de/de/parken/hamburg/parkdeck-hamburger-meile-parking-deck/,EUR
Germany,Hamburg,CP02,Parkhaus Hahnenkamp,Contipark,53.5533255,9.9332143,77,1.4,10.0,,"Hahnenkamp 3, 22765 Hamburg",https://www.contipark.de/de/parken/hamburg/parkhaus-hahnenkamp/,EUR
Germany,Hamburg,CP03,Parkhaus Hauptbahnhof Centrum P1,Contipark,53.5497116,10.00832,427,3.0,20.0,,"Hühnerposten 1-2, 20097 Hamburg",https://www.contipark.de/de/parken/hamburg/parkhaus-hauptbahnhof-centrum-p1/,EUR
Germany,Hamburg,CP04,Parkhaus Krummholzberg,Contipark,53.4573341,9.9825883,312,1.5,6.5,,"Krummholzberg 10, 21073 Hamburg",https://www.contipark.de/de/parken/hamburg/parkhaus-krummholzberg/,EUR
Germany,Hamburg,CP05,Parkhaus Mercado Altona Bahnhof,Contipark,53.5533255,9.9332143,400,1.4,10.0,True,"Hahnenkamp 3, 22765 Hamburg",https://www.contipark.de/de/parken/hamburg/parkhaus-mercado-altona-bahnhof/,EUR
Germany,Hamburg,CP06,Parkhaus Speicherstadt,Contipark,53.5436454,9.994848,814,3.0,28.0,True,"Am Sandtorkai 6, 20457 Hamburg",https://www.contipark.de/de/parken/hamburg/parkhaus-speicherstadt/,EUR
Germany,Hamburg,CP07,Parkhaus W1 - Wandsbek,Contipark,53.5719039,10.0611715,316,2.0,7.0,True,"Brauhausstieg, 22041 Hamburg",https://www.contipark.de/de/parken/hamburg/parkhaus-w1-wandsbek/,EUR
Germany,Hamburg,CP08,Parkhaus Wandsbek Quarree P2,Contipark,53.5735933,10.0652704,535,2.0,7.0,,"Quarree, 22041 Hamburg",https://www.contipark.de/de/parken/hamburg/parkhaus-wandsbek-quarree-p2/,EUR
Germany,Hamburg,CP09,Parkhaus Buxtehuder Straße,Contipark,53.4621322,9.9834837,762,1.8,9.0,,"Küchgarten 21, 21073 Hamburg",https://www.contipark.de/de/parken/hamburg/parkhaus-buxtehuder-strasse/,EUR
Germany,Hamburg,CP10,Parkdeck City Rahlstedt,Contipark,53.6043778,10.1560559,65,1.5,14.0,,"Boizenburger Weg, 22143 Hamburg",https://www.contipark.de/de/parken/hamburg/parkdeck-city-rahlstedt/,EUR
Germany,Hamburg,SH01,Parkhaus Hauptbahnhof,Sprinkenhof,53.5548907,10.009428,547,5.0,33.0,True,"Borgesch 1, 20099 Hamburg",https://www.sprinkenhof.de/asset-management/parkhaeuser/parkhaus-hauptbahnhof,EUR
Germany,Hamburg,SH02,Parkhaus Kunsthalle,Sprinkenhof,53.5560469,10.0016223,111,4.0,30.0,True,"Ferdinandstor 1, 20095 Hamburg",https://www.sprinkenhof.de/asset-management/parkhaeuser/parkhaus-kunsthalle,EUR
Germany,Hamburg,SH03,Parkhaus Große Reichenstraße,Sprinkenhof,53.5479734,9.9959334,965,5.0,30.0,,"Große Reichenstr. 14, 20457 Hamburg",https://www.sprinkenhof.de/asset-management/parkhaeuser/parkhaus-grosse-reichenstrasse,EUR
Germany,Hamburg,SH04,Parkhaus Michel-Garage,Sprinkenhof,53.5462173,9.9779968,297,5.0,30.0,,"Schaarmarkt 1, 20459 Hamburg",https://www.sprinkenhof.de/asset-management/parkhaeuser/parkhaus-michel-garage,EUR
Germany,Hamburg,SH05,Parkhaus Rödingsmarkt,Sprinkenhof,53.5469511,9.9849696,872,4.0,30.0,,"Rödingsmarkt 14, 20459 Hamburg",https://www.sprinkenhof.de/asset-management/parkhaeuser/parkhaus-roedingsmarkt,EUR
Germany,Hamburg,SH06,Parkhaus Rahlstedt,Sprinkenhof,53.6042063,10.1572005,445,3.0,15.0,True,"Mecklenburgerstraße 5, 22143 Hamburg",https://www.sprinkenhof.de/asset-management/parkhaeuser/parkhaus-rahlstedt,EUR
Germany,Hamburg,SH07,Tiefgarage Hafentor,Sprinkenhof,53.5442465,9.9772806,252,5.0,30.0,,"Vorsetzen 68, 20459 Hamburg",https://www.sprinkenhof.de/asset-management/parkhaeuser/tiefgarage-hafentor,EUR
Germany,Hamburg,SH08,Von-Melle-Park,Sprinkenhof,53.564697,9.9864183,321,,,,"Schlüterstraße 5/Ecke Von-Melle-Park, 20146 Hamburg",https://www.sprinkenhof.de/asset-management/parkhaeuser/von-melle-park,EUR
Germany,Hamburg,SH09,Parkhaus VIVO,Sprinkenhof,53.5582333,9.9286377,354,2.0,10.0,,"Bahrenfelder Straße 260/Ecke Gaußstraße, 22765 Hamburg",https://www.sprinkenhof.de/asset-management/parkhaeuser/vivo,EUR
Germany,Hamburg,SH10,Parkplatz Cruise Center,Sprinkenhof,53.5434555,9.9421932,312,1.0,12.0,,"Van-der-Smissen-Straße 1–4, 5, 22767 Hamburg",https://www.sprinkenhof.de/asset-management/parkhaeuser/parkplatz-cruise-center,EUR
Germany,Hannover,QP01,Galerie Luise,Q-Park,52.3749995,9.7426817,613,2.5,15.0,,"Joachimstraße 3, 30159 Hannover",https://www.q-park.de/de-de/staedte/hannover/galerie-luise/,EUR
Germany,Hannover,AP01,Henriettenstift,APCOA,52.3624518,9.828395,92,2.67,8.0,,"Schwemannstr. 13, 30559 Hannover",https://www.apcoa.de/einmal-parken/standorte/hannover/henriettenstift,EUR
Germany,Hannover,AP02,Podbi Park,APCOA,52.3907453,9.7513395,613,2.19,30.99,True,"Lister Straße 15-17, 30163 Hannover",https://www.apcoa.de/einmal-parken/standorte/hannover/podbi-park,EUR
Germany,Hannover,CP01,Parkhaus Markthalle,Contipark,52.3709167,9.7378136,392,3.3,20.0,,"Röselerstraße 7, 30159 Hannover",https://www.contipark.de/de/parken/hannover/parkhaus-markthalle/,EUR
Germany,Hannover,CP02,Parkhaus Rundestraße Kaufland,Contipark,52.3794104,9.7390181,514,2.0,8.0,,"Rundestraße 8, 30161 Hannover",https://www.contipark.de/de/parken/hannover/parkhaus-rundestrasse/,EUR
Germany,Hannover,CP03,Parkplatz Rundestraße Kaufland,Contipark,52.3796252,9.7401261,96,3.0,27.0,,"Rundestraße 5, 30161 Hannover",https://www.contipark.de/de/parken/hannover/parkplatz-rundestrasse/,EUR
Germany,Hannover,CP04,Tiefgarage Rundestraße Kaufland,Contipark,52.3796252,9.7401261,385,2.0,8.0,,"Rundestraße 4A, 30161 Hannover",https://www.contipark.de/de/parken/hannover/tiefgarage-rundestrasse/,EUR
Germany,Hannover,DB01,Parkplatz Ernst-August-Platz P1,DB BahnPark,52.3765338,9.7429758,12,6.0,22.0,,"Fernroder Straße, 30159 Hannover",https://www.contipark.de/de/parken/hannover/parkplatz-ernst-august-platz-p1/,EUR
Germany,Hannover,DB02,Parkplatz Ernst-August-Platz P2,DB BahnPark,52.3770191,9.7379195,11,6.0,22.0,,"Kurt-Schumacher-Straße, 30159 Hannover",https://www.contipark.de/de/parken/hannover/parkplatz-ernst-august-platz-p2/,EUR
Germany,Hannover,DB03,Parkplatz Hauptbahnhof Fernroder Straße P3,DB BahnPark,52.3765338,9.7429758,6,4.0,12.0,,"Fernroder Straße, 30159 Hannover",https://www.contipark.de/de/parken/hannover/parkplatz-hauptbahnhof-fernroder-strasse-p3/,EUR
Germany,Hannover,DB04,Parkplatz Hauptbahnhof Augustenstraße P6,DB BahnPark,52.3761481,9.7454201,125,3.0,18.0,,"Augustenstraße, 30161 Hannover",https://www.contipark.de/de/parken/hannover/parkplatz-hauptbahnhof-augustenstrasse-p6/,EUR
Germany,Hannover,DB05,Tiefgarage Hauptbahnhof Augustenstraße P7,DB BahnPark,52.3763588,9.7458423,144,3.0,12.0,,"Augustenstraße 13, 30161 Hannover",https://www.contipark.de/de/parken/hannover/tiefgarage-hauptbahnhof-augustenstrasse-p7/,EUR
Germany,Köln,QP01,Barthonia Forum,Q-Park,50.9464643,6.9243435,1063,2.0,29.0,,"Venloer Straße 231, 50823 Köln",https://www.q-park.de/de-de/staedte/köln/barthonia-forum/,EUR
Germany,Köln,QP02,Börsenplatz,Q-Park,50.9432479,6.9509796,129,2.5,18.0,,"Am Börsenplatz, 50668 Köln",https://www.q-park.de/de-de/staedte/köln/börsenplatz/,EUR
Germany,Köln,QP03,ID Cologne,Q-Park,50.9697986,7.012028,899,2.0,16.0,,"Peter-Huppertz-Straße 2, 51063 Köln",https://www.q-park.de/de-de/staedte/köln/id-cologne/,EUR
Germany,Köln,QP04,OVUM,Q-Park,50.9414607,6.8883068,270,2.0,20.0,,"Stolberger Straße 343, 50933 Köln",https://www.q-park.de/de-de/staedte/köln/ovum/,EUR
Germany,Köln,QP05,Quincy/Breite Straße,Q-Park,50.9392231,6.9500552,648,2.5,9.0,True,"Neven-DuMont-Straße 1, 50667 Köln",https://www.q-park.de/de-de/staedte/köln/du-mont-carré/,EUR
Germany,Köln,QP06,Stadtmitte,Q-Park,50.9347912,6.9516632,331,3.0,15.0,,"Cäcilienstraße 29, 50667 Köln",https://www.q-park.de/de-de/staedte/köln/stadtmitte/,EUR
Germany,Köln,AP01,Mediapark - PZ,APCOA,50.9485841,6.9450939,481,2.5,25.0,,"Im Mediapark 5, 50670 Köln",https://www.apcoa.de/einmal-parken/standorte/koeln/mediapark-pz,EUR
Germany,Köln,AP02,Am Gürzenich,APCOA,50.9369458,6.9571468,315,2.0,27.99,,"Quatermarkt 5, 50667 Köln",https://www.apcoa.de/einmal-parken/standorte/koeln/am-guerzenich,EUR
Germany,Köln,AP03,Mediapark - Cinedom P1+2,APCOA,50.9476484,6.9453727,350,2.5,25.0,,"Im Mediapark 1, 50670 Köln",https://www.apcoa.de/einmal-parken/standorte/koeln/mediapark-cinedom-p1-2,EUR
Germany,Köln,AP04,MediaPark - Maiburg,APCOA,50.9485841,6.9450939,183,2.0,18.0,,"Im Mediapark 5, 50670 Köln",https://www.apcoa.de/einmal-parken/standorte/koeln/mediapark-maiburg,EUR
Germany,Köln,AP05,MediaPark - MEAG - P6,APCOA,50.9488988,6.9443035,134,2.5,25.0,,"Im Mediapark 6, 50670 Köln",https://www.apcoa.de/einmal-parken/standorte/koeln/mediapark-meag-p6,EUR
Germany,Köln,AP06,Rheinauhafen,APCOA,50.9251587,6.9659901,1380,3.0,40.0,,"Harry-Blum-Platz 2, 50678 Köln",https://www.apcoa.de/einmal-parken/standorte/koeln/rheinauhafen,EUR
Germany,Köln,AP07,City Center Porz,APCOA,50.884855,7.0587119,378,1.8,15.0,True,"Hermannstr. 2, 51143 Köln",https://www.apcoa.de/einmal-parken/standorte/koeln/city-center-porz,EUR
Germany,Köln,AP08,Klapperhof,APCOA,50.941785,6.9437284,459,2.0,27.99,True,"Im Klapperhof 13, 50670 Köln",https://www.apcoa.de/einmal-parken/standorte/koeln/klapperhof,EUR
Germany,Köln,AP09,Neue Mitte Porz,APCOA,50.8846611,7.0572436,202,2.0,15.0,,"Friedrich-Ebert-Platz 16, 51143 Köln",https://www.apcoa.de/einmal-parken/standorte/koeln/neue-mitte-porz,EUR
Germany,Köln,CP01,Am Friesenplatz Alte Wallgasse,Contipark,50.939842,6.9420988,263,4.5,32.0,True,"Alte Wallgasse 31, 50672 Köln",https://www.contipark.de/de/parken/koeln/parkhaus-am-friesenplatz-alte-wallgasse/,EUR
Germany,Köln,CP02,Am Zoo,Contipark,50.9580158,6.9758336,392,,18.0,,"Riehlerstraße 190, 50735 Köln",https://www.contipark.de/de/parken/koeln/parkhaus-am-zoo/,EUR
Germany,Köln,CP03,Galerie Wiener Platz,Contipark,50.963609,7.0064471,444,,10.0,,"Genovevastraße 11-15, 51065 Köln",https://www.contipark.de/de/parken/koeln/parkhaus-galerie-wiener-platz/,EUR
Germany,Köln,CP04,Hauptbahnhof Altstadt-Nord P7,Contipark,50.9442492,6.9616211,606,2.8,23.0,,"Am Alten Ufer 35, 50668 Köln",https://www.contipark.de/de/parken/koeln/parkhaus-hauptbahnhof-altstadt-nord-p7/,EUR
Germany,Köln,CP05,Lungengasse,Contipark,50.9351078,6.9460788,250,4.0,30.0,True,"Lungengasse 37, 50676 Köln",https://www.contipark.de/de/parken/koeln/parkhaus-lungengasse/,EUR
Germany,Köln,CP06,Opern Passagen,Contipark,50.9387786,6.9520893,550,3.2,28.0,,"Schwertnergasse 1, 50667 Köln",https://www.contipark.de/de/parken/koeln/parkhaus-opern-passagen/,EUR
Germany,Köln,CP07,Am Alten Ufer P6 (DB BahnPark),Contipark,50.9432508,6.9617552,105,6.0,22.0,,"Am Alten Ufer, 50667 Köln",https://www.contipark.de/de/parken/koeln/parkplatz-am-alten-ufer-p6/,EUR
Germany,Köln,CP08,Bahnhof Köln-Mülheim P1 links,Contipark,50.9576055,7.01239,22,2.4,6.0,,"Montanusstraße 2, 51066 Köln",https://www.contipark.de/de/parken/koeln/parkplatz-bahnhof-p1-links-koeln/,EUR
Germany,Köln,CP09,Bahnhof Köln-Mülheim P2 rechts,Contipark,50.9600463,7.0133489,12,2.4,6.0,,"Montanusstraße, 51065 Köln",https://www.contipark.de/de/parken/koeln/parkplatz-bahnhof-p2-rechts-koeln/,EUR
Germany,Köln,CP10,Hauptbahnhof Domplatte P3,Contipark,50.9412091,6.9568142,9,7.0,,,"Domprobst-Ketzer-Straße 7, 50668 Köln",https://www.contipark.de/de/parken/koeln/parkplatz-domplatte-p3/,EUR
Germany,Köln,CP11,Hauptbahnhof Maximinenstraße P2,Contipark,50.9454938,6.9569149,56,6.0,20.0,,"Maximinenstraße, 50668 Köln",https://www.contipark.de/de/parken/koeln/parkplatz-maximinenstrasse-p2/,EUR
Germany,Köln,CP12,Hauptbahnhof Trankgasse P5,Contipark,50.9419601,6.962374,21,6.0,20.0,,"Trankgasse, 50668 Köln",https://www.contipark.de/de/parken/koeln/parkplatz-trankgasse-p5/,EUR
Germany,Köln,CP13,Am Dom,Contipark,50.9401052,6.9597462,520,,24.0,,"Kurt-Hackenberg-Platz 2, 50667 Köln",https://www.contipark.de/de/parken/koeln/tiefgarage-am-dom/,EUR
Germany,Köln,CP14,Am Willy-Millowitsch-Platz,Contipark,50.9389144,6.9500874,46,3.5,28.0,,"Breite Str. 169-177, 50667 Köln",https://www.contipark.de/de/parken/koeln/tiefgarage-am-willy-millowitsch-platz/,EUR
Germany,Köln,CP15,Groß Sankt Martin,Contipark,50.9398049,6.9601423,213,,24.0,,"Große Neugasse, 50667 Köln",https://www.contipark.de/de/parken/koeln/tiefgarage-gross-sankt-martin/,EUR
Germany,Köln,CP16,Hauptbahnhof,Contipark,50.9432508,6.9617552,395,,24.0,,"Am Alten Ufer, 50667 Köln",https://www.contipark.de/de/parken/koeln/tiefgarage-hauptbahnhof-koeln/,EUR
Germany,Köln,CP17,Heumarkt,Contipark,50.9367733,6.9617609,429,5.0,32.0,True,"Markmannsgasse 3, 50667 Köln",https://www.contipark.de/de/parken/koeln/tiefgarage-heumarkt/,EUR
Germany,Köln,CP18,Kaiser-Wilhelm-Ring,Contipark,50.9438233,6.941205,600,,21.0,,"Kaiser-Wilhelm-Ring, 50672 Köln",https://www.contipark.de/de/parken/koeln/tiefgarage-kaiser-wilhelm-ring/,EUR
Germany,Köln,CP19,Kalk,Contipark,50.9393875,7.0084402,161,,18.0,,"Kalker Hauptstraße 247, 51103 Köln",https://www.contipark.de/de/parken/koeln/tiefgarage-kalk/,EUR
Germany,Köln,CP20,MesseCity,Contipark,50.9428646,6.974446,617,4.2,32.0,,"Deutzer Allee 1, 50679 Köln",https://www.contipark.de/de/parken/koeln/tiefgarage-messecity/,EUR
Germany,Köln,CP21,Mülheim,Contipark,50.9598756,7.0050228,166,,18.0,,"Jan-Wellem-Straße 2, 51065 Köln",https://www.contipark.de/de/parken/koeln/tiefgarage-muelheim/,EUR
Germany,Köln,CP22,Neptunplatz,Contipark,50.9475275,6.9197817,113,,18.0,,"Neptunstraße, 50823 Köln",https://www.contipark.de/de/parken/koeln/tiefgarage-neptunplatz/,EUR
Germany,Köln,CP23,Philharmonie,Contipark,50.9403861,6.9607656,372,,24.0,,"Bischofsgartenstraße, 50667 Köln",https://www.contipark.de/de/parken/koeln/tiefgarage-philharmonie-koeln/,EUR
Germany,Köln,CP24,Schildergasse,Contipark,50.9358428,6.9511482,362,4.5,33.0,True,"Cäcilienstraße 32, 50667 Köln",https://www.contipark.de/de/parken/koeln/tiefgarage-schildergasse/,EUR
Germany,Köln,KP01,Tiefgarage An Farina,Kalscheuer Parkhausbetriebe,50.9379826,6.9580225,304,2.5,30.0,True,"Unter Goldschmied 5, 50667 Köln",https://www.parkhaus.org/index.php/parkhaeuser-naehe-dom/tiefgarage-an-farina-koeln.html,EUR
Germany,Köln,KP02,Parkplatz Agrippabad,Kalscheuer Parkhausbetriebe,50.9326514,6.9518992,120,4.5,35.0,,"Kämmergasse 1, 50676 Köln",https://www.parkhaus.org/index.php/parkhaeuser-naehe-neumarkt/parkplatz-agrippabad.html,EUR
Germany,Köln,KP03,Parkhaus Am Neumarkt,Kalscheuer Parkhausbetriebe,50.9349136,6.9473113,333,3.0,30.0,,"Lungengasse 33, 50676 Köln",https://www.parkhaus.org/index.php/parkhaeuser-naehe-neumarkt/parkhaus-am-neumarkt.html,EUR
Germany,Köln,KP04,Parkhaus Brückenstraße,Kalscheuer Parkhausbetriebe,50.9372085,6.9547134,756,3.0,30.0,,"Ludwigstr. 1, 50667 Köln",https://www.parkhaus.org/index.php/parkhaeuser-naehe-neumarkt/parkhaus-brueckenstrasse.html,EUR
Germany,Köln,KP05,Tiefgarage Hohenstaufenring,Kalscheuer Parkhausbetriebe,50.9316666,6.9399909,275,3.0,30.0,,"Hohenstaufenring 29-37, 50674 Köln",https://www.parkhaus.org/index.php/parkhaeuser-naehe-ringe/tiefgarage-hohenstaufenring.html,EUR
Germany,Köln,KP06,Parkhaus Hohenzollernring/Maastrichter Straße,Kalscheuer Parkhausbetriebe,50.9387583,6.9381395,684,3.0,30.0,,"Maastrichter Str. 10, 50672 Köln",https://www.parkhaus.org/index.php/parkhaeuser-naehe-ringe/parkhaus-hohenzollernring-maastrichter-straße.html,EUR
Germany,Köln,KP07,Tiefgarage Rudolfplatz,Kalscheuer Parkhausbetriebe,50.9357855,6.9379568,400,3.0,30.0,,"Habsburgerring 9, 50674 Köln",https://www.parkhaus.org/index.php/parkhaeuser-naehe-ringe/tiefgarage-rudolfplatz.html,EUR
Germany,Köln,KP08,Parkhaus P1 LANXESS arena,Kalscheuer Parkhausbetriebe,50.9386614,6.9845688,1748,2.0,20.0,True,"Willy-Brandt-Platz 3, 50679 Köln",https://www.parkhaus.org/index.php/deutz/parkhaus-p1-lanxess-arena.html,EUR
Germany,Köln,KP09,Parkhaus P2 LANXESS arena,Kalscheuer Parkhausbetriebe,50.9386614,6.9845688,266,2.0,20.0,,"Willy-Brandt-Platz 3, 50679 Köln",https://www.parkhaus.org/index.php/deutz/parkhaus-p2-lanxess-arena.html,EUR
Germany,Köln,KP10,Parkhaus VIP P3 LANXESS arena,Kalscheuer Parkhausbetriebe,50.9386614,6.9845688,480,2.0,20.0,,"Willy-Brandt-Platz 3, 50679 Köln",https://www.parkhaus.org/index.php/deutz/parkhaus-vip-p3-lanxess-arena.html,EUR
Germany,Köln,KP11,Parkhaus P4 LANXESS arena,Kalscheuer Parkhausbetriebe,50.9386614,6.9845688,309,2.0,20.0,,"Willy-Brandt-Platz 3, 50679 Köln",https://www.parkhaus.org/index.php/deutz/parkhaus-p4-lanxess-arena.html,EUR
Germany,München,QP01,Amalienpassage,Q-Park,48.151565,11.577164,205,3.6,35.0,,"Türkenstraße 84, 80799 München",https://www.q-park.de/de-de/staedte/münchen/amalienpassage/,EUR
Germany,München,QP02,Arabellapark Bogenhausen,Q-Park,48.1507239,11.6198693,2048,3.5,35.0,True,"Arabellastrasse 15, 81925 München",https://www.q-park.de/de-de/staedte/münchen/arabellapark-bogenhausen/,EUR
Germany,München,QP03,Elisenhof Hauptbahnhof,Q-Park,48.1405082,11.5624444,399,4.0,40.0,True,"Luitpoldstraße 3, 80335 München",https://www.q-park.de/de-de/staedte/münchen/elisenhof-hauptbahnhof/,EUR
Germany,München,QP04,Feilitzschhöfe,Q-Park,48.1614639,11.5882861,246,3.5,35.0,,"Feilitzschstraße 8, 80802 München",https://www.q-park.de/de-de/staedte/münchen/feilitzschhöfe/,EUR
Germany,München,QP05,Schwanthalerhöhe,Q-Park,48.1378161,11.5467703,1316,2.5,35.0,True,"Schwanthalerstrasse 113, 80339 München",https://www.q-park.de/de-de/staedte/münchen/hacker-schwanthalerhöhe/,EUR
Germany,München,QP06,Hilton Munich City,Q-Park,48.1302175,11.5918457,440,3.0,35.0,True,"Rosenheimer Straße 15, 81667 München",https://www.q-park.de/de-de/staedte/münchen/hilton-munich-city/,EUR
Germany,München,QP07,Hofbräuhaus,Q-Park,48.1364912,11.5836443,551,4.0,40.0,True,"Thomas-Wimmer-Ring 9, 80539 München",https://www.q-park.de/de-de/staedte/münchen/hofbräuhaus/,EUR
Germany,München,QP08,i9 Plaza,Q-Park,48.125113,11.6117571,356,2.5,24.0,True,"Hanne-Hiob-Straße 10, 81671 München",https://www.q-park.de/de-de/staedte/münchen/i9-plaza/,EUR
Germany,München,QP09,Königshof,Q-Park,48.1398642,11.564003,136,4.0,40.0,True,"Schützenstrasse 4, 80335 München",https://www.q-park.de/de-de/staedte/münchen/königshof/,EUR
Germany,München,QP10,Marsstraße Hauptbahnhof,Q-Park,48.1426506,11.5587266,801,4.0,40.0,,"Hirtenstrasse 14, 80335 München",https://www.q-park.de/de-de/staedte/münchen/marsstraße-hauptbahnhof/,EUR
Germany,München,QP11,Mira,Q-Park,48.2133395,11.562967,750,1.0,10.0,,"Schleißheimerstraße 506, 80933 München",https://www.q-park.de/de-de/staedte/münchen/mira/,EUR
Germany,München,QP12,Mona,Q-Park,48.1822981,11.5308794,200,2.5,20.0,True,"Pelkovenstraße 145, 80992 München",https://www.q-park.de/de-de/staedte/münchen/mona/,EUR
Germany,München,QP13,Nove,Q-Park,48.1443974,11.5372546,430,3.0,28.0,,"Lilli-Palmer-Straße 2, 80636 München",https://www.q-park.de/de-de/staedte/münchen/nove/,EUR
Germany,München,QP14,Parkstadt Center Schwabing,Q-Park,48.1828114,11.5929187,396,2.5,15.0,,"Wilhelm-Wagenfeld-Straße 4 -8, 80807 München",https://www.q-park.de/de-de/staedte/münchen/parkstadt-center-schwabing/,EUR
Germany,München,QP15,Pschorr Garage Altstadt,Q-Park,48.1376376,11.5698882,214,4.0,40.0,True,"Altheimer Eck 16, 80331 München",https://www.q-park.de/de-de/staedte/münchen/pschorr-garage-altstadt/,EUR
Germany,München,QP16,Regerstraße,Q-Park,48.1218995,11.5856167,129,3.0,30.0,True,"Regerstrasse 76, 81541 München",https://www.q-park.de/de-de/staedte/münchen/regerstraße/,EUR
Germany,München,QP17,Rieger City Isartor,Q-Park,48.1346056,11.580706,406,4.0,40.0,True,"Frauenstrasse 38, 80469 München",https://www.q-park.de/de-de/staedte/münchen/rieger-city-isartor/,EUR
Germany,München,QP18,Rosenkavalierplatz Bogenhausen,Q-Park,48.1529752,11.6211581,289,3.5,35.0,True,"Elektrastrasse 3, 81925 München",https://www.q-park.de/de-de/staedte/münchen/rosenkavalierplatz-bogenhausen/,EUR
Germany,München,QP19,Salvatorplatz Altstadt,Q-Park,48.1421585,11.5739798,453,4.0,40.0,True,"Jungfernturmstrasse 1, 80333 München",https://www.q-park.de/de-de/staedte/münchen/salvatorplatz-altstadt/,EUR
Germany,München,QP20,Schrannenhalle Viktualienmarkt,Q-Park,48.134499,11.5742573,176,4.0,40.0,,"Prälat-Zistl-Strasse 5, 80331 München",https://www.q-park.de/de-de/staedte/münchen/schrannenhalle-viktualienmarkt/,EUR
Germany,München,QP21,Schwabinger Tor,Q-Park,48.1736517,11.5861278,959,3.5,35.0,True,"Leopoldstraße 184, 80804 München",https://www.q-park.de/de-de/staedte/münchen/schwabinger-tor/,EUR
Germany,München,QP22,the m.pire Parkstadt Schwabing,Q-Park,48.1815652,11.5973149,505,3.0,30.0,True,"Marcel-Breuer-Strasse 2, 80807 München","https://www.q-park.de/de-de/staedte/münchen/the-m,-d-,pire-parkstadt-schwabing/",EUR
Germany,München,QP23,Welfenhöfe / Welfenstraße,Q-Park,48.1224521,11.5913945,997,3.0,30.0,,"Welfenstrasse 61, 81541 München",https://www.q-park.de/de-de/staedte/münchen/welfenhöfe-/-welfenstraße/,EUR
Germany,München,QP24,West4 / Elsenheimerstr.,Q-Park,48.1368719,11.5236554,559,2.5,20.0,,"Elsenheimerstrasse 57, 80687 München","https://www.q-park.de/de-de/staedte/münchen/west4-/-elsenheimerstr,-d-,/",EUR
Germany,München,QP25,Westin Grand Hotel,Q-Park,48.1522601,11.617134,201,3.5,35.0,True,"Arabellastrasse 6, 81925 München",https://www.q-park.de/de-de/staedte/münchen/westin-grand-hotel/,EUR
Germany,München,QP26,Zam,Q-Park,48.141666,11.4075348,1000,1.5,12.0,True,"Hildegard-Hamm-Brücher-Str. 2, 81249 München",https://www.q-park.de/de-de/staedte/münchen/zam/,EUR
Germany,München,AP01,Allianz Arena,APCOA,48.21452,11.624494,10700,,,,"Werner-Heisenberg-Allee 25, 80939 München",https://www.apcoa.de/einmal-parken/standorte/muenchen/allianz-arena,EUR
Germany,München,AP02,Hofbräukeller,APCOA,48.133673,11.594231,100,3.0,25.0,True,"Innere Wiener Strasse 15, 81667 München",https://www.apcoa.de/einmal-parken/standorte/muenchen/hofbraeukeller,EUR
Germany,München,AP03,Hotel Marriott,APCOA,48.174412,11.591518,134,4.0,29.0,True,"Berliner Strasse 93, 80805 München",https://www.apcoa.de/einmal-parken/standorte/muenchen/hotel-marriott,EUR
Germany,München,AP04,Ibis- und Suite NOVOTEL,APCOA,48.179563,11.593006,90,3.0,25.0,,"Lyonel-Feininger-Straße 20, 80807 München",https://www.apcoa.de/einmal-parken/standorte/muenchen/ibis-und-suite-novotel,EUR
Germany,München,AP05,Isarklinikum Haupteingang,APCOA,48.134824,11.565353,5,,,,"Sonnenstraße 24-26, 80331 München",https://www.apcoa.de/einmal-parken/standorte/muenchen/isarklinikum-haupteingang,EUR
Germany,München,AP06,Isarklinikum Postinnenhof,APCOA,48.135319,11.564969,70,4.0,35.0,,"Sonnenstraße 24-26, 80331 München",https://www.apcoa.de/einmal-parken/standorte/muenchen/isarklinikum-postinnenhof,EUR
Germany,München,AP07,Isarklinikum Tiefgarage,APCOA,48.134074,11.56477,40,4.0,35.0,,"Sonnenstraße 24-26, 80331 München",https://www.apcoa.de/einmal-parken/standorte/muenchen/isarklinikum-tiefgarage,EUR
Germany,München,AP08,Laimer Platz,APCOA,48.1355,11.5014,350,3.0,15.0,,"Gotthardstraße 46, 80686 München",https://www.apcoa.de/einmal-parken/standorte/muenchen/laimer-platz,EUR
Germany,München,AP09,Macherei,APCOA,48.131113,11.624099,799,3.0,30.0,True,"Levelingstraße 2, 81673 München",https://www.apcoa.de/einmal-parken/standorte/muenchen/macherei,EUR
Germany,München,AP10,Messe München,APCOA,48.139842,11.691686,4650,,,,"Paul-Henri-Spaak Strasse 6, 81829 München",https://www.apcoa.de/einmal-parken/standorte/muenchen/messe-muenchen,EUR
Germany,München,AP11,P & R Fröttmaning,APCOA,48.21452,11.624494,1259,,,,"Werner-Heisenberg-Allee 21, 80939 München",https://www.apcoa.de/einmal-parken/standorte/muenchen/p-r-froettmaning,EUR
Germany,München,AP12,P & R Messestadt Ost,APCOA,48.133469,11.705896,1075,,,,"Willy-Brandt-Allee 11, 81829 München",https://www.apcoa.de/einmal-parken/standorte/muenchen/p-r-messestadt-ost,EUR
Germany,München,AP13,Parkplatz MOC Veranstaltungscenter München,APCOA,48.196464,11.609788,1600,4.5,35.0,,"Lilienthalallee 40, 80939 München",https://www.apcoa.de/einmal-parken/standorte/muenchen/parkplatz-moc-veranstaltungscenter-muenchen,EUR
Germany,München,AP14,Riem Arcaden Motel One,APCOA,48.133064,11.689739,66,1.9,25.0,,"Willy-Brandt-Platz 5 (Helsinkistraße), 81829 München",https://www.apcoa.de/einmal-parken/standorte/muenchen/riem-arcaden-motel-one,EUR
Germany,München,AP15,Riem Arcaden SOP,APCOA,48.132163,11.693975,274,1.9,25.0,,"Lehrer-Wirth-Straße 5, 81829 München",https://www.apcoa.de/einmal-parken/standorte/muenchen/riem-arcaden-sop,EUR
Germany,München,AP16,Riem Arcaden Tiefgarage,APCOA,48.13316,11.693717,2331,1.9,25.0,True,"Willy-Brandt-Platz 5, 81829 München",https://www.apcoa.de/einmal-parken/standorte/muenchen/riem-arcaden-tiefgarage,EUR
Germany,München,AP17,Sonnenhof-Garage,APCOA,48.136442,11.563294,70,4.5,35.0,,"Landwehrstraße 10, 80336 München",https://www.apcoa.de/einmal-parken/standorte/muenchen/sonnenhof-garage,EUR
Germany,München,AP18,Tiefgarage MOC Veranstaltungscenter München,APCOA,48.196464,11.609788,1500,3.0,16.0,True,"Lilienthalallee 40, 80939 München",https://www.apcoa.de/einmal-parken/standorte/muenchen/tiefgarage-moc-veranstaltungscenter-muenchen,EUR
Germany,München,CP01,Tiefgarage Hauptbahnhof Süd P4,Contipark,48.138542,11.560039,242,3.3,32.0,,"Senefelderstraße 7, 80336 München",https://www.contipark.de/de/parken/muenchen/tiefgarage-hauptbahnhof-sued-p4/,EUR
Germany,München,CP02,Tiefgarage Marienplatz,Contipark,48.136283,11.574668,265,6.5,45.0,True,"Rindermarkt 16, 80331 München",https://www.contipark.de/de/parken/muenchen/tiefgarage-marienplatz/,EUR
Germany,München,CP03,Tiefgarage Neue Hopfenpost,Contipark,48.143577,11.554688,583,3.0,17.0,,"Hopfenstraße 6, 80335 München",https://www.contipark.de/de/parken/muenchen/tiefgarage-neue-hopfenpost/,EUR
Germany,München,CP04,Tiefgarage Oberanger,Contipark,48.134726,11.57105,423,6.5,45.0,True,"Oberanger 27, 80331 München",https://www.contipark.de/de/parken/muenchen/tiefgarage-oberanger/,EUR
Germany,Nürnberg,QP01,Akademie (Park One),Q-Park,49.4514593,11.0836415,268,2.5,18.0,True,"Gewerbemuseumsplatz 2, 90403 Nürnberg",https://www.q-park.de/de-de/staedte/n%C3%BCrnberg/n---n%C3%BCrnberger-akademie/,EUR
Germany,Nürnberg,PSN01,Tiefgarage Augustinerhof,Parkhaus Service Nürnberg,49.454309,11.0752042,,3.0,25.0,,"Augustinerstraße, 90403 Nürnberg",https://www.parkhaus-nuernberg.de/parkhaeuser/tiefgarage-augustinerhof/,EUR
Germany,Nürnberg,PSN02,Tiefgarage Findelgasse,Parkhaus Service Nürnberg,49.4519277,11.0787574,146,2.5,18.0,,"Findelgasse 4, 90402 Nürnberg",https://www.parkhaus-nuernberg.de/parkhaeuser/tiefgarage-findelgasse/,EUR
Germany,Nürnberg,PSN03,Tiefgarage Hans-Sachs-Platz,Parkhaus Service Nürnberg,49.453509,11.0796197,65,2.5,20.0,,"Hans-Sachs-Platz 1, 90403 Nürnberg",https://www.parkhaus-nuernberg.de/parkhaeuser/tiefgarage-hans-sachs-platz/,EUR
Germany,Nürnberg,PSN04,Parkhaus Hauptmarkt,Parkhaus Service Nürnberg,49.4544571,11.0751049,525,2.0,20.0,,"Augustinerstraße 4, 90403 Nürnberg",https://www.parkhaus-nuernberg.de/parkhaeuser/parkhaus-hauptmarkt/,EUR
Germany,Nürnberg,PSN05,Parkhaus Jakobsmarkt,Parkhaus Service Nürnberg,49.4485056,11.0713149,452,2.0,20.0,,"Zirkelschmiedsgasse 9, 90402 Nürnberg",https://www.parkhaus-nuernberg.de/parkhaeuser/parkhaus-jakobsmarkt/,EUR
Germany,Nürnberg,PSN06,Parkhaus Katharinenhof,Parkhaus Service Nürnberg,49.4508393,11.0817959,370,2.0,20.0,,"Katharinengasse 14, 90403 Nürnberg",https://www.parkhaus-nuernberg.de/parkhaeuser/parkhaus-katharinenhof/,EUR
Germany,Nürnberg,PSN07,Parkhaus Sebalder Höfe,Parkhaus Service Nürnberg,49.4566036,11.0882957,250,2.0,12.0,,"Laufertormauer, 90403 Nürnberg",https://www.parkhaus-nuernberg.de/parkhaeuser/parkhaus-sebalder-hoefe/,EUR
Germany,Nürnberg,PSN08,Parkhaus Sterntor,Parkhaus Service Nürnberg,49.4475447,11.0775769,476,2.0,20.0,,"Grasersgasse 25, 90402 Nürnberg",https://www.parkhaus-nuernberg.de/parkhaeuser/parkhaus-sterntor/,EUR
Germany,Nürnberg,PSN09,Parkhaus Theater,Parkhaus Service Nürnberg,49.4457448,11.0761157,180,1.5,18.0,,"Richard-Wagner-Platz 10, 90443 Nürnberg",https://www.parkhaus-nuernberg.de/parkhaeuser/parkhaus-theater/,EUR
Germany,Nürnberg,PSN10,Tiefgarage PSD Business Center,Parkhaus Service Nürnberg,49.4481835,11.0862933,92,1.8,18.0,,"Willy-Brandt-Platz 15, 90402 Nürnberg",https://www.parkhaus-nuernberg.de/parkhaeuser/tiefgarage-psd-business-center/,EUR
Germany,Nürnberg,PSN11,Parkhaus Franken Campus,Parkhaus Service Nürnberg,49.4280951,11.0874402,,1.5,15.0,,"Frankenstraße 150, 90461 Nürnberg",https://www.parkhaus-nuernberg.de/parkhaeuser/parkhaus-franken-campus/,EUR
Germany,Nürnberg,PSN12,Tiefgarage Maxtorhof,Parkhaus Service Nürnberg,49.4598803,11.0825407,,1.5,12.0,,"Maxfeldstraße 5, 90409 Nürnberg",https://www.parkhaus-nuernberg.de/parkhaeuser/tiefgarage-maxtorhof/,EUR
Germany,Nürnberg,PSN13,Tiefgarage Welser Quartier,Parkhaus Service Nürnberg,49.4663946,11.0986936,,1.5,10.0,,"Welserstraße 75, 90489 Nürnberg",https://www.parkhaus-nuernberg.de/parkhaeuser/welser-quartier/,EUR
Germany,Nürnberg,PSN14,Tiefgarage Eurocom,Parkhaus Service Nürnberg,49.4074698,11.1297081,300,1.5,15.0,,"Lina-Ammon-Str. 2, 90471 Nürnberg",https://www.parkhaus-nuernberg.de/parkhaeuser/tiefgarage-eurocom/,EUR
Germany,Nürnberg,AD01,Adlerparkhaus,Adlerparkhaus,49.4520935,11.0769824,260,3.0,30.0,True,"Adlerstraße 4-8, 90403 Nürnberg",https://www.phadler.de/,EUR
Germany,Nürnberg,VAG01,Parkhaus Herrnhütte (P+R),VAG,49.477826,11.1080293,536,,,True,"Äußere Bayreuther Straße 166, 90411 Nürnberg",https://www.vag.de/schnittstellen/parkhausdaten,EUR
Germany,Stuttgart,QP01,Cannstatter Carré,Q-Park,48.8007738,9.2228298,631,2.2,15.0,,"Deckerstraße 31, 70372 Stuttgart",https://www.q-park.de/de-de/staedte/stuttgart/cannstatter-carr%C3%A9/,EUR
Germany,Stuttgart,QP02,Kleiner Schlossplatz / BW Bank,Q-Park,48.7785554,9.176659,193,4.0,22.0,,"Kleiner Schloßplatz 11, 70173 Stuttgart",https://www.q-park.de/de-de/staedte/stuttgart/kleiner-scholssplatz-/-bw-bank/,EUR
Germany,Stuttgart,AP01,Königsbau-Passagen,APCOA,48.7796504,9.1787917,412,3.0,20.0,True,"Bolzstr. 5, 70173 Stuttgart",https://www.apcoa.de/einmal-parken/standorte/stuttgart/koenigsbau-passagen,EUR
Germany,Stuttgart,AP02,Am Schlossplatz,APCOA,48.7795511,9.1805775,90,3.8,20.0,,"Stauffenbergstrasse 5-1, 70173 Stuttgart",https://www.apcoa.de/einmal-parken/standorte/stuttgart/am-schlossplatz,EUR
Germany,Stuttgart,AP03,Schillerplatz,APCOA,48.7771489,9.1787759,190,3.8,25.0,,"Schillerplatz, 70173 Stuttgart",https://www.apcoa.de/einmal-parken/standorte/stuttgart/schillerplatz,EUR
Germany,Stuttgart,AP04,Neue Brücke / Königstraße,APCOA,48.77565,9.1762661,189,3.7,14.0,True,"Königstraße 27 / 27a, 70173 Stuttgart",https://www.apcoa.de/einmal-parken/standorte/stuttgart/neue-bruecke-/-koenigstrasse,EUR
Germany,Stuttgart,AP05,Zeppelin-Carré,APCOA,48.7826457,9.1788807,365,3.9,25.0,,"Kronenstr. 20, 70173 Stuttgart",https://www.apcoa.de/einmal-parken/standorte/stuttgart/zeppelin-carre,EUR
Germany,Stuttgart,AP06,City Garage,APCOA,48.7825521,9.1766609,228,3.8,12.0,,"Geschwister-Scholl-Strasse, 70174 Stuttgart",https://www.apcoa.de/einmal-parken/standorte/stuttgart/city-garage,EUR
Germany,Stuttgart,AP07,Holzgartenstraße,APCOA,48.7816923,9.1708248,195,3.3,21.0,,"Holzgartenstraße, 70174 Stuttgart",https://www.apcoa.de/einmal-parken/standorte/stuttgart/holzgartenstrasse,EUR
Germany,Stuttgart,AP08,Schlossstraße,APCOA,48.7783801,9.1693906,295,2.7,18.0,,"Schlossstrasse 49, 70174 Stuttgart",https://www.apcoa.de/einmal-parken/standorte/stuttgart/schlossstrasse,EUR
Germany,Stuttgart,AP09,Sophienstraße,APCOA,48.7737849,9.1722487,281,3.2,20.0,,"Sophienstr. 40, 70178 Stuttgart",https://www.apcoa.de/einmal-parken/standorte/stuttgart/sophienstrasse,EUR
Germany,Stuttgart,AP10,Liederhalle - Bosch Areal,APCOA,48.7802554,9.1711328,632,3.3,21.0,,"Breitscheidstrasse, 70174 Stuttgart",https://www.apcoa.de/einmal-parken/standorte/stuttgart/liederhalle-bosch-areal,EUR
Germany,Stuttgart,AP11,Südtor,APCOA,48.7653578,9.1692904,196,3.0,19.0,,"Kolbstr. 5-7, 70178 Stuttgart",https://www.apcoa.de/einmal-parken/standorte/stuttgart/suedtor,EUR
Germany,Stuttgart,AP12,Südwestbank,APCOA,48.7703326,9.1590167,195,2.7,19.0,,"Rotebühlstraße 125, 70178 Stuttgart",https://www.apcoa.de/einmal-parken/standorte/stuttgart/suedwestbank,EUR
Germany,Stuttgart,AP13,Am Marienplatz,APCOA,48.763759,9.1675678,112,3.0,19.0,,"Marienplatz 8, 70178 Stuttgart",https://www.apcoa.de/einmal-parken/standorte/stuttgart/am-marienplatz,EUR
Germany,Stuttgart,AP14,SchwabenGalerie,APCOA,48.729947,9.108767,1098,2.0,17.0,,"Hauptstraße 22, 70563 Stuttgart",https://www.apcoa.de/einmal-parken/standorte/stuttgart/schwabengalerie,EUR
Germany,Stuttgart,AP15,Wyndham Hotel Stuttgart Messe,APCOA,48.6932707,9.1986468,145,1.0,17.0,,"Flughafenstrasse 51, 70629 Stuttgart",https://www.apcoa.de/einmal-parken/standorte/stuttgart/wyndham-hotel-stuttgart-messe,EUR
Germany,Stuttgart,AP16,Hotel Mövenpick Messe & Congress,APCOA,48.6921449,9.1910891,209,8.0,32.0,,"Flughafenstraße 43, 70629 Stuttgart",https://www.apcoa.de/einmal-parken/standorte/stuttgart/hotel-moevenpick-messe-congress,EUR
Germany,Stuttgart,AP17,Mövenpick Hotel Stuttgart Airport,APCOA,48.6914682,9.1934978,97,8.0,32.0,,"Flughafenstrasse 50, 70629 Stuttgart",https://www.apcoa.de/einmal-parken/standorte/stuttgart/moevenpick-hotel-stuttgart-airport,EUR
Germany,Stuttgart,AP18,SI-Centrum Tiefgarage P2,APCOA,48.7237614,9.1622944,1616,2.5,18.0,True,"Plieninger Strasse 109, 70567 Stuttgart",https://www.apcoa.de/einmal-parken/standorte/stuttgart/si-centrum-tiefgarage-p2,EUR
Germany,Stuttgart,AP19,Messe Stuttgart P20,APCOA,48.6936454,9.1927653,1974,3.5,36.0,,"Messepiazza 1, 70629 Stuttgart",https://www.apcoa.de/einmal-parken/standorte/stuttgart/messe-stuttgart-p20,EUR
Germany,Stuttgart,AP20,P0 Flughafen Stuttgart,APCOA,48.6932707,9.1986468,1789,,30.0,,"Flughafenstraße, 70629 Stuttgart",https://www.apcoa.de/einmal-parken/standorte/stuttgart/p0-flughafen-stuttgart,EUR
Germany,Stuttgart,AP21,P2 Flughafen Stuttgart,APCOA,48.6932707,9.1986468,1324,8.0,34.0,,"Flughafenstrasse, 70629 Stuttgart",https://www.apcoa.de/einmal-parken/standorte/stuttgart/p2-flughafen-stuttgart,EUR
Germany,Stuttgart,CP01,Tiefgarage Hauptbahnhof LBBW P1,Contipark,48.7862273,9.1813286,1290,3.8,25.0,,"Am Hauptbahnhof 2, 70173 Stuttgart",https://www.contipark.de/de/parken/stuttgart/tiefgarage-hauptbahnhof-lbbw-p1/,EUR
Germany,Stuttgart,DB01,Parkhaus Bahnhof Wilhelmsplatz P1-3 (Bad Cannstatt),DB BahnPark,48.8023113,9.2161042,362,2.2,14.0,,"Eisenbahnstraße 12, 70372 Stuttgart",https://www.contipark.de/de/parken/stuttgart/parkhaus-bahnhof-wilhelmsplatz-p1-3-stuttgart-bad-cannstatt/,EUR
Germany,Stuttgart,DB02,Parkplatz Bahnhof Zuffenhausen P1,DB BahnPark,48.8296246,9.1662348,173,1.4,4.0,,"Am Bahnhof, 70435 Stuttgart",https://www.contipark.de/de/parken/stuttgart/parkplatz-bahnhof-zuffenhausen-p1/,EUR
Germany,Stuttgart,DB03,Parkplatz Bahnhof Zuffenhausen P3,DB BahnPark,48.8296246,9.1662348,35,1.4,4.0,,"Am Bahnhof, 70435 Stuttgart",https://www.contipark.de/de/parken/stuttgart/parkplatz-bahnhof-zuffenhausen-p3/,EUR
Germany,Stuttgart,DB04,Parkplatz Bahnhof Vaihingen P1,DB BahnPark,48.7267239,9.1131476,69,1.2,4.0,,"Bahnhof 1, 70563 Stuttgart",https://www.contipark.de/de/parken/stuttgart/parkplatz-bahnhof-vaihingen-p1/,EUR
Germany,Stuttgart,DB05,Parkplatz Bahnhof Vaihingen P2 (reservierbar),DB BahnPark,48.7267239,9.1131476,7,,,,"Bahnhof 1, 70563 Stuttgart",https://www.contipark.de/de/parken/stuttgart/parkplatz-bahnhof-vaihingen-p2-reservierbare-stellplaetze/,EUR
Germany,Stuttgart,BB01,Tiefgarage Kronprinzstraße,B+B Parkhaus,48.7751644,9.1739673,561,4.0,25.0,True,"Kronprinzstraße 26, 70173 Stuttgart",https://www.bb-parkhaus.de/staedte/stuttgart/tiefgarage-kronprinzstrasse,EUR
Germany,Stuttgart,BB02,Tiefgarage Gerber Viertel,B+B Parkhaus,48.7719659,9.1723744,560,4.0,25.0,True,"Sophienstraße 21, 70178 Stuttgart",https://www.bb-parkhaus.de/staedte/stuttgart/tiefgarage-gerber-viertel,EUR
Germany,Stuttgart,BB03,Tiefgarage Stadtmitte,B+B Parkhaus,48.7775637,9.1764696,266,4.0,25.0,True,"Kronprinzstraße 6, 70173 Stuttgart",https://www.bb-parkhaus.de/staedte/stuttgart/tiefgarage-stadtmitte,EUR
Germany,Stuttgart,BB04,Parkhaus Hauptbahnhof,B+B Parkhaus,48.7850549,9.1782678,147,2.5,7.5,,"Jägerstraße 19, 70174 Stuttgart",https://www.bb-parkhaus.de/staedte/stuttgart/parkhaus-hauptbahnhof,EUR
Germany,Stuttgart,BB05,Parkhaus König-Karl-Passage,B+B Parkhaus,48.8032036,9.2145268,78,2.5,18.0,,"Badstraße 17A, 70372 Stuttgart",https://www.bb-parkhaus.de/staedte/stuttgart/parkhaus-koenig-karl-passage,EUR
Germany,Stuttgart,PB01,Parkgarage Landtag,PBW,48.7786128,9.1834774,155,3.0,20.0,True,"Konrad-Adenauer-Straße 3, 70173 Stuttgart",https://www.pbw.de/parken/detail/243,EUR
Germany,Stuttgart,PB02,Parkgarage Landesbibliothek,PBW,48.7779049,9.1850889,266,3.2,20.0,True,"Konrad-Adenauer-Straße 10, 70173 Stuttgart",https://www.pbw.de/parken/detail/244,EUR
Germany,Stuttgart,PB03,Parkgarage Staatsgalerie,PBW,48.780635,9.1872537,123,3.0,20.0,True,"Konrad-Adenauer-Straße 32, 70173 Stuttgart",https://www.pbw.de/parken/detail/245,EUR
Germany,Stuttgart,PB04,Parkgarage Börsenplatz,PBW,48.7800925,9.17579,176,4.0,19.0,True,"Huberstraße 2, 70174 Stuttgart",https://www.pbw.de/parken/detail/288,EUR
Germany,Stuttgart,PB05,Parkplatz Haus der Wirtschaft,PBW,48.7781817,9.1746299,78,3.7,20.0,,"Theodor-Heuss-Straße 4, 70174 Stuttgart",https://www.pbw.de/parken/detail/277,EUR
Germany,Stuttgart,PB06,Parkgarage Kriegsberg,PBW,48.7843642,9.1773706,255,2.8,16.0,True,"Kriegsbergstr. 32, 70174 Stuttgart",https://www.pbw.de/parken/detail/476,EUR
Germany,Stuttgart,PB07,Parkhaus Hofdiener,PBW,48.7796356,9.1726691,655,3.5,20.0,True,"Schellingstraße 25 B, 70174 Stuttgart",https://www.pbw.de/parken/detail/233,EUR
Germany,Stuttgart,PB08,Parkgarage Tivoli,PBW,48.7797607,9.1655742,348,3.0,18.0,,"Seidenstraße 23, 70174 Stuttgart",https://www.pbw.de/parken/detail/247,EUR
Germany,Stuttgart,PB09,Parkplatz Jägerstraße 56,PBW,48.7848752,9.1741228,26,,,,"Jägerstraße 56, 70174 Stuttgart",https://www.pbw.de/parken/detail/392,EUR
Germany,Stuttgart,PB10,Parkplatz Rotebühlhof,PBW,48.7746517,9.170538,90,3.6,20.0,True,"Rotebühlplatz 30, 70178 Stuttgart",https://www.pbw.de/parken/detail/284,EUR
Germany,Bielefeld,QP01,Centrum,Q-Park,52.02454,8.53414,328,2.2,16.0,,"Herforder Straße 9, 33602 Bielefeld",https://www.q-park.de/de-de/staedte/bielefeld/centrum/,EUR
Germany,Bielefeld,QP02,Karstadt,Q-Park,52.0239542,8.5292745,650,2.2,8.0,,"Elsa-Brändström-Straße 6, 33602 Bielefeld",https://www.q-park.de/de-de/staedte/bielefeld/karstadt/,EUR
Germany,Bielefeld,AP01,Am Jahnplatz - Renteistraße,APCOA,52.021863,8.533372,98,2.59,20.99,,"Renteistraße, 33602 Bielefeld",https://www.apcoa.de/einmal-parken/standorte/bielefeld/am-jahnplatz-renteistrasse,EUR
Germany,Bielefeld,AP02,Neues Bahnhofsviertel,APCOA,52.030313,8.532892,802,2.5,25.0,True,"Joseph-Massolle-Straße, 33613 Bielefeld",https://www.apcoa.de/einmal-parken/standorte/bielefeld/neues-bahnhofsviertel,EUR
Germany,Bielefeld,CP01,Parkhaus Ankergärten,Contipark,52.01752,8.53556,804,1.0,5.0,,"Ravensberger Str. 10, 33602 Bielefeld",https://www.contipark.de/de/parken/bielefeld/parkhaus-ankergaerten/,EUR
Germany,Bielefeld,CP02,Parkhaus Ritterstraße,Contipark,52.021865,8.529097,425,2.2,12.5,True,"Ritterstraße 5, 33602 Bielefeld",https://www.contipark.de/de/parken/bielefeld/parkhaus-ritterstrasse/,EUR
Germany,Bielefeld,CP03,Parkplatz Ritterstraße,Contipark,52.021679,8.529205,8,2.5,20.0,,"Ritterstraße 4-8, 33602 Bielefeld",https://www.contipark.de/de/parken/bielefeld/parkplatz-ritterstrasse/,EUR
Germany,Bielefeld,CP04,Tiefgarage Altstadt-Carré,Contipark,52.018985,8.529682,415,2.2,12.5,,"Waldhof 19, 33602 Bielefeld",https://www.contipark.de/de/parken/bielefeld/tiefgarage-altstadt-carre/,EUR
Germany,Bielefeld,CP05,Tiefgarage Marktpassage,Contipark,52.026292,8.529884,155,3.0,20.0,,"Friedenstraße 16, 33602 Bielefeld",https://www.contipark.de/de/parken/bielefeld/tiefgarage-marktpassage/,EUR
Germany,Bielefeld,OWL01,Tiefgarage Kesselbrink,ProEinzelhandel OWL,52.0245463,8.5363455,383,1.5,12.0,,"Kesselbrink 1, 33602 Bielefeld",https://www.proeinzelhandel-owl.de/parkhaeuser/tiefgarage-kesselbrink/,EUR
Germany,Bielefeld,OWL02,Tiefgarage Am Theater,ProEinzelhandel OWL,52.0204469,8.5355542,169,1.5,12.0,,"Brunnenstraße 4, 33602 Bielefeld",https://www.proeinzelhandel-owl.de/parkhaeuser/tiefgarage-am-theater/,EUR
Germany,Bielefeld,OWL03,Tiefgarage Willy-Brandt-Platz,ProEinzelhandel OWL,52.026139,8.5377358,411,1.5,12.0,,"Kavalleriestraße 17 / Herforder Str. 22, 33602 Bielefeld",https://www.proeinzelhandel-owl.de/parkhaeuser/tiefgarage-willy-brandt-platz/,EUR
Germany,Bielefeld,OWL04,Tiefgarage Welle,ProEinzelhandel OWL,52.018892,8.5309279,289,2.0,15.0,,"Am Bach 20, 33602 Bielefeld",https://www.proeinzelhandel-owl.de/parkhaeuser/tiefgarage-welle/,EUR
Germany,Bielefeld,OR01,Parkhaus Stadthalle,ORBE Parkgaragen,52.0286263,8.5354773,444,2.0,12.0,True,"Willy-Brandt-Platz 1, 33602 Bielefeld",https://www.orbe-parkgaragen.de/portfolio-items/stadthalle-bielefeld/,EUR
Germany,Bielefeld,OR02,Parkplatz Zentrum,ORBE Parkgaragen,52.0241777,8.528839,80,2.0,15.0,,"Elsa-Brändström-Str. 15-21, 33602 Bielefeld",https://www.orbe-parkgaragen.de/portfolio-items/parkplatz-zentrum/,EUR
Germany,Bielefeld,OR03,Parkplatz Große-Kurfürsten-Straße,ORBE Parkgaragen,52.0266368,8.5284659,165,1.5,10.0,,"Große-Kurfürsten-Straße, 33602 Bielefeld",https://www.orbe-parkgaragen.de/portfolio-items/kurfuerstenstrasse/,EUR
Germany,Bielefeld,OR04,Seidenstickerhalle,ORBE Parkgaragen,52.0249395,8.5490691,260,,3.0,,"Werner-Bock-Straße 36, 33602 Bielefeld",https://www.orbe-parkgaragen.de/portfolio-items/seidenstickerhalle-2/,EUR
Germany,Bielefeld,OR05,Thalia Buchhandlung,ORBE Parkgaragen,52.0230902,8.5315462,30,2.5,24.0,,"Oberntorwall 23, 33602 Bielefeld",https://www.orbe-parkgaragen.de/portfolio-items/thalia-buchhandlung/,EUR
Germany,Bielefeld,OR06,EvKB Kantensiek,ORBE Parkgaragen,52.0131342,8.5249277,390,1.5,10.0,,"Im Kantensiek, 33617 Bielefeld",https://www.orbe-parkgaragen.de/portfolio-items/evkb-kantensiek/,EUR
Germany,Bielefeld,OR07,EvKB Bethel,ORBE Parkgaragen,52.012081,8.5235345,105,1.5,10.0,,"Sareptaweg 4, 33617 Bielefeld",https://www.orbe-parkgaragen.de/portfolio-items/evkb-bethel/,EUR
Germany,Bielefeld,OR08,Tiefgarage und Parkpalette CineStar,ORBE Parkgaragen,52.0268894,8.5335149,400,1.5,10.0,,"Feilenstraße 5, 33602 Bielefeld",https://www.bielefeld.de/parken,EUR
Germany,Bielefeld,BG01,Parkhaus Am Zwinger,Borchard Group,52.0233183,8.5277036,412,2.0,12.0,,"Am Zwinger 14, 33602 Bielefeld",https://www.borchard-group.com/parkhaus-am-zwinger/,EUR
Germany,Bielefeld,BG02,Parkplatz Hbf,Borchard Group,52.0298608,8.5349029,136,2.0,12.0,,"Nahariyastraße 3, 33602 Bielefeld",https://www.borchard-group.com/parkplatz-hbf/,EUR
Germany,Bielefeld,PB01,Parkhaus Am Hauptbahnhof,Parkhaus Bielefeld,52.0285561,8.5287412,850,,7.0,,"Jöllenbecker Straße 21, 33613 Bielefeld",http://parkhaus-bielefeld.de/tarife/,EUR
Germany,Bielefeld,LM01,Parkhaus LOOM,ECE (LOOM Einkaufszentrum),52.0262228,8.5336415,529,2.0,20.0,True,"Zimmerstraße 10, 33602 Bielefeld",https://www.loom-bielefeld.de/center/anfahrt-parken/parken/,EUR
Germany,Bonn,QP01,Fronhofer Galeria,Q-Park,50.6825815,7.1510338,272,2.5,15.0,True,"Schwertberger Straße 12, 53177 Bonn",https://www.q-park.de/de-de/staedte/bonn-bad-godesberg/fronhofer-galeria/,EUR
Germany,Bonn,AP01,City Garage Bonn,APCOA,50.73568,7.096651,97,1.99,24.99,,"Poststraße 24-27, 53113 Bonn",https://www.apcoa.de/einmal-parken/standorte/bonn/city-garage-bonn,EUR
Germany,Bonn,CP01,Tiefgarage Brückenforum,Contipark,50.73829,7.116,179,1.2,8.0,,"Friedrich-Breuer Straße 17-19, 53225 Bonn",https://www.contipark.de/de/parken/bonn/tiefgarage-brueckenforum/,EUR
Germany,Bonn,DB01,Parkhaus Hauptbahnhof City P1,DB BahnPark,50.735097,7.091936,258,1.5,7.0,,"Am alten Friedhof 17, 53111 Bonn",https://www.contipark.de/de/parken/bonn/parkhaus-hauptbahnhof-city-p1/,EUR
Germany,Bonn,DB02,Parkplatz Bahnhof Bad Godesberg Vorderseite P1,DB BahnPark,50.682847,7.160621,27,2.2,5.5,,"Moltkestraße, 53173 Bonn",https://www.contipark.de/de/parken/bonn/parkplatz-bahnhof-bad-godesberg-vorderseite-p1/,EUR
Germany,Bonn,DB03,Parkplatz Bahnhof Bad Godesberg Von-Groote-Platz Nord P3,DB BahnPark,50.684606,7.159511,54,2.2,3.5,,"Von-Groote-Platz 1, 53173 Bonn",https://www.contipark.de/de/parken/bonn/parkplatz-bahnhof-p3-bonn/,EUR
Germany,Bonn,DB04,Parkplatz Bahnhof Bad Godesberg Von-Groote-Platz Süd P2,DB BahnPark,50.683587,7.161051,70,2.2,3.5,,"Von-Groote-Platz 4, 53173 Bonn",https://www.contipark.de/de/parken/bonn/parkplatz-bahnhof-vongroote-pl-sued-p2/,EUR
Germany,Bonn,DB05,Parkplatz Bahnhof P1 (Bonn-Mehlem),DB BahnPark,50.669584,7.181252,87,0.5,2.0,,"Mainzer Straße 24, 53179 Bonn",https://www.contipark.de/de/parken/bonn/parkplatz-bahnhof-p1-bonn/,EUR
Germany,Bonn,BB01,Parkhaus Museumsmeile,B+B Parkhaus,50.7130681,7.1205956,535,2.0,20.0,True,"Emil-Nolde-Straße 11, 53113 Bonn",https://www.bb-parkhaus.de/staedte/bonn/parkhaus-museumsmeile,EUR
Germany,Bonn,BCP01,Marktgarage,Bonner City Parkraum (BCP),50.7347234,7.1034384,279,2.0,25.0,,"Stockenstraße, 53113 Bonn",https://bcp-bonn.de/marktgarage/,EUR
Germany,Bonn,BCP02,Münsterplatzgarage,Bonner City Parkraum (BCP),50.7354175,7.096997,312,2.0,25.0,,"Budapester Straße, 53111 Bonn",https://bcp-bonn.de/muensterplatzgarage/,EUR
Germany,Bonn,BCP03,Friedensplatzgarage,Bonner City Parkraum (BCP),50.7369613,7.096906,810,2.0,25.0,,"Oxfordstraße, 53111 Bonn",https://bcp-bonn.de/friedensplatzgarage/,EUR
Germany,Bonn,BCP04,Stadthausgarage,Bonner City Parkraum (BCP),50.737618,7.0941252,300,2.0,25.0,,"Weiherstraße, 53111 Bonn",https://bcp-bonn.de/stadthausgarage/,EUR
Germany,Bonn,BCP05,Parkhaus Hauptbahnhof,Bonner City Parkraum (BCP),50.7332138,7.0942341,258,2.0,25.0,True,"Rabinstraße, 53111 Bonn",https://bcp-bonn.de/hauptbahnhof-park/,EUR
Germany,Bonn,BCP06,Operngarage,Bonner City Parkraum (BCP),50.7375992,7.1070124,380,2.0,25.0,True,"Brassertufer / Am Boeselagerhof, 53111 Bonn",https://bcp-bonn.de/operngarage/,EUR
Germany,Bonn,BCP07,Unigarage,Bonner City Parkraum (BCP),50.7340378,7.1045812,438,2.0,25.0,,"Regina-Pacis-Weg, 53113 Bonn",https://bcp-bonn.de/unigarage/,EUR
Germany,Bonn,BCP08,Beethoven-Parkhaus,Bonner City Parkraum (BCP),50.7394682,7.1031372,426,2.0,25.0,True,"Engeltalstraße, 53111 Bonn",https://bcp-bonn.de/beethoven-parkhaus/,EUR
Germany,Bonn,BCP09,Beethoven-Parkplatz,Bonner City Parkraum (BCP),50.7411609,7.1015514,58,2.5,25.0,True,"Wachsbleiche, 53111 Bonn",https://bcp-bonn.de/beethoven-parkplatz/,EUR
Germany,Bonn,BCP10,Alte Bahnhofgarage,Bonner City Parkraum (BCP),50.7338768,7.0959051,89,2.0,25.0,,"Münsterstraße, 53111 Bonn",https://bcp-bonn.de/alte-bahnhofgarage/,EUR
Germany,Bonn,BCP11,Parkplatz Charles de Gaulle Str.,Bonner City Parkraum (BCP),50.717167,7.133002,210,1.5,20.0,,"Charles-de-Gaulle-Straße 5, 53113 Bonn",https://bcp-bonn.de/parkplatz-charles-de-gaulle-str/,EUR
Germany,Dresden,QP01,Altmarkt,Q-Park,51.050131,13.7397407,473,2.5,28.0,True,"Wilsdruffer Straße 16, 01067 Dresden",https://www.q-park.de/de-de/staedte/dresden/altmarkt/,EUR
Germany,Dresden,QP02,Frauenkirche / Neumarkt,Q-Park,51.0508236,13.7417185,671,2.5,28.0,True,"Landhausstraße 2, 01067 Dresden",https://www.q-park.de/de-de/staedte/dresden/frauenkirche-/-neumarkt/,EUR
Germany,Dresden,QP03,Haus Postplatz,Q-Park,51.0512602,13.7317079,143,2.5,28.0,,"Postplatz 2, 01067 Dresden",https://www.q-park.de/de-de/staedte/dresden/haus-postplatz/,EUR
Germany,Dresden,QP04,Waldschlösschen (Bavaria Parkgaragen),Q-Park,51.0694219,13.7793879,1049,2.0,12.0,True,"Am Waldschlösschen 4, 01099 Dresden",https://www.q-park.de/de-de/staedte/dresden/waldschl%C3%B6sschen-dresden/,EUR
Germany,Dresden,AP01,Altmarkt-Galerie,APCOA,51.04951,13.73401,520,2.5,25.0,True,"Webergasse 1, 01067 Dresden",https://www.apcoa.de/einmal-parken/standorte/dresden/altmarkt-galerie,EUR
Germany,Dresden,AP02,Dresden-Mitte,APCOA,51.058204,13.726021,606,1.5,15.0,,"Magdeburger Straße 1, 01067 Dresden",https://www.apcoa.de/einmal-parken/standorte/dresden/dresden-mitte,EUR
Germany,Dresden,AP03,Felix-Dahn-Weg 21,APCOA,51.06355213,13.6728685,8,,,,"Felix-Dahn-Weg 21, 01157 Dresden",https://www.apcoa.de/einmal-parken/standorte/dresden/felix-dahn-weg-21,EUR
Germany,Dresden,AP04,Haus am Zwinger,APCOA,51.051493,13.735899,220,3.2,35.0,,"Kleine Brüdergasse 3, 01067 Dresden",https://www.apcoa.de/einmal-parken/standorte/dresden/haus-am-zwinger,EUR
Germany,Dresden,AP05,Hotel Taschenbergpalais Kempinski,APCOA,51.051736,13.735256,185,2.9,35.0,,"Kleine Brüdergasse 3, 01067 Dresden",https://www.apcoa.de/einmal-parken/standorte/dresden/hotel-taschenbergpalais-kempinski,EUR
Germany,Dresden,AP06,Schiller Galerie,APCOA,51.051835,13.803221,414,1.8,12.0,True,"Hüblerstrasse 8, 01309 Dresden",https://www.apcoa.de/einmal-parken/standorte/dresden/schiller-galerie,EUR
Germany,Dresden,AP07,Straßburger Platz,APCOA,51.046908,13.756595,293,2.0,15.0,True,"Straßburger Platz, 01307 Dresden",https://www.apcoa.de/einmal-parken/standorte/dresden/strassburger-platz,EUR
Germany,Dresden,AP08,WÖHRL/Florentinum,APCOA,51.044475,13.737973,245,2.0,22.0,,"Sankt Petersburger Str. 20, 01069 Dresden",https://www.apcoa.de/einmal-parken/standorte/dresden/woehrl/florentinum,EUR
Germany,Dresden,CP01,Parkplatz Weißer Hirsch,Contipark,51.063319,13.822264,30,1.0,6.0,,"Luboldstraße 30, 01324 Dresden",https://www.contipark.de/de/parken/dresden/parkplatz-weisser-hirsch/,EUR
Germany,Dresden,CP02,Parkplatz Wiesentorstraße,Contipark,51.056745,13.742707,90,2.5,18.0,,"Wiesentorstraße, 01067 Dresden",https://www.contipark.de/de/parken/dresden/parkplatz-wiesentorstrasse/,EUR
Germany,Dresden,CP03,Tiefgarage Semperoper,Contipark,51.055342,13.733627,454,1.5,6.0,,"Devrientstraße 1, 01067 Dresden",https://www.contipark.de/de/parken/dresden/tiefgarage-semperoper/,EUR
Germany,Dresden,GB01,Parkhaus am Uniklinikum,GOLDBECK Parking,51.0593162,13.7836565,511,2.0,12.0,True,"Pfotenhauerstraße 105, 01307 Dresden",https://www.goldbeck-parking.de/api/gps-opg/parking-unit/7056,EUR
Germany,Dresden,GB02,Centrum Galerie,GOLDBECK Parking,51.045492,13.733857,1059,2.0,15.0,True,"Prager Straße 15, 01069 Dresden",https://centrum-galerie-dresden.klepierre.de/services/parkhaus,EUR
Germany,Dresden,GB03,Bautzner Straße,GOLDBECK Parking,51.062968,13.753821,237,2.0,7.5,,"Bautzner Straße 29, 01099 Dresden",https://www.goldbeck-parking.de/api/gps-opg/parking-unit/5836,EUR
Germany,Dresden,GB04,Löbtau Passage,GOLDBECK Parking,51.042948,13.703684,161,2.0,7.5,,"Kesselsdorfer Straße 1, 01159 Dresden",https://www.goldbeck-parking.de/api/gps-opg/parking-unit/6346,EUR
Germany,Dresden,PF01,Parkplatz Theresienstraße (Park & Fly),Pfütze & Co,51.0630326,13.742,,2.0,20.0,,"Theresienstraße 15, 01097 Dresden",https://www.parkplaetze-dresden.de/preise.html,EUR
Germany,Dresden,PF02,Parkplatz Sebnitzer Straße,Pfütze & Co,51.0680743,13.7582314,,,,,"Sebnitzer Straße, 01099 Dresden",https://www.parkplaetze-dresden.de/standorte.html,EUR
Germany,Dresden,DB01,Dresden Hbf Reitbahnstraße 28,DB BahnPark,51.043402,13.7320881,260,1.5,6.0,,"Reitbahnstraße 28, 01067 Dresden",https://www.bahnhof.de/en/dresden-hbf/parking-spaces,EUR
Germany,Essen,QP01,Am Limbecker Platz,Q-Park,51.45786,7.00386,330,1.8,12.0,True,"Ostfeldstraße 9, 45127 Essen",https://www.q-park.de/de-de/staedte/essen/am-limbecker-platz/,EUR
Germany,Essen,QP02,Cranachhöfen,Q-Park,51.4382348,6.9902729,317,2.0,15.0,,"Holsterhauser Platz 1, 45147 Essen",https://www.q-park.de/de-de/staedte/essen/cranachh%C3%B6fen/,EUR
Germany,Essen,QP03,Gildehof,Q-Park,51.45362,7.01605,631,1.5,12.0,,"Gildehofstraße 3, 45127 Essen",https://www.q-park.de/de-de/staedte/essen/gildehof/,EUR
Germany,Essen,QP04,Rathaus Galerie P1,Q-Park,51.4570866,7.0135686,451,1.7,17.0,,"Am Porscheplatz 2, 45127 Essen",https://www.q-park.de/de-de/staedte/essen/rathaus-galerie-p1/,EUR
Germany,Essen,QP05,Rathaus Galerie P2,Q-Park,51.4579722,7.0153665,560,1.7,17.0,,"Ribbeckstraße 40, 45127 Essen",https://www.q-park.de/de-de/staedte/essen/rathaus-galerie-p2/,EUR
Germany,Essen,AP01,Hövelstraße 168,APCOA,51.48042377,6.99329168,16,,,,"Hövelstraße 168, 45326 Essen",https://www.apcoa.de/einmal-parken/standorte/essen/essen-hoevelstrasse-168-netto,EUR
Germany,Essen,CP01,Parkhaus Hauptbahnhof P1,Contipark,51.450463,7.014577,655,2.2,20.0,,"Freiheit 5, 45127 Essen",https://www.contipark.de/de/parken/essen/parkhaus-hauptbahnhof-p1-essen/,EUR
Germany,Essen,CP02,Parkhaus Hindenburgstraße,Contipark,51.454248,7.006445,670,2.0,10.0,,"Hindenburgstraße 35, 45127 Essen",https://www.contipark.de/de/parken/essen/parkhaus-hindenburgstrasse/,EUR
Germany,Essen,CP03,Parkhaus Schützenbahn,Contipark,51.459069,7.013813,38,1.0,6.0,,"Schützenbahn 25, 45127 Essen",https://www.contipark.de/de/parken/essen/parkhaus-schuetzenbahn/,EUR
Germany,Essen,CP04,Parkplatz Bahnhofsvorplatz Nord P2,Contipark,51.452121,7.014919,33,3.4,24.0,,"Am Hauptbahnhof 5, 45127 Essen",https://www.contipark.de/de/parken/essen/parkplatz-bahnhofsvorplatz-nord-p2/,EUR
Germany,Essen,CP05,Parkplatz Hachestraße P4,Contipark,51.451639,7.010534,27,2.4,15.0,,"Hachestraße, 45127 Essen",https://www.contipark.de/de/parken/essen/parkplatz-hachestrasse-p4/,EUR
Germany,Essen,CP06,Tiefgarage Berliner Platz,Contipark,51.460398,7.008269,84,1.5,10.0,,"Friedrich-Ebert-Straße 49, 45127 Essen",https://www.contipark.de/de/parken/essen/tiefgarage-berliner-platz/,EUR
Germany,Essen,CP07,Tiefgarage Philharmonie,Contipark,51.449046,7.011477,450,2.0,8.0,True,"Huyssenallee 17, 45128 Essen",https://www.contipark.de/de/parken/essen/tiefgarage-philharmonie/,EUR
Germany,Essen,PE01,Centralgarage Kennedyplatz,Parken in Essen GmbH & Co. KG,51.455778,7.0102765,493,2.0,18.0,True,"Vereinstraße 2, 45127 Essen",https://www.parkenessen.com/parkhaeuser/centralgarage-kennedyplatz,EUR
Germany,Essen,PE02,Parkhaus Akazienallee,Parken in Essen GmbH & Co. KG,51.454051,7.0143884,506,1.9,14.0,,"Akazienallee 1, 45127 Essen",https://www.parkenessen.com/parkhaeuser/parkhaus-akazienallee,EUR
Germany,Essen,PE03,Parkhaus Elisabeth-Krankenhaus,Parken in Essen GmbH & Co. KG,51.4457747,7.0326625,385,2.0,13.0,,"Klara-Kopp-Weg 4, 45138 Essen",https://www.parkenessen.com/parkhaeuser/parkhaus-elisabeth-krankenhaus,EUR
Germany,Essen,WP01,Parkhaus am Weberplatz,Wolf Parkhaus GmbH & Co. KG,51.4592,7.0086,400,1.3,11.0,,"Kreuzeskirchstraße 35, 45127 Essen",https://www.parkhaus-wolf.de/,EUR
Germany,Essen,WP02,Parkterrassen Gänsemarkt,Wolf Parkhaus GmbH & Co. KG,51.458017,7.0090941,58,1.5,,,"Gänsemarkt, 45127 Essen",https://www.parkhaus-wolf.de/,EUR
Germany,Leipzig,QP01,Tiefgarage Am Museumswinkel,Q-Park,51.3430125,12.3759163,77,1.5,18.0,,"Reichsstraße 19, 04109 Leipzig",https://www.q-park.de/de-de/staedte/leipzig/am-museumswinkel/,EUR
Germany,Leipzig,QP02,Tiefgarage Augustusplatz,Q-Park,51.3391235,12.3800921,1244,2.5,20.0,,"Goethestraße, 04109 Leipzig",https://www.q-park.de/de-de/staedte/leipzig/augustusplatz/,EUR
Germany,Leipzig,QP03,Parkhaus Forum am Brühl,Q-Park,51.3432438,12.3799451,52,3.0,50.0,,"Richard-Wagner-Straße 3, 04109 Leipzig",https://www.q-park.de/de-de/staedte/leipzig/forum-am-br%C3%BChl/,EUR
Germany,Leipzig,QP04,Tiefgarage Marktgalerie,Q-Park,51.33963,12.3721224,480,2.5,20.0,,"Thomaskirchhof, 04109 Leipzig",https://www.q-park.de/de-de/staedte/leipzig/marktgalerie/,EUR
Germany,Leipzig,QP05,Tiefgarage The Post,Q-Park,51.3389884,12.383254,179,2.2,18.0,,"Grimmaischer Steinweg 5, 04103 Leipzig",https://www.q-park.de/de-de/staedte/leipzig/the-post/,EUR
Germany,Leipzig,AP01,Burgplatz Tiefgarage,APCOA,51.336665,12.372178,74,3.5,25.0,,"Petersstraße 36-44, 04109 Leipzig",https://www.apcoa.de/einmal-parken/standorte/leipzig/burgplatz,EUR
Germany,Leipzig,AP02,Petersbogen Tiefgarage,APCOA,51.336699,12.372291,554,2.6,20.0,True,"Lotterstraße 1, 04109 Leipzig",https://www.apcoa.de/einmal-parken/standorte/leipzig/petersbogen,EUR
Germany,Leipzig,AP03,Petersbogen / NH Hotel,APCOA,51.3367691,12.37255382,43,2.9,23.0,True,"Lotterstraße 1, 04109 Leipzig",https://www.apcoa.de/einmal-parken/standorte/leipzig/petersbogen-/-nh-hotel,EUR
Germany,Leipzig,AP04,Neumarkt Tiefgarage,APCOA,51.33732,12.375833,412,2.6,20.0,True,"Peterskirchhof 7, 04109 Leipzig",https://www.apcoa.de/einmal-parken/standorte/leipzig/neumarkt,EUR
Germany,Leipzig,AP05,Radisson Tiefgarage,APCOA,51.349793,12.380005,85,2.5,24.0,True,"Berliner Straße 22-30, 04105 Leipzig",https://www.apcoa.de/einmal-parken/standorte/leipzig/radisson,EUR
Germany,Leipzig,CP01,Parkhaus Martin-Luther-Ring,Contipark,51.33776,12.36994,400,2.0,15.0,,"Otto-Schill-Straße 3-5, 04109 Leipzig",https://www.contipark.de/de/parken/leipzig/parkhaus-martin-luther-ring/,EUR
Germany,Leipzig,BB01,Parkhaus Höfe am Brühl,B+B Parkhaus,51.3438139,12.3767088,820,2.5,18.0,True,"Am Hallischen Tor 2, 04109 Leipzig",https://www.bb-parkhaus.de/staedte/leipzig/parkhaus-hoefe-am-bruehl,EUR
Germany,Leipzig,BB02,Parkplatz Deutrichshof,B+B Parkhaus,51.340466,12.377022,85,,18.5,,"Reichsstraße 10, 04109 Leipzig",https://www.bb-parkhaus.de/staedte/leipzig/parkplatz-deutrichshof,EUR
Germany,Leipzig,BB03,Tiefgarage Bundesverwaltungsgericht,B+B Parkhaus,51.3323805,12.3696731,311,2.0,12.0,True,"Beethovenstraße 11, 04107 Leipzig",https://www.bb-parkhaus.de/staedte/leipzig/tiefgarage-bundesverwaltungsgericht,EUR
Germany,Leipzig,PH01,Parkhaus Promenaden Hauptbahnhof West,ECE Marketplaces (Promenaden Hauptbahnhof),51.346670773501,12.379982471466,686,2.0,8.0,,"Willy-Brandt-Platz 7 (Zufahrt Kurt-Schumacher-Straße), 04109 Leipzig",https://www.promenaden-hauptbahnhof-leipzig.de/service/anfahrt-parken/parken/,EUR
Germany,Leipzig,PH02,Parkhaus Promenaden Hauptbahnhof Ost,ECE Marketplaces (Promenaden Hauptbahnhof),51.345427,12.384541,574,2.0,16.0,True,"Willy-Brandt-Platz 7 (Zufahrt Brandenburger Straße), 04103 Leipzig",https://www.promenaden-hauptbahnhof-leipzig.de/service/anfahrt-parken/parken/,EUR
Germany,Leipzig,GB01,Fernbus-Terminal Hbf,Goldbeck Parking Services,51.3452107,12.3844579,550,1.5,15.0,,"Sachsenseite 3, 04103 Leipzig",https://www.bahnhof.de/en/leipzig-hbf/parking-spaces,EUR
Germany,Mönchengladbach,QP01,Marktstieg,Q-Park,51.1949112,6.432992,155,1.7,17.0,,"Marktstieg 12, 41061 Mönchengladbach",https://www.q-park.de/de-de/staedte/m%C3%B6nchengladbach/marktstieg/,EUR
Germany,Mönchengladbach,QP02,Peek & Cloppenburg,Q-Park,51.1935084,6.4340662,123,1.7,17.0,,"Krichelstraße 26, 41061 Mönchengladbach","https://www.q-park.de/de-de/staedte/m%c3%b6nchengladbach/peek-,-a-,-cloppenburg/",EUR
Germany,Mönchengladbach,SABA01,Parking Saba Mönchengladbach,Saba,51.19627,6.43957,,2.0,20.0,,"Steinmetzstraße 46, 41061 Mönchengladbach",https://www.sabaparking.com/de/parkplatze-m%C3%B6nchengladbach/parking-saba-m%C3%B6nchengladbach,EUR
Germany,Mönchengladbach,BB01,Parkhaus Oskar-Kühlen-Straße,B+B Parkhaus,51.193785,6.440922,280,,10.0,True,"Oskar-Kühlen-Straße 1-15, 41061 Mönchengladbach",https://www.bb-parkhaus.de/staedte/moenchengladbach/parkhaus-oskar-kuehlen-strasse,EUR
Germany,Mönchengladbach,BB02,Parkhaus Stepgesstraße/Minto Süd,B+B Parkhaus,51.193267,6.4384,350,,12.0,True,"Stepgesstraße 21, 41061 Mönchengladbach",https://www.bb-parkhaus.de/staedte/moenchengladbach/parkhaus-stepgesstrasse-minto-sued,EUR
Germany,Mönchengladbach,PMG01,Parkhaus Rheydt Marktplatz (Tiefgarage Rheydt Markt),ParkenMG,51.1632896,6.4464312,223,1.5,15.0,True,"Limitenstraße 21, 41236 Mönchengladbach",https://parkenmg.de/,EUR
Germany,Mönchengladbach,DBP01,Mönchengladbach Hbf City-Ost / Vitusbad,DB BahnPark,51.1972144,6.4501595,575,2.0,,,"Breitenbachstraße 50, 41065 Mönchengladbach",https://www.bahnhof.de/en/moenchengladbach-hbf/parking-spaces,EUR
Germany,Mönchengladbach,DBP02,Mönchengladbach Hbf Güterstraße 43,DB BahnPark,51.1977142,6.4485256,33,,,,"Güterstraße 43, 41065 Mönchengladbach",https://www.bahnhof.de/en/moenchengladbach-hbf/parking-spaces,EUR
Germany,Mönchengladbach,DBP03,Mönchengladbach Hbf Hindenburgstraße 232,DB BahnPark,51.1985456,6.4470802,22,,,,"Hindenburgstraße 232, 41061 Mönchengladbach",https://www.bahnhof.de/en/moenchengladbach-hbf/parking-spaces,EUR
Germany,Mönchengladbach,DBP04,Mönchengladbach Hbf Sittardplatz 13,DB BahnPark,51.1965464,6.4423921,29,,,,"Sittardplatz 13, 41061 Mönchengladbach",https://www.bahnhof.de/en/moenchengladbach-hbf/parking-spaces,EUR
Germany,Mönchengladbach,DBP05,Mönchengladbach Hbf Sittardstraße 32,DB BahnPark,51.1987249,6.4400387,117,,,,"Sittardstraße 32, 41061 Mönchengladbach",https://www.bahnhof.de/en/moenchengladbach-hbf/parking-spaces,EUR
Germany,Mönchengladbach,DBP06,Mönchengladbach Hbf Stadtsparkasse Mönchengladbach,DB BahnPark,51.1958682,6.4443818,220,1.2,,,"Goebenstraße 12, 41061 Mönchengladbach",https://www.bahnhof.de/en/moenchengladbach-hbf/parking-spaces,EUR
Germany,Mönchengladbach,DBP07,Rheydt Hbf Mittelstraße 4,DB BahnPark,51.1656145,6.4384706,44,,,,"Mittelstraße 4, 41236 Mönchengladbach",https://www.bahnhof.de/en/rheydt-hbf/parking-spaces,EUR
Germany,Mönchengladbach,DBP08,Rheydt Hbf Rheydt Hauptbahnhof,DB BahnPark,51.1632253,6.4396734,60,,,,"Mittelstraße, 41063 Mönchengladbach",https://www.bahnhof.de/en/rheydt-hbf/parking-spaces,EUR
Germany,Mönchengladbach,DBP09,Rheydt Hbf Rheydter Ring-Hbf.,DB BahnPark,51.1646291,6.4402631,301,2.0,14.0,,"Langensgasse 12, 41236 Mönchengladbach",https://www.bahnhof.de/en/rheydt-hbf/parking-spaces,EUR
Germany,Mönchengladbach,DBP10,Mönchengladbach-Lürrip Park & Ride,DB BahnPark,51.2033548,6.474436,221,,,,"Volksbadstraße 72, 41065 Mönchengladbach",https://www.bahnhof.de/en/moenchengladbach-luerrip/parking-spaces,EUR
Germany,Mönchengladbach,PPG01,Nordpark P8,PPG-Nordpark,51.1746249,6.3864883,400,1.5,7.0,True,"Hennes-Weisweiler-Allee 1, 41179 Mönchengladbach",https://www.ppg-nordpark.de/parken/,EUR
Germany,Wiesbaden,QP01,Parkhaus Lili,Q-Park,50.0712635,8.2416826,1101,2.0,12.0,True,"Klingholz Straße 7, 65189 Wiesbaden",https://www.q-park.de/de-de/staedte/wiesbaden/lili/,EUR
Germany,Wiesbaden,CP01,Tiefgarage Kurhaus,Contipark,50.085565,8.246285,,4.0,33.0,,"Wilhelmstraße, 65189 Wiesbaden",https://www.contipark.de/de/parken/wiesbaden/tiefgarage-kurhaus/,EUR
Germany,Wiesbaden,CP02,Tiefgarage RheinMain CongressCenter RMCC,Contipark,50.075401,8.245006,,2.5,12.0,,"Friedrich-Ebert-Allee 1, 65189 Wiesbaden",https://www.contipark.de/de/parken/wiesbaden/tiefgarage-rheinmain-congresscenter-rmcc/,EUR
Germany,Wiesbaden,DB01,Parkplatz Bahnhof Mainz-Kastel P1,DB BahnPark,50.007078,8.282937,,2.0,5.5,,"Eisenbahnstraße, 55252 Wiesbaden",https://www.contipark.de/de/parken/wiesbaden/parkplatz-bahnhof-mainz-kastel-p1/,EUR
Germany,Wiesbaden,DB02,Parkplatz Bahnhof Mainz-Kastel P2,DB BahnPark,50.005802,8.283953,,,,,"Rheinufer 6, 55252 Wiesbaden",https://www.contipark.de/de/parken/wiesbaden/parkplatz-bahnhof-mainz-kastel-p2/,EUR
Germany,Wiesbaden,DB03,Parkplatz Bahnhof Mainz-Kastel P3,DB BahnPark,50.006352,8.282604,,2.0,6.0,,"Rheinufer 4-6, 55252 Wiesbaden",https://www.contipark.de/de/parken/wiesbaden/parkplatz-bahnhof-mainz-kastel-p3/,EUR
Germany,Wiesbaden,DB04,Parkplatz Bahnhof Vorderseite P4 Mainz-Kastel (Dauerparker),DB BahnPark,50.006446,8.283681,,,,,"Müfflingstrasse, 55252 Wiesbaden",https://www.contipark.de/de/parken/wiesbaden/parkplatz-bahnhof-vorderseite-p4-mainz-kastel-dauerparker/,EUR
Germany,Wiesbaden,DB05,Parkplatz Hauptbahnhof Ostseite P3,DB BahnPark,50.069028,8.245424,,1.5,6.0,,"Salzbachstraße, 65189 Wiesbaden",https://www.contipark.de/de/parken/wiesbaden/parkplatz-hauptbahnhof-ostseite-p3/,EUR
Germany,Wiesbaden,DB06,Parkplatz Hauptbahnhof Vorplatz P1,DB BahnPark,50.070549,8.245044,,3.0,7.0,,"Salzbachstraße, 65189 Wiesbaden",https://www.contipark.de/de/parken/wiesbaden/parkplatz-hauptbahnhof-vorplatz-p1/,EUR
Germany,Wiesbaden,BB01,Parkhaus Justiz-Verwaltungs-Zentrum,B+B Parkhaus,50.062286,8.254966,511,3.5,15.0,True,"Weidenbornstraße 5, 65189 Wiesbaden",https://www.bb-parkhaus.de/staedte/wiesbaden/parkhaus-justiz-verwaltungs-zentrum,EUR
Germany,Wiesbaden,LP01,Parkhaus City,Lilienparken (WiBau),50.0821339,8.2356406,415,2.0,20.0,,"Schwalbacher Str. 38-42, 65183 Wiesbaden",https://lilienparken.de/unsere-parkflaechen/,EUR
Germany,Wiesbaden,LP02,Parkhaus Mauritiusgalerie,Lilienparken (WiBau),50.0857216,8.2357626,432,2.0,20.0,,"Schwalbacher Str. 55, 65183 Wiesbaden",https://lilienparken.de/unsere-parkflaechen/,EUR
Germany,Wiesbaden,LP03,Parkhaus Luisenplatz,Lilienparken (WiBau),50.0784797,8.2397465,292,2.0,20.0,,"Luisenplatz 20, 65185 Wiesbaden",https://lilienparken.de/unsere-parkflaechen/,EUR
Germany,Wiesbaden,LP04,Parkhaus Theater,Lilienparken (WiBau),50.0832954,8.2480115,302,2.0,20.0,,"Paulinenstraße 19, 65189 Wiesbaden",https://lilienparken.de/unsere-parkflaechen/,EUR
Germany,Wiesbaden,LP05,Parkhaus Elsässer Platz,Lilienparken (WiBau),50.0771486,8.2283546,429,1.0,8.0,True,"Klarenthaler Str. 28a, 65187 Wiesbaden",https://lilienparken.de/unsere-parkflaechen/,EUR
Germany,Wiesbaden,LP06,Parkplatz Warmer Damm,Lilienparken (WiBau),50.0839778,8.2445328,,6.0,30.0,,"Wilhelmstraße 45, 65183 Wiesbaden",https://lilienparken.de/unsere-parkflaechen/,EUR
Germany,Wiesbaden,LP07,Parkplatz Elsässer Platz,Lilienparken (WiBau),50.0798171,8.2242835,,1.5,5.0,,"Elsässer Platz, 65195 Wiesbaden",https://lilienparken.de/unsere-parkflaechen/,EUR
Germany,Wiesbaden,LP08,Parkplatz Paulinenhang,Lilienparken (WiBau),50.0872554,8.245231,130,1.5,5.0,,"Prinzessin-Elisabeth-Str. 2, 65193 Wiesbaden",https://lilienparken.de/unsere-parkflaechen/,EUR
Germany,Wiesbaden,LP09,Parkplatz Weidenborn,Lilienparken (WiBau),50.0627115,8.256308,,2.0,10.0,,"Weidenbornstraße 6, 65189 Wiesbaden",https://lilienparken.de/unsere-parkflaechen/,EUR
Germany,Wiesbaden,GWW01,Parkhaus Sauerland,GWW Wiesbaden,50.0642186,8.2083459,,1.0,6.0,,"Borkumer Straße 4, 65199 Wiesbaden",https://lilienparken.de/unsere-parkflaechen/,EUR
Germany,Wiesbaden,GWW02,Parkhaus Saalgasse 18/22,GWW Wiesbaden,50.0861757,8.2408398,,2.5,16.0,,"Saalgasse 18/22, 65183 Wiesbaden",https://lilienparken.de/unsere-parkflaechen/,EUR
Germany,Wiesbaden,GWW03,Parkhaus Weberhof,GWW Wiesbaden,50.0858177,8.2408487,,2.5,16.0,,"Saalgasse 1, 65183 Wiesbaden",https://lilienparken.de/unsere-parkflaechen/,EUR
Germany,Wuppertal,QP01,City Plaza,Q-Park,51.2554427,7.1504004,151,1.5,9.0,,"Döppersberg 51, 42103 Wuppertal",https://www.q-park.de/de-de/staedte/wuppertal/city-plaza/,EUR
Germany,Wuppertal,AP01,Neumarkt,APCOA,51.258818,7.147249,89,2.6,20.0,,"Grabenstr. 5, 42103 Wuppertal",https://www.apcoa.de/einmal-parken/standorte/wuppertal/neumarkt,EUR
Germany,Wuppertal,CP01,Parkhaus Hofkamp,Contipark,51.258833,7.150839,534,2.2,16.0,,"Hofkamp 46, 42103 Wuppertal",https://www.contipark.de/de/parken/wuppertal/parkhaus-hofkamp/,EUR
Germany,Wuppertal,CP02,Parkhaus Hofaue City,Contipark,51.257391,7.15109,346,2.0,16.0,True,"Hofaue 71, 42103 Wuppertal",https://www.contipark.de/de/parken/wuppertal/parkhaus-hofaue-city/,EUR
Germany,Wuppertal,CP03,Parkhaus Islandufer Sparkasse,Contipark,51.255387,7.145638,225,2.0,12.0,,"Islandufer 15, 42103 Wuppertal",https://www.contipark.de/de/parken/wuppertal/parkhaus-islandufer-sparkasse/,EUR
Germany,Wuppertal,CP04,Parkhaus Alter Markt,Contipark,51.270239,7.19641,290,2.0,12.0,,"Steinweg 2, 42275 Wuppertal",https://www.contipark.de/de/parken/wuppertal/parkhaus-alter-markt/,EUR
Germany,Wuppertal,CP05,Tiefgarage Johannisberg,Contipark,51.25416,7.145341,344,2.0,14.0,,"Johannisberg 1, 42103 Wuppertal",https://www.contipark.de/de/parken/wuppertal/tiefgarage-johannisberg/,EUR
Germany,Wuppertal,DB01,Parkhaus Bundesallee P1,DB BahnPark,51.25615,7.15219,205,1.5,5.0,,"Bundesallee 218-222, 42103 Wuppertal",https://www.contipark.de/de/parken/wuppertal/parkhaus-bundesallee-p1/,EUR
Germany,Wuppertal,BB01,Parkplatz Bergstraße,B+B Parkhaus,51.2586095,7.1440178,,1.2,9.0,,"Bergstraße 21, 42105 Wuppertal",https://www.bb-parkhaus.de/staedte/wuppertal/parkplatz-bergstrasse,EUR
Germany,Wuppertal,BB02,Parkplatz Kleine Klotzbahn,B+B Parkhaus,51.2588023,7.1441295,,2.0,20.0,,"Kleine Klotzbahn 37, 42105 Wuppertal",https://www.bb-parkhaus.de/staedte/wuppertal/parkplatz-kleine-klotzbahn,EUR
Germany,Wuppertal,BB03,Parkplatz Teijin,B+B Parkhaus,51.2559633,7.1427973,,2.5,20.0,,"Mäuerchen 12, 42103 Wuppertal",https://www.bb-parkhaus.de/staedte/wuppertal/parkplatz-teijin,EUR
Germany,Wuppertal,BB04,Parkplatz Wilbergstraße,B+B Parkhaus,51.2595095,7.149067,,1.2,7.2,,"Wilbergstraße 15, 42107 Wuppertal",https://www.bb-parkhaus.de/staedte/wuppertal/parkplatz-wilbergstrasse,EUR
Germany,Wuppertal,WSW01,Parkhaus Hauptbahnhof,WSW mobil GmbH,51.2551407,7.1514461,250,1.5,12.0,True,"Döppersberg 53, 42103 Wuppertal",https://www.wsw-online.de/parken-wuppertal/parkhaus-hauptbahnhof/,EUR
Germany,Wuppertal,WSW02,Parkhaus Stadthalle,WSW mobil GmbH,51.2522931,7.1403637,168,1.5,12.0,True,"Südstraße 26, 42103 Wuppertal",https://www.wsw-online.de/parken-wuppertal/parken-stadthalle/,EUR
Germany,Wuppertal,WSW03,Parkplatz Stadthalle,WSW mobil GmbH,51.2522931,7.1403637,125,1.5,12.0,,"Südstraße 26, 42103 Wuppertal",https://www.wsw-online.de/parken-wuppertal/parken-stadthalle/,EUR
Germany,Wuppertal,WSW04,Parkplatz Carnaper Platz,WSW mobil GmbH,51.2767514,7.1880167,354,1.0,4.0,,"Carnaper Platz, 42283 Wuppertal",https://www.wsw-online.de/parken-wuppertal/parkplatz-carnaper-platz/,EUR
Germany,Aachen,QP01,Parkhaus Stiftstraße,Q-Park,50.775761,6.0936171,124,3.0,15.0,,"Stiftstr. 38, 52062 Aachen",https://www.q-park.de/de-de/staedte/aachen/stiftstra%C3%9Fe/,EUR
Germany,Aachen,CP01,Parkhaus Grosskölnstraße,Contipark,50.778115,6.084988,350,4.0,22.0,True,"Seilgraben 45, 52062 Aachen",https://www.contipark.de/de/parken/aachen/parkhaus-grosskoelnstrasse/,EUR
Germany,Aachen,CP02,Parkhaus Lothringerstraße,Contipark,50.771309,6.093772,342,3.5,17.0,True,"Lothringerstraße 2-14, 52062 Aachen",https://www.contipark.de/de/parken/aachen/parkhaus-lothringerstrasse/,EUR
Germany,Aachen,APAG01,Parkhaus Adalbertsteinweg,APAG,50.774352,6.099715,,2.0,12.0,True,"Adalbertsteinweg 34, 52070 Aachen",https://www.apag.de/de/parkobjekte/parkhaus-adalbertsteinweg,EUR
Germany,Aachen,APAG02,Parkhaus Adalbertstraße,APAG,50.775886,6.090755,,2.5,18.0,,"Blondelstraße, 52062 Aachen",https://www.apag.de/de/parkobjekte/parkhaus-adalbertstrasse,EUR
Germany,Aachen,APAG03,Parkhaus Couvenstraße,APAG,50.777325,6.089694,,2.5,18.0,True,"Couvenstraße 6, 52062 Aachen",https://www.apag.de/de/parkobjekte/parkhaus-couvenstrasse,EUR
Germany,Aachen,APAG04,Parkhaus EBV Carré,APAG,50.777007,6.092057,,2.5,18.0,,"Schumacherstr. 12, 52062 Aachen",https://www.apag.de/de/parkobjekte/parkhaus-ebv-carre,EUR
Germany,Aachen,APAG05,Parkhaus Eurogress,APAG,50.780654,6.09267,,2.0,12.0,True,"Monheimsallee 44, 52062 Aachen",https://www.apag.de/de/parkobjekte/parkhaus-eurogress,EUR
Germany,Aachen,APAG06,Parkhaus Galeria Kaufhof/City,APAG,50.772661,6.089889,,2.5,18.0,True,"Wirichsbongardstr. 47, 52062 Aachen",https://www.apag.de/de/parkobjekte/parkhaus-galeria-kaufhofcity,EUR
Germany,Aachen,APAG07,Parkhaus Hauptbahnhof,APAG,50.767971,6.089309,,2.5,18.0,True,"Lagerhausstraße 20, 52064 Aachen",https://www.apag.de/de/parkobjekte/parkhaus-hauptbahnhof,EUR
Germany,Aachen,APAG08,Parkplatz Ludwig Forum,APAG,50.78184,6.101984,,2.0,12.0,,"Lombardenstraße 4, 52070 Aachen",https://www.apag.de/de/parkobjekte/parkplatz-ludwig-forum,EUR
Germany,Aachen,APAG09,Parkhaus Luisenhospital,APAG,50.767855,6.07804,,1.5,8.0,,"Weberstraße 2, 52064 Aachen",https://www.apag.de/de/parkobjekte/parkhaus-luisenhospital,EUR
Germany,Aachen,APAG10,Parkplatz Luisenhospital,APAG,50.767823,6.076306,,2.4,16.0,,"Boxgraben 99, 52064 Aachen",https://www.apag.de/de/parkobjekte/parkplatz-luisenhospital,EUR
Germany,Aachen,APAG11,Parkplatz Pontstraße,APAG,50.781642,6.0797,,2.0,12.0,,"Wittekindstraße, 52062 Aachen",https://www.apag.de/de/parkobjekte/parkplatz-pontstrasse,EUR
Germany,Aachen,APAG12,Parkhaus Rathaus,APAG,50.777266,6.084305,380,2.5,18.0,True,"Mostardstraße 5, 52062 Aachen",https://www.apag.de/de/parkobjekte/parkhaus-rathaus,EUR
Germany,Aachen,APAG13,Parkhaus Tivoli,APAG,50.794143,6.096725,,1.0,5.0,True,"Krefelderstraße 205, 52070 Aachen",https://www.apag.de/de/parkobjekte/parkhaus-tivoli,EUR
Germany,Aachen,APAG14,Parkplatz Uniklinik Franziskus,APAG,50.76486,6.07049,,1.5,8.0,True,"Lütticher Str., 52074 Aachen",https://www.apag.de/de/parkobjekte/parkplatz-uniklinik-franziskus,EUR
Germany,Aachen,APAG15,Parkhaus Uniklinik RWTH,APAG,50.7739,6.045749,,2.0,10.0,True,"Kullenhofstraße 80, 52074 Aachen",https://www.apag.de/de/parkobjekte/parkhaus-uniklinik-rwth,EUR
Germany,Aachen,APAG16,Parkplatz Uniklinik RWTH P1,APAG,50.774804,6.0457,,2.0,10.0,,"Kullenhofstraße, 52074 Aachen",https://www.apag.de/de/parkobjekte/parkplatz-uniklinik-rwth-p1,EUR
Germany,Aachen,APAG17,Parkplatz Uniklinik RWTH P2,APAG,50.775,6.042,,2.0,10.0,,"Kullenhofstraße, 52074 Aachen",https://www.apag.de/de/parkobjekte/parkplatz-uniklinik-rwth-p2,EUR
Germany,Augsburg,QP01,Helio,Q-Park,48.3669312,10.886592,642,2.5,15.0,True,"Viktoriastraße 9, 86150 Augsburg",https://www.q-park.de/de-de/staedte/augsburg/helio/,EUR
Germany,Augsburg,QP02,Hochzoller Mitte,Q-Park,48.3538687,10.945053,165,2.5,12.0,False,"Hochzoller Straße 7-9, 86163 Augsburg",https://www.q-park.de/de-de/staedte/augsburg/hochzoller-mitte/,EUR
Germany,Augsburg,AP01,Universitätsklinikum Augsburg,APCOA,48.38455,10.8374,2500,1.5,16.0,True,"Stenglinstr. 2, 86156 Augsburg",https://www.apcoa.de/einmal-parken/standorte/augsburg/universitaetsklinikum-augsburg,EUR
Germany,Augsburg,AP02,Medizincampus Süd,APCOA,48.306058,10.916658,320,1.5,8.0,False,"Sauerbruchstr. 6, 86179 Augsburg",https://www.apcoa.de/einmal-parken/standorte/augsburg/medizincampus-sued,EUR
Germany,Augsburg,CP01,Tiefgarage Viktoria-Passage P1,DB BahnPark,48.365272,10.891605,203,2.5,11.0,False,"Viktoriastraße 2, 86150 Augsburg",https://www.contipark.de/de/parken/augsburg/tiefgarage-viktoria-passage-p1/,EUR
Germany,Augsburg,CP02,Parkhaus Halderstraße,Contipark,48.366229,10.887784,540,3.5,16.0,False,"Halderstraße 3-9, 86150 Augsburg",https://www.contipark.de/de/parken/augsburg/parkhaus-halderstrasse/,EUR
Germany,Augsburg,CP03,Parkhaus Ludwigstraße,Contipark,48.370648,10.893545,350,3.5,18.0,True,"Ludwigstraße 28, 86152 Augsburg",https://www.contipark.de/de/parken/augsburg/parkhaus-ludwigstrasse/,EUR
Germany,Augsburg,CTP01,Parkhaus Schaezlerstraße,City-Parking,48.367118,10.892467,,2.5,15.0,,"Schaezlerstraße 9A, 86150 Augsburg",https://city-parking.de/standorte/augsburg-parkhaus-schaezlerstrasse/,EUR
Germany,Augsburg,CTP02,Parkgarage Fuggerstraße,City-Parking,48.3692497,10.8933376,,2.5,16.0,,"Fuggerstraße 20, 86150 Augsburg",https://city-parking.de/standorte/augsburg-parkgarage-fuggerstrasse/,EUR
Germany,Augsburg,CTP03,Parkwerk im Gaswerk,City-Parking,48.3874069,10.8643001,,1.5,12.0,,"Am Alten Gaswerk 7, 86156 Augsburg",https://city-parking.de/standorte/augsburg-parkwerk-im-gaswerk/,EUR
Germany,Augsburg,BPA01,Bahnhof-Parkhaus Augsburg,BPA Bahnhof-Parkhaus Betriebs-GmbH,48.3646072,10.8883892,,2.2,11.0,,"Halderstraße 29a, 86150 Augsburg",https://bahnhof-parkhaus-augsburg.de/,EUR
Germany,Augsburg,ERP01,Ernst-Reuter-Platz Parkgaragen,Ernst-Reuter-Platz Parkgaragen und Immobilien GmbH & Co. KG,48.3687708,10.8947136,,2.5,16.0,,"Ernst-Reuter-Platz 2, 86150 Augsburg",https://www.erp-parken.de/,EUR
Germany,Augsburg,AUG01,Augusta-Garage,AUGUSTA-Parkhaus GmbH,48.3707392,10.8948558,,,,,"Im Thäle 3, 86152 Augsburg",https://www.augsburg-city.de/listings/5447-augusta-garage,EUR
Germany,Augsburg,ANN01,Parkhaus Annahof,Annahof Immobilienverwaltungs- und Betriebsgesellschaft mbH,48.3678207,10.8948019,110,2.2,14.5,,"Im Annahof 4, 86150 Augsburg",https://www.annahof-evangelisch.de/parken,EUR
Germany,Augsburg,SAL01,Salewa Parkhaus,Salewa Parkhaus (Dr. Wackerbauer GmbH & Co KG),48.3656606,10.888492,,2.2,13.0,,"Bahnhofstraße 29, 86150 Augsburg",https://salewa-parkhaus-augsburg.de/,EUR
Germany,Augsburg,ABC01,Parkhaus Bohus Center,abc Parkhausverwaltung,48.3650052,10.8880707,,2.0,11.0,,"Halderstraße 29, 86150 Augsburg",https://parkhaus-bohus-center.de/,EUR
Germany,Augsburg,KOL01,Kolping-Parkgarage (P14),Kolping,48.3746047,10.8945923,80,2.5,18.0,,"Jesuitengasse 10, 86152 Augsburg",https://www.die-kolping-akademie.de/ueber-uns/standorte/augsburg/parkgarage/,EUR
Germany,Augsburg,CG01,Parkhaus City-Galerie,City-Galerie Augsburg,48.3678988,10.9094826,2000,,,,"Jakoberwallstraße 49, 86153 Augsburg",https://www.city-galerie-augsburg.de/services/parkhaus-s22555/,EUR
Germany,Darmstadt,QP01,Tiefgarage Darmstadtium,Q-Park,49.8749382,8.6581774,454,2.7,17.0,,"Alexanderstraße, 64283 Darmstadt",https://www.q-park.de/de-de/staedte/darmstadt/darmstadtium/,EUR
Germany,Darmstadt,QP02,Grafenstraße,Q-Park,49.8715,8.64886,463,2.4,17.0,,"Grafenstraße 31, 64283 Darmstadt",https://www.q-park.de/de-de/staedte/darmstadt/grafenstra%C3%9Fe/,EUR
Germany,Darmstadt,QP03,Luisencenter,Q-Park,49.87136,8.65133,824,2.5,17.0,,"Luisenplatz 3, 64283 Darmstadt",https://www.q-park.de/de-de/staedte/darmstadt/luisencenter/,EUR
Germany,Darmstadt,QP04,Schlossgarage Friedensplatz,Q-Park,49.8745457,8.6538108,300,2.7,17.0,,"Friedensplatz 4, 64283 Darmstadt",https://www.q-park.de/de-de/staedte/darmstadt/schlossgarage-friedensplatz/,EUR
Germany,Darmstadt,QP05,Schlossgarage Karolinenplatz,Q-Park,49.8745457,8.6538108,315,2.7,17.0,,"Friedensplatz 4, 64283 Darmstadt",https://www.q-park.de/de-de/staedte/darmstadt/schlossgarage-karolinenplatz/,EUR
Germany,Darmstadt,QP06,Zentrum (Ludwigsplatz),Q-Park,49.8696729,8.6539461,530,2.7,17.0,,"Ludwigplatz 6, 64283 Darmstadt",https://www.q-park.de/de-de/staedte/darmstadt/zentrum/,EUR
Germany,Darmstadt,AP01,Carree Darmstadt,APCOA,49.872553,8.649315,318,2.5,25.0,True,"Luisenstraße 5, 64283 Darmstadt",https://www.apcoa.de/einmal-parken/standorte/darmstadt/carree-darmstadt,EUR
Germany,Darmstadt,AP02,P&R Darmstadt,APCOA,49.870579,8.624023,410,2.0,10.0,,"Robert-Bosch-Straße 15, 64293 Darmstadt",https://www.apcoa.de/einmal-parken/standorte/darmstadt/pr-darmstadt,EUR
Germany,Darmstadt,CP01,Tiefgarage Hauptbahnhof P1 (DB BahnPark),Contipark,49.874134,8.631907,180,1.5,5.0,,"Poststraße, 64293 Darmstadt",https://www.contipark.de/de/parken/darmstadt/tiefgarage-hauptbahnhof-p1-darmstadt/,EUR
Germany,Darmstadt,BV01,Parkhaus Bad Nauheimer Straße 2,Bauverein AG,49.8863334,8.6537268,402,0.5,5.0,,"Bad Nauheimer Straße 2, 64289 Darmstadt",https://www.bauvereinag.de/kunde-werden/parkhaeuser,EUR
Germany,Darmstadt,BV02,Parkhaus Holzstraße 6 (Justus-Liebig-Garage),Bauverein AG,49.8722208,8.6575994,222,1.8,,,"Holzstraße 6, 64293 Darmstadt",https://www.bauvereinag.de/kunde-werden/parkhaeuser,EUR
Germany,Darmstadt,BV03,Parkhaus Lauteschlägerstraße 25,Bauverein AG,49.87786385,8.66082085,84,1.0,,,"Lauteschlägerstraße 25, 64289 Darmstadt",https://www.bauvereinag.de/kunde-werden/parkhaeuser,EUR
Germany,Darmstadt,BV04,Parkhaus Stiftstraße 15,Bauverein AG,49.8753856,8.6633635,128,1.8,,,"Stiftstraße 15, 64287 Darmstadt",https://www.bauvereinag.de/kunde-werden/parkhaeuser,EUR
Germany,Darmstadt,BV05,Parkhaus Heidelberger Landstraße 186,Bauverein AG,49.8206089,8.6445527,50,1.5,,,"Heidelberger Landstraße 186, 64297 Darmstadt",https://www.bauvereinag.de/kunde-werden/parkhaeuser,EUR
Germany,Darmstadt,BV06,Parkhaus Stresemannstraße 24,Bauverein AG,49.8034641,8.6437533,360,0.5,5.0,,"Stresemannstraße 24, 64297 Darmstadt",https://www.bauvereinag.de/kunde-werden/parkhaeuser,EUR
Germany,Darmstadt,AD01,Parkhaus Adelungstraße,Independent (Parkhaus Adelungstraße),49.8710476,8.6480936,96,2.0,12.0,,"Adelungstraße 23, 64283 Darmstadt",https://www.parkhaus-adelungstrasse.de/parkhaus.html,EUR
Germany,Darmstadt,WI01,Parkgarage WILHELMIN,City Parking Deutschland,49.8695438,8.6523234,,2.0,16.0,,"Wilhelminenstraße 10, 64283 Darmstadt",https://city-parking.de/standorte/darmstadt-parkgarage-wilhelmin/,EUR
Germany,Darmstadt,ST01,Parkhaus Staatstheater,WVV Parken,49.8690462,8.6493444,330,,15.0,,"Hügelstraße 55, 64283 Darmstadt",https://www.darmstadt-citymarketing.de/service/parken.html,EUR
Germany,Erfurt,QP01,Anger 1,Q-Park,50.97793,11.03724,716,1.9,13.0,True,"Fleischgasse 2, 99084 Erfurt",https://www.q-park.de/de-de/staedte/erfurt/anger-1/,EUR
Germany,Erfurt,SWE01,Parkhaus Domplatz,SWE Parken,50.9781627,11.0223989,320,2.5,15.0,True,"Bechtheimer Straße 1, 99084 Erfurt",https://www.stadtwerke-erfurt.de/pb/swe/produkte+_+leistungen/parken/parkhaus+domplatz,EUR
Germany,Erfurt,SWE02,Parkhaus Hauptbahnhof,SWE Parken,50.9729803,11.0377538,286,2.5,15.0,True,"Willy-Brandt-Platz 2, 99084 Erfurt",https://www.stadtwerke-erfurt.de/pb/swe/produkte+_+leistungen/parken/parkhaus+hauptbahnhof,EUR
Germany,Erfurt,SWE03,Parkhaus Forum 1,SWE Parken,50.9739719,11.0332275,250,2.5,15.0,,"Hirschlachufer 7, 99084 Erfurt",https://www.stadtwerke-erfurt.de/pb/swe/produkte+_+leistungen/parken/parkhaus+forum+1,EUR
Germany,Erfurt,SWE04,Parkhaus Forum 2/3,SWE Parken,50.9739719,11.0332275,467,2.0,12.0,,"Hirschlachufer 7, 99084 Erfurt",https://www.stadtwerke-erfurt.de/pb/swe/produkte+_+leistungen/parken/parkhaus+forum+2_3,EUR
Germany,Erfurt,SWE05,Parkhaus Thomaseck,SWE Parken,50.9728763,11.0345435,314,,12.0,,"Thomasstraße 83, 99084 Erfurt",https://www.stadtwerke-erfurt.de/pb/swe/produkte+_+leistungen/parken/parkhaus+thomaseck,EUR
Germany,Erfurt,SWE06,Parkhaus Stadtwerke,SWE Parken,50.9900348,11.0298419,400,2.0,7.0,True,"Rosa-Luxemburg-Straße 47, 99086 Erfurt",https://www.stadtwerke-erfurt.de/pb/swe/produkte+_+leistungen/parken/parkhaus+stadtwerke,EUR
Germany,Erfurt,SWE07,Parkhaus Am Stadion,SWE Parken,50.9632667,11.0370832,427,2.0,10.0,True,"Johann-Sebastian-Bach-Straße 2a, 99096 Erfurt",https://www.stadtwerke-erfurt.de/pb/swe/produkte+_+leistungen/parken/parkhaus+am+stadion,EUR
Germany,Erfurt,SWE08,Parkhaus Am Hirschgarten,SWE Parken,50.9722433,11.0293015,548,2.5,15.0,True,"Juri-Gagarin-Ring 11, 99094 Erfurt",https://www.stadtwerke-erfurt.de/pb/swe/produkte+_+leistungen/parken/parkhaus_hirschgarten,EUR
Germany,Erfurt,SWE09,Parkplatz Forum 2,SWE Parken,50.9739719,11.0332275,58,2.5,15.0,,"Hirschlachufer 7, 99084 Erfurt",https://www.stadtwerke-erfurt.de/pb/swe/produkte+_+leistungen/parken/parkplatz+forum+2,EUR
Germany,Erfurt,SWE10,Parkplatz Forum 4,SWE Parken,50.9739719,11.0332275,99,2.5,15.0,,"Hirschlachufer 7, 99084 Erfurt",https://www.stadtwerke-erfurt.de/pb/swe/produkte+_+leistungen/parken/parkplatz+forum+4,EUR
Germany,Erfurt,GB01,Parkhaus Reglermauer,GOLDBECK Parking Services,50.97547,11.03648,328,2.0,20.0,True,"Reglermauer 2, 99084 Erfurt",https://www.goldbeck-parking.de/news/erfurt,EUR
Germany,Erfurt,CP01,Tiefgarage Theater Erfurt,city-parking,50.97453,11.01818,106,2.0,12.0,,"Theaterplatz 1, 99084 Erfurt",https://city-parking.de/standorte/erfurt-tiefgarage-theater-erfurt/,EUR
Germany,Erfurt,DBP01,Parkplatz Hbf Zum Güterbahnhof P1,DB BahnPark,50.974424,11.043671,110,1.5,10.0,,"Am Güterbahnhof, 99085 Erfurt",https://www.contipark.de/de/parken/erfurt/parkplatz-hbf-zum-gueterbahnhof-p1/,EUR
Germany,Heidelberg,QP01,Q-Park Sofienquartier,Q-Park,49.4101357,8.6932514,649,2.4,20.0,True,"Sofienstraße 7A, 69115 Heidelberg",https://www.q-park.de/de-de/staedte/heidelberg/sofienquartier/,EUR
Germany,Heidelberg,QP02,Q-Park Bismarckplatz,Q-Park,49.4099014,8.6918901,51,2.4,20.0,,"Schneidmühlstraße 5, 69115 Heidelberg",https://www.q-park.de/de-de/staedte/heidelberg/bismarckplatz/,EUR
Germany,Heidelberg,DB01,DB BahnPark Hauptbahnhof Lessingstraße P2,DB BahnPark,49.402839,8.677944,90,1.0,5.0,,"Lessingstraße, 69115 Heidelberg",https://www.contipark.de/de/parken/heidelberg/parkplatz-hauptbahnhof-lessingstrasse-p2/,EUR
Germany,Heidelberg,SW01,Henschel,Stadtwerke Heidelberg Garagen GmbH,49.41168783,8.69673066,220,2.5,20.5,True,"Untere Neckarstraße 2, 69117 Heidelberg",https://parken.heidelberg.de/detailView/P6,EUR
Germany,Heidelberg,SW02,Friedrich-Ebert-Platz,Stadtwerke Heidelberg Garagen GmbH,49.40857229,8.69861561,256,2.5,20.5,True,"Friedrich-Ebert-Platz, 69117 Heidelberg",https://parken.heidelberg.de/detailView/P10,EUR
Germany,Heidelberg,SW03,Kornmarkt/Schloss,Stadtwerke Heidelberg Garagen GmbH,49.41130104,8.71202897,258,2.5,20.5,True,"Neue Schlossstraße, 69117 Heidelberg",https://parken.heidelberg.de/detailView/P12,EUR
Germany,Heidelberg,SW04,Nordbrückenkopf,Stadtwerke Heidelberg Garagen GmbH,49.41362573,8.69252242,238,2.5,20.5,True,"Uferstraße, 69120 Heidelberg",https://parken.heidelberg.de/detailView/P16,EUR
Germany,Heidelberg,SW05,Campbell Barracks,Stadtwerke Heidelberg Garagen GmbH,49.38771538,8.68101524,365,2.0,20.0,True,"Nina-Simone-Straße 6, 69126 Heidelberg",https://parken.heidelberg.de/detailView/P19,EUR
Germany,Heidelberg,SW06,Parkhaus hip,Stadtwerke Heidelberg Garagen GmbH,49.3954774,8.6702232,671,2.5,21.5,True,"Caroline-Herschel-Straße 1, 69124 Heidelberg",https://parken.heidelberg.de/detailView/P20,EUR
Germany,Heidelberg,SW07,Heidelberg Congress Center,Stadtwerke Heidelberg Garagen GmbH,49.401034,8.673647,300,2.0,18.0,,"Goeppert-Mayer-Straße, 69115 Heidelberg",https://parken.heidelberg.de/detailView/P21,EUR
Germany,Heidelberg,SW08,Europaplatz,Stadtwerke Heidelberg Garagen GmbH,49.40317681,8.67428642,162,2.0,19.5,,"Max Planck Ring 14, 69115 Heidelberg",https://parken.heidelberg.de/detailView/P22,EUR
Germany,Heidelberg,SW09,Mathematikon,Stadtwerke Heidelberg Garagen GmbH,49.41844137,8.67531771,192,1.5,23.5,True,"Berliner Straße 41-49, 69120 Heidelberg",https://parken.heidelberg.de/detailView/P25,EUR
Germany,Heidelberg,PBW01,Am Theater,PBW (Parkraumgesellschaft Baden-Württemberg),49.40912579,8.70289004,474,2.3,16.0,True,"Friedrich-Ebert-Anlage 51c, 69117 Heidelberg",https://parken.heidelberg.de/detailView/P9,EUR
Germany,Heidelberg,PBW02,Unibibliothek,PBW (Parkraumgesellschaft Baden-Württemberg),49.41026927,8.705099,185,2.3,16.0,True,"Graben-/Sandgasse, 69117 Heidelberg",https://parken.heidelberg.de/detailView/P11,EUR
Germany,Heidelberg,PBW03,Klinikum Bergheim,PBW (Parkraumgesellschaft Baden-Württemberg),49.40981021,8.68734874,332,2.3,16.0,True,"Thibautstr. 1A, 69115 Heidelberg",https://parken.heidelberg.de/detailView/P15,EUR
Germany,Heidelberg,EB01,Kongresshaus,E.B. Parkgaragen,49.4120721,8.69962504,330,2.0,21.0,,"Untere Neckarstraße 44, 69117 Heidelberg",https://parken.heidelberg.de/detailView/P8,EUR
Germany,Heidelberg,EB02,Karlsplatz/Rathaus,E.B. Parkgaragen,49.41276116,8.71315965,295,2.0,21.0,,"Karlsplatz, 69117 Heidelberg",https://parken.heidelberg.de/detailView/P13,EUR
Germany,Heidelberg,HI01,Hilton,Hilton Heidelberg,49.40640258,8.69175979,116,2.5,25.0,,"Kurfürstenanlage 1, 69115 Heidelberg",https://parken.heidelberg.de/detailView/P3,EUR
Germany,Heidelberg,PT01,Poststraße,Park und Tank Betriebsgesellschaft Heidelberg,49.40772852,8.68947287,592,2.5,20.0,True,"Poststraße 7, 69115 Heidelberg",https://parken.heidelberg.de/detailView/P1,EUR
Germany,Heidelberg,EH01,Europäischer Hof,Europäischer Hof (Fritz Gabler),49.40774505,8.69449174,200,2.5,23.0,True,"Friedrich-Ebert-Anlage 1, 69117 Heidelberg",https://parken.heidelberg.de/detailView/P5,EUR
Germany,Heidelberg,WS01,Kaufhof,Würzburger Stadtverkehrs GmbH,49.409091,8.69682939,415,2.0,20.0,,"Plöck 31 - 41, 69117 Heidelberg",https://parken.heidelberg.de/detailView/P7,EUR
Germany,Heidelberg,GB01,ATOS-Klinik,Grundbesitzgesellschaft Heidelberg,49.4102938,8.69161067,190,3.0,25.0,True,"Luisenstraße 7, 69117 Heidelberg",https://parken.heidelberg.de/detailView/P14,EUR
Germany,Heidelberg,SB01,Stadtbücherei,Stadtbücherei Heidelberg,49.40749955,8.68612841,34,1.5,21.5,,"Poststraße 15, 69115 Heidelberg",https://parken.heidelberg.de/detailView/P17,EUR
Germany,Heidelberg,BG01,BG RCI,BG Rohstoffe und chemische Industrie,49.40567194,8.67582048,80,2.0,18.0,,"Kurfürsten-Anlage 62, 69115 Heidelberg",https://parken.heidelberg.de/detailView/P18,EUR
Germany,Heidelberg,PR01,P+R Kirchheim,Stadt Heidelberg (P+R),49.37612,8.6586,55,,,,"Heuauer Weg, 69126 Heidelberg",https://parken.heidelberg.de/detailView/P26,EUR
Germany,Kiel,QP01,Altstadt,Q-Park,54.3227328,10.1415187,572,2.5,17.0,True,"Flämische Straße 15, 24103 Kiel",https://www.q-park.de/de-de/staedte/kiel/altstadt/,EUR
Germany,Kiel,QP02,Holstenstraße I,Q-Park,54.3217519,10.1394588,355,2.5,17.0,,"Holstenstraße 1, 24103 Kiel",https://www.q-park.de/de-de/staedte/kiel/holstenstra%C3%9Fe/,EUR
Germany,Kiel,QP03,Holstenstraße II,Q-Park,54.3220162,10.1399776,332,2.5,17.0,,"Eggerstedtstraße 4, 24103 Kiel",https://www.q-park.de/de-de/staedte/kiel/holstenstra%C3%9Fe-ii/,EUR
Germany,Kiel,CP01,Parkhaus CAP,Contipark,54.3135,10.132356,414,2.0,12.0,,"Kaistraße 54-56, 24114 Kiel",https://www.contipark.de/de/parken/kiel/parkhaus-cap/,EUR
Germany,Kiel,CP02,Parkhaus Querpassage,Contipark,54.318381,10.130619,172,2.0,12.0,,"Hopfenstr. 66, 24103 Kiel",https://www.contipark.de/de/parken/kiel/parkhaus-querpassage/,EUR
Germany,Kiel,CP03,Parkhaus Sophienhof,Contipark,54.316044,10.129132,821,2.0,12.0,,"Hopfenstraße 32, 24103 Kiel",https://www.contipark.de/de/parken/kiel/parkhaus-sophienhof/,EUR
Germany,Kiel,FP01,Förde Parkhaus,Förde Parkhaus GmbH & Co. KG,54.3203555,10.1379323,450,,19.0,,"Kaistraße 1, 24103 Kiel",https://foerdeparkhaus.de/,EUR
Germany,Kiel,EP01,Parkhaus ZOB,PSG / Eigenbetrieb Parken Kiel,54.317399,10.134265,541,2.0,16.0,True,"Auguste-Viktoria-Straße 9, 24103 Kiel",https://parkhaus-zob-kiel.de/,EUR
Germany,Kiel,EP02,Parkhaus Karstadt am Sophienblatt,GALERIA Karstadt Kaufhof GmbH,54.318801,10.131476,610,2.0,15.0,,"Hopfenstraße 60, 24114 Kiel",https://ahoi.kiel-sailing-city.de/de/kiel-sailing-city/streaming/detail/POI/p_100046078/parkhaus-karstadt-sophienblatt,EUR
Germany,Kiel,SW01,Arena-Parkhaus,Stadtwerke Kiel AG,54.320957,10.129191,180,2.0,24.0,True,"Exerzierplatz 3, 24103 Kiel",https://www.goingelectric.de/stromtankstellen/Deutschland/Kiel/Parkhaus-Arena-Parken-Wunderino-Arena-Exerzierplatz-3/63845/,EUR
Germany,Kiel,KM01,Parkplatz Exerzierplatz,Kiel-Marketing e.V./GmbH,54.321167,10.127656,450,1.5,,,"Exerzierplatz, 24114 Kiel",https://ahoi.kiel-sailing-city.de/de/kiel-sailing-city/streaming/detail/POI/p_100046084/parkplatz-exerzierplatz,EUR
Germany,Kiel,KM02,Parkhaus Dreiecksplatz,Kiel-Marketing e.V./GmbH,54.329638,10.133986,305,,,,"Preußerstraße 11, 24105 Kiel",https://ahoi.kiel-sailing-city.de/de/kiel-sailing-city/streaming/detail/POI/p_100046136/parkhaus-dreiecksplatz-preusserstrasse,EUR
Germany,Kiel,KM03,Parkhaus Gaarden,Kiel-Marketing e.V./GmbH,54.31422,10.144458,163,0.2,,,"Schulstraße 31, 24143 Kiel",https://ahoi.kiel-sailing-city.de/de/kiel-sailing-city/streaming/detail/POI/p_100046123/parkhaus-gaarden,EUR
Germany,Kiel,KM04,Parkhaus HBZ/Schauspielhaus,Kiel-Marketing e.V./GmbH,54.335857,10.132935,28,,,,"Beselerallee 67, 24105 Kiel",https://ahoi.kiel-sailing-city.de/de/kiel-sailing-city/wlan/detail/POI/p_100046129/parkhaus-hbz-schauspielhaus,EUR
Germany,Kiel,ST01,Parkhaus Steigenberger Conti Hansa,Steigenberger Hotel Conti Hansa,54.32631,10.142634,54,1.7,23.0,True,"Schloßgarten 7, 24103 Kiel",https://ahoi.kiel-sailing-city.de/de/kiel-sailing-city/streaming/detail/POI/p_100046124/parkhaus-steigenberger-conti-hansa,EUR
Germany,Ludwigshafen,QP01,BASF Medical Center,Q-Park,49.5038926,8.41498,178,,,,"Magnetbandstr. 5, 67063 Ludwigshafen am Rhein",https://www.q-park.de/de-de/staedte/ludwigshafen/basf-medical-center/,EUR
Germany,Ludwigshafen,QP02,Dammstraße,Q-Park,49.47801,8.44848,394,2.0,15.0,,"Dammstraße 10, 67059 Ludwigshafen am Rhein",https://www.q-park.de/de-de/staedte/ludwigshafen/dammstraße/,EUR
Germany,Ludwigshafen,QP03,Otto-Stabel-Straße,Q-Park,49.4781347,8.4482815,59,2.0,15.0,,"Otto-Stabel-Straße, 67059 Ludwigshafen am Rhein",https://www.q-park.de/de-de/staedte/ludwigshafen/otto-stabel-straße/,EUR
Germany,Ludwigshafen,AP01,Lusanum,APCOA,49.477491,8.453309,77,,17.0,,"Yorkstr. 1, 67061 Ludwigshafen am Rhein",https://www.apcoa.de/einmal-parken/standorte/ludwigshafen/lusanum,EUR
Germany,Ludwigshafen,CP01,Parkhaus Bürgerhof,Contipark,49.483513,8.446823,570,2.0,15.0,True,"Bahnhofstraße 7-9, 67059 Ludwigshafen am Rhein",https://www.contipark.de/de/parken/ludwigshafen/parkhaus-buergerhof/,EUR
Germany,Ludwigshafen,CP02,Tiefgarage Pfalzbau,Contipark,49.479306,8.447134,375,2.0,15.0,True,"Wredestraße 26, 67059 Ludwigshafen am Rhein",https://www.contipark.de/de/parken/ludwigshafen/tiefgarage-pfalzbau/,EUR
Germany,Ludwigshafen,DB01,Parkplatz Hauptbahnhof P1,DB BahnPark,49.475042,8.433783,90,1.0,3.0,,"Richard-Dehmel-Straße, 67061 Ludwigshafen am Rhein",https://www.contipark.de/de/parken/ludwigshafen/parkplatz-hauptbahnhof-p1-ludwigshafen/,EUR
Germany,Ludwigshafen,DB02,Parkplatz Hauptbahnhof P2,DB BahnPark,49.478137,8.435635,44,1.6,3.6,,"Pasadenaallee, 67059 Ludwigshafen am Rhein",https://www.contipark.de/de/parken/ludwigshafen/parkplatz-hauptbahnhof-p2-ludwigshafen/,EUR
Germany,Ludwigshafen,LU01,Parkhaus Walzmühle,LUKOM,49.4788462,8.4535925,1239,1.5,13.1,,"Yorckstraße 2, 67061 Ludwigshafen am Rhein",https://lukom.com/parken/,EUR
Germany,Ludwigshafen,LU02,Parkhaus Bürgermeister-Grünzweigstraße,LUKOM,49.4849488,8.4357407,258,1.5,10.5,,"Bürgermeister-Grünzweig-Straße 8, 67063 Ludwigshafen am Rhein",https://lukom.com/parken/,EUR
Germany,Ludwigshafen,LU03,Parkhaus Mottstraße,LUKOM,49.4906646,8.4375954,394,1.5,10.5,,"Mottstraße 11, 67063 Ludwigshafen am Rhein",https://lukom.com/parken/,EUR
Germany,Ludwigshafen,LU04,Tiefgarage Schillerplatz,LUKOM,49.4931019,8.3759748,131,1.5,10.5,,"Schillerplatz 12-14, 67071 Ludwigshafen am Rhein",https://lukom.com/parken/,EUR
Germany,Ludwigshafen,LU05,Parkhaus BASF Pfalzgrafenstraße,LUKOM,49.4758099,8.4536494,300,,,,"Pfalzgrafenstraße 10a, 67071 Ludwigshafen am Rhein",https://lukom.com/parken/,EUR
Germany,Saarbrücken,QP01,Am Schloss,Q-Park,49.2282076,6.9941394,490,2.7,16.0,True,"Talstraße 38, 66119 Saarbrücken",https://www.q-park.de/de-de/staedte/saarbr%c3%bccken/am-schloss/,EUR
Germany,Saarbrücken,QP02,Beethovenplatz,Q-Park,49.2377311,6.9955091,217,2.7,16.0,,"Sulzbachstraße 20, 66111 Saarbrücken",https://www.q-park.de/de-de/staedte/saarbr%c3%bccken/beethovenplatz/,EUR
Germany,Saarbrücken,QP03,Cine-Star,Q-Park,49.23867,6.98061,76,2.2,10.0,,"St. Johanner Str. 83, 66111 Saarbrücken",https://www.q-park.de/de-de/staedte/saarbr%c3%bccken/cine-star/,EUR
Germany,Saarbrücken,QP04,Lampertshof,Q-Park,49.2370572,6.9937614,464,2.7,16.0,,"Sulzbachstraße 4, 66111 Saarbrücken",https://www.q-park.de/de-de/staedte/saarbr%c3%bccken/lampertshof/,EUR
Germany,Saarbrücken,QP05,Neue Mitte,Q-Park,49.2395598,6.9932734,80,3.0,16.0,,"Ursulinenstraße 1, 66111 Saarbrücken",https://www.q-park.de/de-de/staedte/saarbr%c3%bccken/neue-mitte/,EUR
Germany,Saarbrücken,QP06,Staatstheater,Q-Park,49.2301633,6.9970142,450,2.7,16.0,True,"Schillerplatz, 66111 Saarbrücken",https://www.q-park.de/de-de/staedte/saarbr%c3%bccken/staatstheater/,EUR
Germany,Saarbrücken,QP07,Westspange,Q-Park,49.2396087,6.9831052,576,2.0,10.0,,"Unter der Westspange, 66111 Saarbrücken",https://www.q-park.de/de-de/staedte/saarbr%c3%bccken/westspange/,EUR
Germany,Saarbrücken,AP01,Europa Galerie,APCOA,49.240308,6.98688,1050,2.4,15.0,True,"Trierer Str. 1, 66111 Saarbrücken",https://www.apcoa.de/einmal-parken/standorte/saarbruecken/europa-galerie,EUR
Germany,Saarbrücken,AP02,Grülingstraße 10,APCOA,49.2447935,6.9940954,44,,,,"Grülingstraße 10, 66113 Saarbrücken",https://www.apcoa.de/einmal-parken/standorte/saarbruecken/gruelingsstrasse-10,EUR
Germany,Saarbrücken,DB01,Parkhaus Hauptbahnhof City P9,DB BahnPark,49.23987,6.99444,398,2.0,8.0,True,"Ursulinenstraße 31, 66111 Saarbrücken",https://www.contipark.de/de/parken/saarbruecken/parkhaus-hauptbahnhof-city-p9/,EUR
Germany,Saarbrücken,DB02,Parkhaus Hauptbahnhof Bahnhofstraße P7,DB BahnPark,49.238325,6.991323,450,2.0,6.0,,"Victoriastraße 19, 66111 Saarbrücken",https://www.contipark.de/de/parken/saarbruecken/parkhaus-hauptbahnhof-bahnhofstrasse-p7/,EUR
Germany,Saarbrücken,DB03,Parkplatz Hauptbahnhof Viktoriastraße P5,DB BahnPark,49.240129,6.993238,6,2.5,12.0,,"Viktoriastraße, 66111 Saarbrücken",https://www.contipark.de/de/parken/saarbruecken/parkplatz-hauptbahnhof-viktoriastrasse-p5/,EUR
Germany,Saarbrücken,DB04,Parkplatz Hauptbahnhof Viktoriastraße P2,DB BahnPark,49.239765,6.992471,44,2.5,12.0,,"Viktoriastraße, 66111 Saarbrücken",https://www.contipark.de/de/parken/saarbruecken/parkplatz-hauptbahnhof-viktoriastrasse-p2/,EUR
Germany,Saarbrücken,DB05,Parkplatz Hauptbahnhof Vorfahrt P1,DB BahnPark,49.240564,6.990164,37,3.0,20.0,,"Am Hauptbahnhof 4, 66111 Saarbrücken",https://www.contipark.de/de/parken/saarbruecken/parkplatz-hauptbahnhof-vorfahrt-p1-saarbruecken/,EUR
Germany,Saarbrücken,DB06,Parkplatz Hauptbahnhof am Gleis P4,DB BahnPark,49.24073,6.993225,78,3.0,8.0,,"Viktoriastraße, 66111 Saarbrücken",https://www.contipark.de/de/parken/saarbruecken/parkplatz-hauptbahnhof-am-gleis-p4/,EUR
Germany,Saarbrücken,KBS01,Parkhaus Rathaus,KBS,49.2338348,6.9966984,563,2.7,16.0,,"Kaltenbachstraße 16, 66111 Saarbrücken",https://kbs-sb.de/immobilie/parkhaus-rathaus/,EUR
Germany,Saarbrücken,KBS02,Parkhaus Hauptbahnhof,KBS,49.2404378,6.9945227,574,1.9,10.0,,"Bormannspfad 38, 66111 Saarbrücken",https://kbs-sb.de/immobilie/parkhaus-hauptbahnhof/,EUR
Germany,Saarbrücken,KBS03,Parkhaus Congresshalle,KBS,49.2393425,6.9842803,370,2.7,16.0,,"Hafenstraße 20, 66111 Saarbrücken",https://kbs-sb.de/immobilie/parkhaus-congresshalle/,EUR
Germany,Saarbrücken,KBS04,Parkplatz Roonstraße,KBS,49.2327968,6.9826806,290,2.7,16.0,,"Am Tummelplatz, 66117 Saarbrücken",https://kbs-sb.de/immobilie/parkplatz-roonstrasse/,EUR
Germany,Saarbrücken,KBS05,Parkplatz Brauerstraße (P27),KBS,49.2410366,7.0036323,187,1.2,5.0,,"Brauerstraße, 66111 Saarbrücken",https://kbs-sb.de/immobilie/parkplatz-brauerstrasse/,EUR
Germany,Saarbrücken,KBS06,Parkplatz Schützenstraße (P26),KBS,49.2407795,7.0021244,130,1.2,5.0,,"Schützenstraße, 66111 Saarbrücken",https://kbs-sb.de/immobilie/parkplatz-schuetzenstrasse/,EUR
Germany,Saarbrücken,KBS07,Parkplatz Lebacher Straße,KBS,49.2468716,6.9674199,62,1.0,4.0,,"Lebacher Straße, 66113 Saarbrücken",https://kbs-sb.de/immobilie/parkplatz-lebacher-strasse/,EUR
Germany,Saarbrücken,KBS08,Parkplatz Stromstraße (P24),KBS,49.2375876,6.971907,110,1.0,4.0,,"Stromstraße, 66115 Saarbrücken",https://kbs-sb.de/immobilie/parkplatz-stromstrasse/,EUR
Germany,Saarbrücken,KBS09,Parkplatz Dudoplatz,KBS,49.2754354,7.0328827,177,,3.0,,"An der Mühlenschule, 66125 Saarbrücken",https://kbs-sb.de/immobilie/parkplatz-dudoplatz/,EUR
Germany,Saarbrücken,KBS10,Tiefgarage Dudweiler,KBS,49.2754514,7.0373845,437,1.0,5.0,,"Am Markt 3, 66125 Saarbrücken",https://kbs-sb.de/immobilie/tiefgarage-dudweiler/,EUR
Germany,Saarbrücken,KBS11,Parkplatz Willi-Graf-Ufer,KBS,49.2354755,6.9922485,47,,,,"Willi-Graf-Ufer, 66111 Saarbrücken",https://kbs-sb.de/immobilie/parkplatz-willi-graf-ufer/,EUR
Germany,Saarbrücken,GB01,City Parkhaus P10,GOLDBECK Parking Services,49.238716,6.9876782,171,2.5,25.0,,"Hafenstraße 25a, 66111 Saarbrücken",https://www.goldbeck-parking.de/parkplatzsuche#/p/7117/City%20Parkhaus%20P10,EUR
Germany,Saarbrücken,GI01,Parkhaus Europaallee P16,GIU,49.2421839,6.9895433,455,,10.0,True,"Europaallee 16, 66113 Saarbrücken",https://www.giu.de/giu/parkhaus-europaallee/,EUR
Germany,Fürth,QP01,Carré Fürther Freiheit,Q-Park,49.4724421,10.9897202,321,3.0,20.0,True,"Friedrichstraße 13-15, 90762 Fürth",https://www.q-park.de/de-de/staedte/f%C3%BCrth/carr%C3%A9-f%C3%BCrther-freiheit/,EUR
Germany,Fürth,AP01,Mathildenstraße,APCOA,49.473994,10.987624,274,,18.0,True,"Mathildenstraße 6, 90762 Fürth",https://www.apcoa.de/einmal-parken/standorte/fuerth/mathildenstrasse,EUR
Germany,Fürth,AP02,Hornschuch-Center,APCOA,49.469697,10.994175,685,2.0,20.0,True,"Gabelsberger Straße 1, 90762 Fürth",https://www.apcoa.de/einmal-parken/standorte/fuerth/hornschuch-center,EUR
Germany,Fürth,CP01,Tiefgarage FLAIR,Contipark,49.47597,10.99079,524,3.2,15.0,True,"Königstraße 112-114, 90762 Fürth",https://www.contipark.de/de/parken/fuerth/tiefgarage-flair/,EUR
Germany,Fürth,IF01,Parkhaus Comödie,infra Fürth,49.471025,10.9860255,108,2.0,15.0,True,"Ottostraße 27, 90762 Fürth",https://www.infra-fuerth.de/privatkunden/produkte/mobilitaet/parken,EUR
Germany,Fürth,IF02,Parkhaus am Scherbsgraben,infra Fürth,49.4738502,10.9733183,313,,5.0,True,"Scherbsgraben, 90766 Fürth",https://www.infra-fuerth.de/privatkunden/produkte/mobilitaet/parken,EUR
Germany,Fürth,IF03,Parkhaus Jakobinenstraße,infra Fürth,49.4681854,10.9994391,506,1.5,9.0,True,"Gebhardtstraße 22, 90762 Fürth",https://www.infra-fuerth.de/privatkunden/produkte/mobilitaet/parken,EUR
Germany,Fürth,PR01,P+R Parkplatz Hardhöhe,VAG,49.480738,10.9555335,78,,,,"Gaußstraße 1, 90766 Fürth",https://www.infra-fuerth.de/privatkunden/produkte/mobilitaet/parken,EUR
Germany,Fürth,PR02,P+R Klinikum Fürth,VAG,49.4847432,10.9746844,310,,,True,"Jakob-Henle-Straße 1, 90766 Fürth",https://www.infra-fuerth.de/privatkunden/produkte/mobilitaet/parken,EUR
Germany,Fürth,PR03,Tiefgarage Europaallee,infra Fürth,49.4495496,10.9975656,271,,,,"Europaallee 1, 90763 Fürth",https://www.infra-fuerth.de/privatkunden/produkte/mobilitaet/parken,EUR
Germany,Offenbach,QP01,City Parkhaus,Q-Park,50.1033369,8.7622656,543,2.2,16.0,True,"Geleitstraße 27, 63065 Offenbach am Main",https://www.q-park.de/de-de/staedte/offenbach/city-parkhaus/,EUR
Germany,Offenbach,QP02,Marktplatz,Q-Park,50.1037551,8.7647907,190,2.5,16.0,True,"Waldstraße 4, 63065 Offenbach am Main",https://www.q-park.de/de-de/staedte/offenbach/marktplatz/,EUR
Germany,Offenbach,AP01,City Tower,APCOA,50.1058205,8.7630234,197,2.0,18.0,True,"Berliner Straße 74-76, 63065 Offenbach am Main",https://www.apcoa.de/parken/offenbach/city-tower/,EUR
Germany,Offenbach,CP01,Parkgarage Französisches Gäßchen,city-parking Deutschland,50.106542,8.763902,200,2.0,14.0,,"Französisches Gäßchen 6, 63065 Offenbach am Main",https://city-parking.de/standorte/offenbach-parkgarage-franzoesisches-gaesschen/,EUR
Germany,Offenbach,CP02,Parkgarage Haus der Wirtschaft,city-parking Deutschland,50.1048122,8.7684128,85,2.0,16.0,,"Berliner Straße 112-114, 63065 Offenbach am Main",https://city-parking.de/standorte/offenbach-parkgarage-haus-der-wirtschaft/,EUR
Germany,Offenbach,CP03,Parkgarage & Parkplatz OFF City-Center,city-parking Deutschland,50.1066549,8.7597055,345,1.0,24.0,,"Berliner Straße 206-216, 63065 Offenbach am Main",https://city-parking.de/standorte/offenbach-parkgarage-off-city-center/,EUR
Germany,Offenbach,CP04,Parkhaus Messe Offenbach,city-parking Deutschland,50.1125048,8.7436772,,3.0,18.0,,"Hafenallee 69, 63065 Offenbach am Main",https://city-parking.de/standorte/offenbach-am-main-parkhaus-messe-offenbach/,EUR
Germany,Offenbach,SW01,Parkhaus Innenstadt,Stadtwerke Offenbach (ESO),50.1056367,8.7683539,317,1.8,14.0,True,"Ziegelstraße 27, 63065 Offenbach am Main",https://www.offenbach.de/stadtwerke/microsite/stadtservice-dienstleistungen/parkhaus-innenstadt/index.php,EUR
Germany,Offenbach,SW02,Parkgarage Hafenzentrum,Stadtwerke Offenbach (OPG/Wemolo),50.1124358,8.754339,144,,,,"Am Hafendeck 3, 63067 Offenbach am Main",https://www.offenbach.de/verzeichnisse/yellowpages/common/parkgarage-hafenzentrum.php,EUR
Germany,Offenbach,SK01,Parkhaus Klinikum (Sana),Sana Klinikum Offenbach,50.0840445,8.7453643,350,,,,"Sprendlinger Landstraße 36, 63069 Offenbach am Main",https://www.offenbach.de/verzeichnisse/yellowpages/common/wegweiser_80997.php,EUR
Germany,Offenbach,MU01,Parkdeck Händelplatz,Stadt Offenbach (kostenlos),50.0833628,8.7528764,280,0.0,0.0,,"Händelplatz, 63069 Offenbach am Main",https://www.offenbach.de/verzeichnisse/yellowpages/common/wegweiser_81022.php,EUR
Germany,Offenbach,IN01,Parkhaus PAM (Geleitsstraße),Independent,50.1026688,8.7597615,,,,,"Geleitsstraße 8-10, 63065 Offenbach am Main",https://www.bahnhof.de/en/offenbach-main-marktplatz/parking-spaces,EUR
Germany,Leverkusen,QP01,City Center,Q-Park,51.0300201,6.9882892,996,2.0,11.0,,"Friedrich-Ebert-Straße, 51373 Leverkusen",https://www.q-park.de/de-de/staedte/leverkusen/city-center/,EUR
Germany,Leverkusen,QP02,Forum,Q-Park,51.0350333,6.9891881,380,2.0,11.0,,"Am Büchelter Hof 9, 51373 Leverkusen",https://www.q-park.de/de-de/staedte/leverkusen/forum/,EUR
Germany,Leverkusen,QP03,Luminaden,Q-Park,51.0334942,6.9846172,600,2.0,11.0,,"Wöhlerstraße 22, 51373 Leverkusen",https://www.q-park.de/de-de/staedte/leverkusen/luminaden/,EUR
Germany,Leverkusen,AP01,Wöhlerstrasse,APCOA,51.033303,6.98569,150,1.8,20.0,,"Wöhlerstrasse 15, 51373 Leverkusen",https://www.apcoa.de/einmal-parken/standorte/leverkusen/woehlerstrasse,EUR
Germany,Leverkusen,GBO01,GBO-Parkhaus Kantstraße,Gemeinnütziger Bauverein Opladen eG,51.0680064,7.0013094,339,1.0,20.0,True,"Günther-Weisenborn-Straße 21, 51379 Leverkusen",https://bauverein-opladen.de/menuepunkt-unternehmen/gbo-parkhaus/,EUR
Germany,Leverkusen,RG01,Parkhaus Rathaus-Galerie,ECE Marketplaces GmbH & Co. KG,51.0326272,6.9884133,500,1.5,15.0,,"Friedrich-Ebert-Platz 2, 51373 Leverkusen",https://www.rathaus-galerie-leverkusen.de/service/anfahrt-parken/parken/,EUR
Germany,Leverkusen,SA01,Tiefgarage Schlebusch Arcaden,Schlebusch Arcaden (Centermanagement),51.0351658,7.0507383,227,2.5,25.0,,"Am Klösterchen 5-6, 51375 Leverkusen",https://www.leverkusen.com/presse/ticketloses-parken-in-leverkusen-schlebusch-arcaden-und-karree-im-dorf-stellen-tiefgaragen-auf-digitales-system-um-50308.html,EUR
Germany,Leverkusen,KD01,Tiefgarage Karree im Dorf,Immo-Partner Vertriebs- und Verwaltungs GmbH,51.0350738,7.0490074,,2.5,25.0,,"Münsters Gäßchen 3, 51375 Leverkusen",https://www.leverkusen.com/presse/ticketloses-parken-in-leverkusen-schlebusch-arcaden-und-karree-im-dorf-stellen-tiefgaragen-auf-digitales-system-um-50308.html,EUR
Germany,Gießen,QP01,Westanlage,Q-Park,50.58568,8.6683,565,2.0,6.0,True,"Westanlage 44, 35390 Gießen",https://www.q-park.de/de-de/staedte/gie%C3%9Fen/westanlage/,EUR
Germany,Gießen,CP01,Parkhaus Selters Tor,Contipark,50.581864,8.67192,153,2.5,15.0,True,"Südanlage 26, 35390 Gießen",https://www.contipark.de/de/parken/giessen/parkhaus-selters-tor/,EUR
Germany,Gießen,DBP01,Parkhaus Am Bahnhof P4,DB BahnPark,50.580024,8.66525,247,2.0,7.5,True,"An der Alten Post 6, 35390 Gießen",https://www.contipark.de/de/parken/giessen/parkhaus-am-bahnhof-p4/,EUR
Germany,Gießen,DBP02,Parkhaus Bahnhof Lahnstraße P2,DB BahnPark,50.581377,8.662235,420,2.0,5.5,True,"Lahnstraße, 35398 Gießen",https://www.contipark.de/de/parken/giessen/parkhaus-bahnhof-lahnstrasse-p2/,EUR
Germany,Gießen,DBP03,Parkhaus Lahnstr. P1 Arbeitsamt,DB BahnPark,50.581462,8.663437,451,2.0,5.5,True,"Lahnstraße, 35390 Gießen",https://www.contipark.de/de/parken/giessen/parkhaus-bahnhof-lahnstrasse-p1/,EUR
Germany,Gießen,DBP04,Parkplatz Bahnhof Lahnstraße P3,DB BahnPark,50.580662,8.661355,65,2.0,7.0,,"Lahnstraße, 35398 Gießen",https://www.contipark.de/de/parken/giessen/parkplatz-bahnhof-lahnstrasse-p3/,EUR
Germany,Gießen,APC01,Parkhaus Neustädter,APCOA,50.588063,8.67054312,1030,1.7,17.0,,"Neustadt 28, 35390 Gießen",https://www.apcoa.de/einmal-parken/standorte/giessen/neustaedter,EUR
Germany,Gießen,WEI01,Parkhaus Am Kino,WEIMER Facility Management,50.5850837,8.6815559,387,1.0,5.0,,"Am Alten Gaswerk 5, 35390 Gießen",https://www.weimer-fm.de/parkhaus-am-kino/,EUR
Germany,Gießen,DP01,Parkhaus Dern Passage,Projektgesellschaft Am Kiesacker mbH,50.5827859,8.6687301,199,1.5,6.0,,"Westanlage 21, 35390 Gießen",https://www.giessen.de/Kurzmen%C3%BC/Adressausgabe/Parkhaus-Dern-Passage.php?ModID=9&FID=1894.25.1&La=1&mNavID=1894.57&object=tx%7C2874.1.1&sNavID=1894.57&redir=1,EUR
Germany,Gießen,GAL01,Parkhaus Karstadt (GALERIA),GALERIA Karstadt Kaufhof,50.5836661,8.6706406,860,1.5,,,"Reichensand 10, 35390 Gießen",https://www.giessen.de/Leben/Verkehr-und-Mobilit%C3%A4t/Parken/index.php?object=tx%2C2874.1&ModID=9&FID=1894.35.1&NavID=1894.57&La=1,EUR
Germany,Gießen,LC01,Parkhaus Liebig-Center,Parkhaus Liebig-Center GmbH,50.583575,8.6672196,380,1.3,,,"Flutgraben 4, 35390 Gießen",https://www.giessen.de/Kurzmen%C3%BC/Adressausgabe/Parkhaus-Liebig-Center.php?ModID=9&FID=1894.34.1&mNavID=1894.10&object=tx%7C2874.1.1&sNavID=1894.57&redir=1,EUR
Germany,Gießen,RH01,Tiefgarage Rathaus,Stadt Gießen,50.5835047,8.6795099,250,1.0,5.0,True,"Berliner Platz 1, 35390 Gießen",https://www.giessen.de/Rathaus/Tiefgarage-und-Ladestationen.php?object=tx%2C684.14789.1,EUR
Germany,Gießen,THM01,Parkhaus Ringallee/THM,THM Campus,50.5888055,8.6833461,36,,,,"Ringallee 6, 35396 Gießen",https://www.giessen.de/Leben/Verkehr-und-Mobilit%C3%A4t/Parken/index.php?object=tx%2C2874.1&ModID=9&FID=684.10502.1&NavID=1894.57&La=1,EUR
Germany,Gießen,SPK01,Tiefgarage Sparkasse (closed for construction),Sparkasse Gießen,50.5843744,8.6765868,200,,,,"Johannesstraße 5, 35390 Gießen",https://www.giessen.de/Leben/Verkehr-und-Mobilit%C3%A4t/Parken/index.php?object=tx%2C2874.1&ModID=9&FID=2874.375.1&NavID=1894.57&La=1,EUR
Germany,Gießen,FUHR01,J.H. Fuhr Parkhaus,J.H. Fuhr GmbH & Co. KG,50.5851322,8.6759212,,,,,"Weidengasse 15, 35390 Gießen",https://www.fuhr.info/parken/,EUR
Germany,Kaiserslautern,QP01,Pfalztheater,Q-Park,49.4464516,7.7702555,296,2.0,18.0,,"Martin-Luther-Straße, 67655 Kaiserslautern",https://www.q-park.de/de-de/staedte/kaiserslautern/pfalztheater/,EUR
Germany,Kaiserslautern,QP02,Stiftsplatz,Q-Park,49.444481,7.7719939,180,2.0,18.0,,"Stiftsplatz, 67655 Kaiserslautern",https://www.q-park.de/de-de/staedte/kaiserslautern/stiftsplatz/,EUR
Germany,Kaiserslautern,AP01,K in Lautern,APCOA,49.4438744,7.7645127,490,2.0,23.0,,"Fackelrondell 1, 67655 Kaiserslautern",https://www.apcoa.de/einmal-parken/standorte/kaiserslautern/k-in-lautern,EUR
Germany,Kaiserslautern,CP01,Parkhaus City Löwenstraße,Contipark,49.443345,7.765993,400,2.5,16.0,,"Löwenstraße 5, 67655 Kaiserslautern",https://www.contipark.de/de/parken/kaiserslautern/parkhaus-city-loewenstrasse/,EUR
Germany,Kaiserslautern,CP02,Parkhaus Lutrinastraße,Contipark,49.4416436,7.7727372,220,2.5,16.0,,"Badstraße 3, 67655 Kaiserslautern",https://www.contipark.de/de/parken/kaiserslautern/parkhaus-lutrinastrasse/,EUR
Germany,Kaiserslautern,DB01,Parkplatz Hauptbahnhof P1 Kiss+Ride,DB BahnPark,49.4356559,7.766049,41,1.5,15.0,,"Zollamtstraße, 67663 Kaiserslautern",https://www.contipark.de/de/parken/kaiserslautern/parkplatz-hauptbahnhof-p1-kissride/,EUR
Germany,Kaiserslautern,DB02,Parkhaus Hauptbahnhof P2 Park+Ride,DB BahnPark,49.4355635,7.7708154,359,2.0,12.0,,"Zollamtstraße 5, 67663 Kaiserslautern",https://www.contipark.de/de/parken/kaiserslautern/parkhaus-hauptbahnhof-p2-parkride/,EUR
Germany,Kaiserslautern,PH01,Parkhaus Pfaff Areal,Park Service Hüfner,49.4355603,7.7509835,361,2.0,9.0,,"Lina-Pfaff-Straße 4a, 67655 Kaiserslautern",https://www.ps-huefner.de/standort.php?ort=Kaiserslautern&id=186,EUR
Germany,Kaiserslautern,PH02,Altstadtparkhaus Rittersberg,Park Service Hüfner,49.4466703,7.7734767,372,2.0,16.0,,"Salzstraße 7, 67657 Kaiserslautern",https://www.ps-huefner.de/standort.php?ort=Kaiserslautern&id=152,EUR
Germany,Kaiserslautern,ST01,Parkhaus Central,Stadt Kaiserslautern,49.4422952,7.766896,70,1.5,15.0,,"Rosenstraße 6, 67655 Kaiserslautern",https://www.kaiserslautern.de/sozial_leben_wohnen/verkehr_parken/autos_und_co/parken/parkplatz/021338/index.html.de,EUR
Germany,Kaiserslautern,ST02,Tiefgarage Kreissparkasse,Stadt Kaiserslautern,49.4441082,7.7682505,210,2.0,20.0,,"Am Altenhof, 67655 Kaiserslautern",https://www.kaiserslautern.de/sozial_leben_wohnen/verkehr_parken/autos_und_co/parken/parkplatz/021341/index.html.de,EUR
Germany,Kaiserslautern,ST03,Parkplatz Meuthstraße I,Stadt Kaiserslautern,49.446727,7.764635,76,,2.5,,"Meuthstraße, 67655 Kaiserslautern",https://www.kaiserslautern.de/sozial_leben_wohnen/verkehr_parken/autos_und_co/parken/parkplatz/021342/index.html.de,EUR
Germany,Kaiserslautern,ST04,Parkplatz Meuthstraße II,Stadt Kaiserslautern,49.446727,7.764635,242,,,,"Meuthstraße, 67655 Kaiserslautern",https://www.kaiserslautern.de/sozial_leben_wohnen/verkehr_parken/autos_und_co/parken/parkplatz/021344/index.html.de,EUR
Germany,Rosenheim,QP01,MedicalCube,Q-Park,47.851204,12.1170866,198,2.0,16.0,True,"Eduard-Rüber-Straße 1, 83022 Rosenheim",https://www.q-park.de/de-de/staedte/rosenheim/medicalcube/,EUR
Germany,Rosenheim,VKR01,P1 Zentrum,VKR (Stadt Rosenheim),47.852389,12.127195,264,,12.0,,"Hammerweg 1, 83022 Rosenheim",https://www.rosenheim.de/buergerservice/mobilitaet/parken/p1-zentrum/,EUR
Germany,Rosenheim,VKR02,P2 KU'KO,VKR (Stadt Rosenheim),47.853065,12.125822,138,,12.0,,"Kufsteiner Straße 4, 83022 Rosenheim",https://www.rosenheim.de/buergerservice/mobilitaet/parken/p2-kuko/,EUR
Germany,Rosenheim,VKR03,P4 Mitte,VKR (Stadt Rosenheim),47.856453,12.124722,245,,12.0,,"Frühlingstraße, 83022 Rosenheim",https://www.rosenheim.de/buergerservice/mobilitaet/parken/p4-mitte/,EUR
Germany,Rosenheim,VKR04,P5 Loretowiese,VKR (Stadt Rosenheim),47.859583,12.125289,700,,3.0,,"Kapuzinerweg 1, 83022 Rosenheim",https://www.rosenheim.de/buergerservice/mobilitaet/parken/p5-loretowiese/,EUR
Germany,Rosenheim,VKR05,P6 Salinplatz,VKR (Stadt Rosenheim),47.852644,12.12278,222,,8.0,,"Salinstraße, 83022 Rosenheim",https://www.rosenheim.de/buergerservice/mobilitaet/parken/p6-salinplatz/,EUR
Germany,Rosenheim,VKR06,P7 Altstadt-Ost,VKR (Stadt Rosenheim),47.857475,12.131288,82,,12.0,,"In der Schmucken, 83022 Rosenheim",https://www.rosenheim.de/buergerservice/mobilitaet/parken/p7-altstadt-ost/,EUR
Germany,Rosenheim,VKR07,P8 Beilhack-Kinopolis,VKR (Stadt Rosenheim),47.850594,12.12616,180,2.0,10.0,,"Kufsteiner Straße, 83022 Rosenheim",https://www.rosenheim.de/buergerservice/mobilitaet/parken/p8-beilhack-kinopolis/,EUR
Germany,Rosenheim,VKR08,P9 Am Klinikum,VKR (Stadt Rosenheim),47.858313,12.13279,396,,12.0,,"In der Schmucken, 83022 Rosenheim",https://www.rosenheim.de/buergerservice/mobilitaet/parken/p9-am-klinikum/,EUR
Germany,Rosenheim,VKR09,P10 Stadtcenter,VKR (Stadt Rosenheim),47.853346,12.127699,55,,19.0,,"Brixstraße 1, 83022 Rosenheim",https://www.rosenheim.de/buergerservice/mobilitaet/parken/p10-stadtcenter/,EUR
Germany,Rosenheim,VKR10,P11 Beilhack-Gießereistraße,VKR (Stadt Rosenheim),47.849744,12.126676,170,2.0,10.0,,"Gießereistraße 6, 83022 Rosenheim",https://www.rosenheim.de/buergerservice/mobilitaet/parken/p11-beilhack-giessereistrasse/,EUR
Germany,Rosenheim,VKR11,P12 Bahnhof-Nord,VKR (Stadt Rosenheim),47.852342,12.114008,241,,12.0,,"Eduard-Rüber-Straße 5, 83022 Rosenheim",https://www.rosenheim.de/buergerservice/mobilitaet/parken/p12-bahnhof-nord/,EUR
Germany,Rosenheim,VKR12,P14 Posthöfe,VKR (Stadt Rosenheim),47.850933,12.121413,40,1.0,,,"Anton-Kathrein-Straße 4, 83022 Rosenheim",https://www.rosenheim.de/buergerservice/mobilitaet/parken/p14-posthoefe/,EUR
Germany,Rosenheim,VKR13,P18 Eisstadion,VKR (Stadt Rosenheim),47.850842,12.13138,17,0.0,0.0,,"Brianconstraße 12A, 83022 Rosenheim",https://www.rosenheim.de/buergerservice/mobilitaet/parken/p18-eisstadion/,EUR
Germany,Rosenheim,VKR14,P20 In der Schmucken,VKR (Stadt Rosenheim),47.858744,12.131835,57,,12.0,,"In der Schmucken 12, 83022 Rosenheim",https://www.rosenheim.de/buergerservice/mobilitaet/parken/p20-in-der-schmucken/,EUR
Germany,Rosenheim,VKR15,P21 Luitpoldhalle,VKR (Stadt Rosenheim),47.857758,12.119421,60,0.0,0.0,,"Stemplingerstraße, 83022 Rosenheim",https://www.rosenheim.de/buergerservice/mobilitaet/parken/p21-luitpoldhalle/,EUR
Germany,Rosenheim,VKR16,P22 Prinzregentenstraße,VKR (Stadt Rosenheim),47.856073,12.124614,30,2.0,,,"Prinzregentenstraße 14, 83022 Rosenheim",https://www.rosenheim.de/buergerservice/mobilitaet/parken/p22-prinzregentenstrasse/,EUR
Germany,Rosenheim,VKR17,P+R Klepperstraße,VKR (Stadt Rosenheim),47.84782,12.119682,395,,1.0,,"Klepperstraße 17, 83026 Rosenheim",https://www.rosenheim.de/buergerservice/mobilitaet/parken/p-r-klepperstrasse/,EUR
Germany,Rosenheim,DBB01,P13 Papinstraße (C&A Parkplatz),DB BahnPark,47.852556,12.120291,50,,12.0,,"Papinstraße 11, 83022 Rosenheim",https://www.rosenheim.de/buergerservice/mobilitaet/parken/p13-papinstrasse/,EUR
Germany,Rosenheim,CPK01,P15 Luitpoldhaus,city-parking,47.851211,12.119647,35,1.0,12.0,,"Luitpoldstraße 5, 83022 Rosenheim",https://www.rosenheim.de/buergerservice/mobilitaet/parken/p15-luitpoldhaus/,EUR
Germany,Hagen,QP01,Graf von Galen Carree,Q-Park,51.35961,7.46029,195,2.0,18.0,,"Wehringhauser Straße 2, 58095 Hagen",https://www.q-park.de/de-de/staedte/hagen/graf-von-galen-carree/,EUR
Germany,Hagen,QP02,Rathaus Galerie,Q-Park,51.3581679,7.4758729,424,2.5,13.0,,"Potthofstraße 17, 58095 Hagen",https://www.q-park.de/de-de/staedte/hagen/rathaus-galerie/,EUR
Germany,Hagen,QP03,Theater-Karree,Q-Park,51.359668,7.4666777,150,2.2,12.0,yes,"Neumarktstraße 11, 58095 Hagen",https://www.q-park.de/de-de/staedte/hagen/theater-karree/,EUR
Germany,Hagen,QP04,Volme Galerie,Q-Park,51.35938,7.47533,824,2.0,9.0,yes,"Holzmüllerstraße, 58095 Hagen",https://www.q-park.de/de-de/staedte/hagen/volme-galerie/,EUR
Germany,Hagen,QP05,Zentral Parkhaus,Q-Park,51.3615957,7.4638829,316,1.7,12.0,,"Stresemannstraße 3, 58095 Hagen",https://www.q-park.de/de-de/staedte/hagen/zentral-parkhaus/,EUR
Germany,Hagen,AP01,Bettermann,APCOA,51.359177,7.478951,153,2.09,20.0,,"Rembergstraße 4, 58095 Hagen",https://www.apcoa.de/einmal-parken/standorte/hagen/bettermann,EUR
Germany,Hagen,AP02,Volme Parkhaus,APCOA,51.362464,7.472378,505,2.0,20.0,,"Märkischer Ring 50, 58097 Hagen",https://www.apcoa.de/parken/hagen/volme-parkhaus/,EUR
Germany,Hagen,AP03,Parkplatz Rathausstraße,APCOA,51.358629,7.478024,67,2.99,20.0,,"Rathausstraße, 58095 Hagen",https://www.apcoa.de/einmal-parken/standorte/hagen/parkplatz-rathausstrasse,EUR
Germany,Hagen,AP04,Denkmalstr. 3 (Märkische Bank),APCOA,51.39594243,7.46940996,21,2.0,25.0,,"Denkmalstraße 3, 58099 Hagen",https://www.apcoa.de/einmal-parken/standorte/hagen/post,EUR
Germany,Hagen,CP01,Parkhaus City,Contipark,51.359499,7.471578,363,2.0,12.0,,"Körnerstraße 31, 58095 Hagen",https://www.contipark.de/de/parken/hagen/parkhaus-city-hagen/,EUR
Germany,Hagen,CP02,Parkplatz Hauptbahnhof P1,Contipark,51.364793,7.461589,112,1.5,5.0,,"Wehrstraße 1, 58089 Hagen",https://www.contipark.de/de/parken/hagen/parkplatz-hauptbahnhof-p1-hagen/,EUR
Germany,Hagen,CP03,Tiefgarage Sparkassen-Karree,Contipark,51.3593794,7.4731386,150,2.0,12.0,yes,"Sparkassen-Karree 1, 58095 Hagen",https://www.parkinglist.de/parkplatz/Hagen/Tiefgarage-Sparkasse-Hagen-1165,EUR
Germany,Hagen,GB01,Tiefgarage Berliner Platz,Goldbeck Parking Services,51.3618461,7.4616762,98,,18.0,,"Berliner Platz, 58095 Hagen",https://www.goldbeck-parking.de/en/Reservation/Hagen,EUR
Germany,Hagen,GB02,Parkhaus Elbershallen,Goldbeck Parking Services,51.3521088,7.4822813,350,1.5,5.0,,"Elbershallen 8, 58095 Hagen",https://www.elbershallen.de/anfahrt-parken/,EUR
Germany,Hagen,GB03,Parkhaus Springe (CineStar),Goldbeck Parking Services,51.354755,7.47965,240,,,,"Springe 1, 58095 Hagen",https://www.cinestar.de/kino-hagen/info/anfahrt,EUR
Germany,Hagen,GB04,Parkplatz Springe (Außenstellplatz),Goldbeck Parking Services,51.354755,7.47965,110,,,,"Springe 1, 58095 Hagen",https://www.cinestar.de/kino-hagen/info/anfahrt,EUR
Germany,Hagen,GB05,Parkhaus Mittelstadt,Goldbeck Parking Services,51.3567115,7.4646651,305,2.0,7.5,,"Bergischer Ring 82, 58095 Hagen",https://www.goldbeck.de/unternehmen/newsroom/news/doppelauftrag-fuer-goldbeck-parking-services-in-hagen-parkraummanagement-fuer-zwei-weitere-parkobjekte,EUR
Germany,Hagen,PE01,Potthof,Parkbetriebe Eckhardt,51.357721,7.4770494,54,1.5,12.0,,"Potthofstraße 20, 58095 Hagen",http://www.parken-mit-herz.de/potthof.html,EUR
Germany,Hagen,PE02,Peek & Cloppenburg,Parkbetriebe Eckhardt,51.3578662,7.468077,85,1.5,15.0,,"Hochstraße 80, 58095 Hagen",http://www.parken-mit-herz.de/peek.html,EUR
Germany,Hagen,PE03,Scherfig,Parkbetriebe Eckhardt,51.3577459,7.4689671,67,1.5,15.0,,"Hochstraße 116, 58095 Hagen",http://www.parken-mit-herz.de/scherfig.html,EUR
Germany,Hagen,IN01,Parkhaus Galeria Kaufhof,Unbekannt,51.3569798,7.470832,83,,,,"Hochstraße 91, 58095 Hagen",https://www.hagen.de/unser-service/mobilitaet-und-verkehr/auto-und-parken/,EUR
Germany,Mülheim an der Ruhr,QP01,Parkhaus Stadtquartier Schlossstraße,Q-Park,51.4272851,6.8783465,300,1.5,17.0,,"Ruhrstrasse 14, 45468 Mülheim an der Ruhr",https://www.q-park.de/de-de/staedte/m%C3%BClheim-an-der-ruhr/stadtquartier-schlossstra%C3%9Fe/,EUR
Germany,Mülheim an der Ruhr,QP02,Tiefgarage Stadtquartier Schlossstraße,Q-Park,51.4272851,6.8783465,200,1.5,17.0,,"Ruhrstrasse 14, 45468 Mülheim an der Ruhr",https://www.q-park.de/de-de/staedte/m%C3%BClheim-an-der-ruhr/tiefgarage-stadtquartier-schlossstra%C3%9Fe/,EUR
Germany,Mülheim an der Ruhr,AP01,Forum P1/TG,APCOA,51.42962683,6.8855648,746,1.3,17.0,,"Eppinghofer Straße, 45468 Mülheim an der Ruhr",https://www.apcoa.de/einmal-parken/standorte/muelheim-an-der-ruhr/forum-p1/tg,EUR
Germany,Mülheim an der Ruhr,MH01,Tiefgarage Schlossstraße,Betriebe der Stadt Mülheim an der Ruhr,51.4280603,6.8833874,194,2.0,15.0,,"Viktoriastraße, 45468 Mülheim an der Ruhr",https://www1.muelheim-ruhr.de/betriebe-der-stadt/tiefgaragen/110754,EUR
Germany,Mülheim an der Ruhr,MH02,Tiefgarage Synagogenplatz (Viktoriaplatz),Betriebe der Stadt Mülheim an der Ruhr,51.4290135,6.8828748,142,2.0,15.0,,"Synagogenplatz, 45468 Mülheim an der Ruhr",https://www1.muelheim-ruhr.de/betriebe-der-stadt/tiefgaragen/110754,EUR
Germany,Mülheim an der Ruhr,MH03,Tiefgarage Rathausmarkt,Betriebe der Stadt Mülheim an der Ruhr,51.4266894,6.8807036,90,2.0,20.0,,"Friedrich-Ebert-Straße, 45468 Mülheim an der Ruhr",https://www1.muelheim-ruhr.de/betriebe-der-stadt/tiefgaragen/110754,EUR
Germany,Mülheim an der Ruhr,MH04,Tiefgarage Stadthalle,Betriebe der Stadt Mülheim an der Ruhr,51.4280835,6.8716613,157,2.0,15.0,,"Bergstraße 1, 45479 Mülheim an der Ruhr",https://www1.muelheim-ruhr.de/betriebe-der-stadt/tiefgaragen/110754,EUR
Germany,Böblingen,QP01,Pulse,Q-Park,48.6879864,9.008429,350,2.0,7.5,True,"Wolfgang-Brumme-Allee 3, 71034 Böblingen",https://www.q-park.de/de-de/staedte/b%C3%B6blingen/pulse/,EUR
Germany,Böblingen,DB01,Parkplatz Bahnhof P1,DB BahnPark,48.687828,9.005529,30,2.4,12.0,,"Talstraße, 71032 Böblingen",https://www.contipark.de/de/parken/boeblingen/parkplatz-bahnhof-p1-boeblingen/,EUR
Germany,Böblingen,BB01,Parkhaus KaufCentrum,B+B Parkhaus,48.6877779,9.0096409,252,1.5,10.0,False,"Wolfgang-Brumme-Allee 18, 71034 Böblingen",https://www.bb-parkhaus.de/staedte/boeblingen/parkhaus-kaufcentrum,EUR
Germany,Böblingen,SW01,Postplatz,Stadtwerke Böblingen,48.6866606,9.0157328,,1.5,21.5,True,"Stuttgarter Straße 12, 71032 Böblingen",https://www.stadtwerke-boeblingen.de/parken/postplatz,EUR
Germany,Böblingen,SW02,Kongresshalle,Stadtwerke Böblingen,48.6832493,9.0110013,,1.5,21.5,True,"Ida-Ehre-Platz 1, 71032 Böblingen",https://www.stadtwerke-boeblingen.de/parken/kongresshalle,EUR
Germany,Böblingen,SW03,Im Höfle,Stadtwerke Böblingen,48.6836091,9.0148844,,1.5,21.5,False,"Pestalozzistraße 3, 71032 Böblingen",https://www.stadtwerke-boeblingen.de/parken/im-hoefle,EUR
Germany,Böblingen,SW04,Hautana,Stadtwerke Böblingen,48.6857442,9.0062761,,1.5,21.5,False,"Karlstraße 14, 71032 Böblingen",https://www.stadtwerke-boeblingen.de/parken/hautana,EUR
Germany,Böblingen,SW05,Marktplatz | Schlossberg,Stadtwerke Böblingen,48.6846323,9.0114982,,1.5,21.5,True,"Pfarrgasse 12, 71032 Böblingen",https://www.stadtwerke-boeblingen.de/parken/marktplatz-schlossberg,EUR
Germany,Böblingen,SW06,Am Käppele,Stadtwerke Böblingen,48.6857384,9.0172002,,,,False,"Lange Str. 1, 71032 Böblingen",https://www.stadtwerke-boeblingen.de/parken/am-kaeppele,EUR
Germany,Böblingen,SW07,Park & Ride Hulb,Stadtwerke Böblingen,48.6837466,8.9790873,,,3.0,False,"Dornierstraße, 71032 Böblingen",https://www.stadtwerke-boeblingen.de/parken/hulb,EUR
Germany,Böblingen,SW08,Park & Ride Goldberg,Stadtwerke Böblingen,48.6970503,9.0196638,,,3.0,True,"Leibnizstraße, 71032 Böblingen",https://www.stadtwerke-boeblingen.de/parken/goldberg,EUR
Germany,Böblingen,GB01,Mercaden,Goldbeck GmbH,48.6876295,9.0061604,800,1.5,8.0,False,"Wolfgang-Brumme-Allee 27, 71034 Böblingen",https://www.mercaden-boeblingen.de/services/parken/,EUR
Germany,Cottbus,QP01,Blechen Carré,Q-Park,51.75765,14.33112,461,1.7,15.0,,"Karl-Liebknecht-Straße 136, 03046 Cottbus",https://www.q-park.de/de-de/staedte/cottbus/blechen-carr%c3%a9/,EUR
Germany,Cottbus,SWC01,City-Parkhaus,Stadtwerke Cottbus,51.7577982,14.3289584,329,1.0,,,"August-Bebel-Straße 3, 03046 Cottbus",https://www.stadtwerke-cottbus.de/de/privatkunden/themen/service-center/kundenzentrum/artikel-city-parkhaus.html,EUR
Germany,Cottbus,GWC01,Parkhaus am Neustädter Platz,Gebäudewirtschaft Cottbus (GWC),51.7592317,14.3365696,380,1.0,6.0,True,"Neustädter Platz, 03046 Cottbus",https://www.gwc-cottbus.de/parkhaus/,EUR
Germany,Cottbus,SG01,Parkhaus Spreegalerie,Spree Galerie,51.7618482,14.3291846,630,1.5,15.0,,"Karl-Marx-Straße 68, 03044 Cottbus",https://spreegalerie.de/de/service/anfahrt-parken.html,EUR
Germany,Cottbus,STK01,Parkhaus StadtforumK,Stadt Cottbus,51.7577974,14.3301679,127,1.0,,,"August-Bebel-Straße 2, 03046 Cottbus",https://cottbus.de/verwaltung/gb-2/dz2-1/fb-23-immobilien/erbbaurecht-vermietung-verpachtung/stadtforum-k/,EUR
Germany,Cottbus,QSK01,Tiefgarage Schlosskirchplatz,Quartier am Schloßkirchplatz,51.759332,14.3353963,105,,14.0,True,"Neustädter Straße 12, 03046 Cottbus",https://www.sorat-hotels.com/de/hotel/cottbus/anreise/auto.html,EUR
Germany,Cottbus,DBP01,Cottbus Hbf Am Hauptbahnhof,DB BahnPark,51.7484245,14.3257282,220,1.5,15.0,,"Calauer Straße 71, 03048 Cottbus",https://www.bahnhof.de/en/cottbus-hbf/parking-spaces,EUR
Germany,Cottbus,DBP02,Cottbus Hbf Fürst-Pückler-Passage,DB BahnPark,51.7490463,14.327105,30,,,,"Vetschauer Straße, 03048 Cottbus",https://www.bahnhof.de/en/cottbus-hbf/parking-spaces,EUR
Germany,Cottbus,DBP03,Cottbus Hbf Radisson Blu Hotel,DB BahnPark,51.7491191,14.3255671,48,1.0,15.0,,"Vetschauer Straße 12, 03048 Cottbus",https://www.bahnhof.de/en/cottbus-hbf/parking-spaces,EUR
Germany,Fulda,QP01,Parkhaus Altstadt,Q-Park,50.54894,9.67698,362,2.3,15.0,True,"Brauhausstraße 6, 36037 Fulda",https://www.q-park.de/de-de/staedte/fulda/altstadt/,EUR
Germany,Fulda,QP02,Tiefgarage Stadtschloss,Q-Park,50.55364,9.67603,310,2.3,15.0,True,"Schlossstraße 1, 36037 Fulda",https://www.q-park.de/de-de/staedte/fulda/stadtschloss/,EUR
Germany,Fulda,QP03,Tiefgarage Zentrum,Q-Park,50.55176,9.67999,215,2.0,15.0,True,"Rabanusstraße 32, 36037 Fulda",https://www.q-park.de/de-de/staedte/fulda/zentrum/,EUR
Germany,Fulda,DB01,Parkplatz Bahnhof Fulda links,DB BahnPark,50.556132,9.681124,15,2.8,12.0,,"Kurfürstenstraße, 36037 Fulda",https://www.contipark.de/de/parken/fulda/parkplatz-bahnhof-p1-links-fulda/,EUR
Germany,Fulda,DB02,Parkplatz Bahnhof Fulda rechts,DB BahnPark,50.552451,9.68614,14,2.8,12.0,,"Am Bahnhof, 36037 Fulda",https://www.contipark.de/de/parken/fulda/parkplatz-bahnhof-p2-rechts-fulda/,EUR
Germany,Fulda,DB03,Parkplatz Bahnhof Fulda Viehrampe,DB BahnPark,50.556132,9.681124,72,,,,"Kurfürstenstraße, 36037 Fulda",https://www.contipark.de/de/parken/fulda/parkplatz-bahnhof-p3-viehrampe/,EUR
Germany,Fulda,EPF01,City-Parkhaus,Eigenbetrieb Parkstätten der Stadt Fulda,50.5526253,9.6810041,271,1.5,11.0,,"Lindenstraße 12, 36037 Fulda",https://www.fulda.de/serviceportal/eintrag/parkplaetze-haeuser,EUR
Germany,Fulda,EPF02,Parkhaus Bahnhofsplatz,Eigenbetrieb Parkstätten der Stadt Fulda,50.5547541,9.6843823,50,1.2,10.0,,"Am Bahnhof, 36037 Fulda",https://www.fulda.de/serviceportal/eintrag/parkplaetze-haeuser,EUR
Germany,Fulda,EPF03,Parkhaus Freibad Rosenau,Eigenbetrieb Parkstätten der Stadt Fulda,50.5461699,9.6696734,270,1.0,3.5,True,"Bardostraße, 36041 Fulda",https://www.fulda.de/serviceportal/eintrag/parkplaetze-haeuser,EUR
Germany,Fulda,EPF04,Parkhaus Hotel Fulda Mitte,Eigenbetrieb Parkstätten der Stadt Fulda,50.5507649,9.6843159,40,,,,"Lindenstraße 41, 36037 Fulda",https://www.fulda.de/serviceportal/eintrag/parkplaetze-haeuser,EUR
Germany,Fulda,EPF05,Parkhaus Kongresszentrum,Eigenbetrieb Parkstätten der Stadt Fulda,50.5574496,9.6859629,150,,,,"Esperantoplatz 1, 36037 Fulda",https://www.fulda.de/serviceportal/eintrag/parkplaetze-haeuser,EUR
Germany,Fulda,EPF06,Parkhaus Ochsenwiese,Eigenbetrieb Parkstätten der Stadt Fulda,50.5583353,9.6853824,290,1.0,3.5,,"Magdeburger Straße 22, 36037 Fulda",https://www.fulda.de/serviceportal/eintrag/parkplaetze-haeuser,EUR
Germany,Fulda,EPF07,Parkhaus Richthalle,Eigenbetrieb Parkstätten der Stadt Fulda,50.5565207,9.6857574,595,1.0,7.0,,"Zieherser Weg 2, 36037 Fulda",https://www.fulda.de/serviceportal/eintrag/parkplaetze-haeuser,EUR
Germany,Fulda,EPF08,Parkhaus Rosengarten,Eigenbetrieb Parkstätten der Stadt Fulda,50.547488,9.6708968,665,1.0,3.5,,"Am Rosengarten 27, 36037 Fulda",https://www.fulda.de/serviceportal/eintrag/parkplaetze-haeuser,EUR
Germany,Fulda,EPF09,Parkhaus Ruprechtstraße,Eigenbetrieb Parkstätten der Stadt Fulda,50.55348,9.68383,127,1.2,10.0,True,"Ruprechtstraße, 36037 Fulda",https://www.fulda.de/serviceportal/eintrag/parkplaetze-haeuser,EUR
Germany,Landshut,QP01,Bavaria Parkgaragen City Center,Q-Park,48.539649,12.1574351,617,2.0,15.0,True,"Podewilsstraße 3, 84028 Landshut",https://www.q-park.de/de-de/staedte/landshut/city-center/,EUR
Germany,Landshut,SWL01,Parkhaus Zentrum,Stadtwerke Landshut,48.5381972,12.1493928,270,2.3,14.0,True,"Badstraße 1, 84028 Landshut",https://www.stadtwerke-landshut.de/mobilitaet/parkhaeuser/,EUR
Germany,Landshut,SWL02,"Parkhaus ""An der Freyung""",Stadtwerke Landshut,48.5381365,12.1612333,184,1.2,8.5,,"Gestütstraße 1, 84028 Landshut",https://www.stadtwerke-landshut.de/mobilitaet/parkhaeuser/,EUR
Germany,Landshut,WIT01,Parkhaus Wittstraße (Oberpaur),Parkhaus Wittstraße Verwaltungs-GmbH,48.5335702,12.1484212,370,1.5,15.0,,"Wittstraße 2, 84028 Landshut",https://parkhaus-landshut.de/zeit-gebuehren/,EUR
Germany,Landshut,WIT02,Parkhaus Wittstraße (Galeria),GALERIA,48.5335702,12.1484212,173,1.5,15.0,,"Wittstraße 2, 84028 Landshut",https://erleben.landshut.de/wp-content/uploads/2025/07/Parken-in-Landshut_Monitor.pdf,EUR
Germany,Landshut,SPK01,Parkhaus Sparkasse,Sparkasse Landshut,48.5405728,12.1575448,100,,10.0,,"Bischof-Sailer-Platz / Bauhofstraße, 84028 Landshut",https://erleben.landshut.de/wp-content/uploads/2025/07/Parken-in-Landshut_Monitor.pdf,EUR
Germany,Landshut,GRI01,Parkplatz Grieserwiese,Stadt Landshut,48.530692,12.1446904,1300,,1.0,,"Grieserwiese, 84036 Landshut",https://erleben.landshut.de/wp-content/uploads/2025/07/Parken-in-Landshut_Monitor.pdf,EUR
Germany,Landshut,DBB01,Landshut (Bay) Hbf Bahnhofplatz,DB BahnPark,48.547117,12.1389937,30,,,,"Bahnhofplatz, 84032 Landshut",https://www.bahnhof.de/landshut-bay-hbf/parkplaetze,EUR
Germany,Landshut,DBB02,Landshut (Bay) Hbf Bahnhofstraße 1A,DB BahnPark,48.5464864,12.1344042,32,,,,"Bahnhofstraße 1A, 84032 Landshut",https://www.bahnhof.de/landshut-bay-hbf/parkplaetze,EUR
Germany,Landshut,DBB03,Landshut (Bay) Hbf Oberndorferstraße 11,DB BahnPark,48.5493566,12.1352671,350,,,,"Oberndorferstraße 11, 84032 Landshut",https://www.bahnhof.de/landshut-bay-hbf/parkplaetze,EUR
Germany,Landshut,DBB04,Landshut (Bay) Hbf P+R An der Überführung,DB BahnPark,48.5496387,12.1386368,194,,,,"An der Überführung 1, 84032 Landshut",https://www.bahnhof.de/landshut-bay-hbf/parkplaetze,EUR
Germany,Lüneburg,QP01,City-Parkhaus,Q-Park,53.2480556,10.404198,265,2.5,15.0,True,"Neue Sülze 9, 21335 Lüneburg",https://www.q-park.de/de-de/staedte/l%C3%BCneburg/city-parkhaus/,EUR
Germany,Lüneburg,LP01,Parkhaus am Bahnhof,Lüneparken,53.2476963,10.4208766,672,1.7,11.0,True,"Am Altenbrücker Ziegelhof 18, 21337 Lüneburg",https://lueneparken.de/parkhaeuser/am-bahnhof/,EUR
Germany,Lüneburg,LP02,Parkhaus am Klinikum,Lüneparken,53.2403388,10.3970387,568,1.5,10.0,True,"Bögelstraße 1, 21339 Lüneburg",https://lueneparken.de/am-klinikum/,EUR
Germany,Lüneburg,LP03,Parkhaus am Rathaus,Lüneparken,53.2527487,10.4027516,508,1.7,11.0,True,"Bastionstraße 3, 21335 Lüneburg",https://lueneparken.de/parkhaeuser/am-rathaus/,EUR
Germany,Lüneburg,LP04,Parkhaus im Lünepark,Lüneparken,53.254944,10.416309,625,1.7,11.0,True,"Johannes-Gutenberg-Straße 3, 21337 Lüneburg",https://lueneparken.de/parkhaeuser/im-luenepark/,EUR
Germany,Lüneburg,IND01,Parkhaus Stadtmitte,Parkhaus Stadtmitte (Jaskolla GbR),53.2469701,10.4145704,364,2.0,15.0,False,"Bei der Ratsmühle 17, 21335 Lüneburg",https://parkhaus-stadtmitte-lueneburg.de/,EUR
Germany,Lüneburg,IND02,Parkhaus Münzstraße,Goldbeck Parking Services,53.24953883635164,10.41083738207817,214,2.1,25.0,True,"Am Berge 12, 21335 Lüneburg",https://www.lueneburg.info/sehenswuerdigkeiten/parkhaus-muenzstrasse,EUR
Germany,Moers,QP01,C&A,Q-Park,51.4513757,6.6282928,140,2.0,6.0,,"Dr.-Hermann-Bähr-Straße 3, 47441 Moers","https://www.q-park.de/de-de/staedte/moers/c,-a-,a/",EUR
Germany,Moers,EN01,Mühlenstraße,ENNI,51.455268,6.625951,1000,,4.0,yes,"Mühlenstraße, 47441 Moers",https://www.enni.de/oeffentlicher-raum/parkplaetze/,EUR
Germany,Moers,EN02,Nordring,ENNI,51.4554,6.62461,135,1.0,,,"Moerser Benden 11, 47441 Moers",https://www.enni.de/oeffentlicher-raum/parkplaetze/,EUR
Germany,Moers,EN03,Repelener Straße,ENNI,51.45342,6.622273,15,,,,"Repelener Str. 4, 47441 Moers",https://www.enni.de/oeffentlicher-raum/parkplaetze/,EUR
Germany,Moers,EN04,Neuer Wall,ENNI,51.452311,6.628724,145,1.5,,,"Neuer Wall, 47441 Moers",https://www.enni.de/oeffentlicher-raum/parkplaetze/,EUR
Germany,Moers,EN05,Altstadt,ENNI,51.452196,6.627938,,,,,"Oberwallstraße, 47441 Moers",https://www.enni.de/oeffentlicher-raum/parkplaetze/,EUR
Germany,Moers,EN06,Bildungszentrum,ENNI,51.453151,6.631004,65,1.0,,,"Wilhelm-Schroeder-Straße 8, 47441 Moers",https://www.enni.de/oeffentlicher-raum/parkplaetze/,EUR
Germany,Moers,EN07,Modecenter Braun (Parkhaus Braun),Privat,51.452568,6.62403,240,,,,"Neumarkt 2-4, 47441 Moers",https://www.enni.de/oeffentlicher-raum/parkplaetze/,EUR
Germany,Moers,EN08,Neumarkt,ENNI,51.451964,6.625194,70,2.0,,,"Neumarkt 2, 47441 Moers",https://www.enni.de/oeffentlicher-raum/parkplaetze/,EUR
Germany,Moers,EN09,Meerstraße,ENNI,51.451249,6.624684,75,1.5,,,"Meerstraße 15, 47441 Moers",https://www.enni.de/oeffentlicher-raum/parkplaetze/,EUR
Germany,Moers,EN10,Kastell,ENNI,51.450588,6.626439,220,1.5,,,"Kastell 1, 47441 Moers",https://www.enni.de/oeffentlicher-raum/parkplaetze/,EUR
Germany,Moers,EN11,Parkhaus Kautzstraße,ENNI,51.449529,6.630846,,1.5,,,"Kautzstraße 33, 47441 Moers",https://www.enni.de/oeffentlicher-raum/parkplaetze/,EUR
Germany,Moers,EN12,Parkplatz Kautzstraße,ENNI,51.449791,6.631231,20,1.5,,,"Kautzstraße, 47441 Moers",https://www.enni.de/oeffentlicher-raum/parkplaetze/,EUR
Germany,Moers,EN13,Grafschafter Passage,Privat,51.449994,6.630962,80,,,,"Kautzstraße, 47441 Moers",https://www.enni.de/oeffentlicher-raum/parkplaetze/,EUR
Germany,Moers,EN14,Friedrich-Ebert-Platz,ENNI,51.451514,6.637034,300,,4.0,,"Knappschaftstraße, 47441 Moers",https://www.enni.de/oeffentlicher-raum/parkplaetze/,EUR
Germany,Moers,EN15,Bankstraße,ENNI,51.451027,6.636969,145,1.0,,,"Bankstraße, 47441 Moers",https://www.enni.de/oeffentlicher-raum/parkplaetze/,EUR
Germany,Moers,EN16,Homberger Straße (Parkhaus Essenberger Straße),ENNI,51.449883,6.63602,100,1.0,,,"Essenberger Str. 1, 47441 Moers",https://www.enni.de/oeffentlicher-raum/parkplaetze/,EUR
Germany,Moers,EN17,P+R Bahnhof,ENNI,51.451732,6.64075,104,,,,"Vinzenzstraße 11, 47441 Moers",https://www.enni.de/oeffentlicher-raum/parkplaetze/,EUR
Germany,Pforzheim,QP01,Schlössle Galerie,Q-Park,48.8928193,8.696074,374,2.0,14.0,,"Westliche Karl-Friedrich-Straße 80, 75172 Pforzheim",https://www.q-park.de/de-de/staedte/pforzheim/schl%C3%B6ssle-galerie/,EUR
Germany,Pforzheim,AP01,Kino Pforzheim (Zerrennerstraße),APCOA,48.891067,8.6957,61,2.2,14.0,,"Zerrennerstraße 33, 75172 Pforzheim",https://www.apcoa.de/einmal-parken/standorte/pforzheim/kino-pforzheim-zerrennerstrasse,EUR
Germany,Pforzheim,CP01,Parkhaus Central,Contipark,48.89069,8.69716,344,2.2,13.0,,"Zerrennerstraße 20a, 75172 Pforzheim",https://www.contipark.de/de/parken/pforzheim/parkhaus-central/,EUR
Germany,Pforzheim,PSH01,Parkhaus Bertha-Benz-Halle,Park Service Hüfner,48.89307,8.698819,97,1.6,12.0,,"Kiehnlestraße 25, 75172 Pforzheim",https://www.ps-huefner.de/standort.php?ort=Pforzheim&id=107,EUR
Germany,Pforzheim,PSH02,Parkhaus Alfons-Kern-Schule,Park Service Hüfner,48.890743,8.705724,81,1.8,10.0,,"Theaterstraße 10, 75175 Pforzheim",https://www.ps-huefner.de/standort.php?ort=Pforzheim&id=74,EUR
Germany,Pforzheim,PSH03,Parkhaus am Bahnhof,Park Service Hüfner,48.89307,8.70547,250,1.8,10.0,,"Lindenstraße 1, 75175 Pforzheim",https://www.ps-huefner.de/standort.php?ort=Pforzheim&id=73,EUR
Germany,Pforzheim,PSH04,Parkhaus Marktplatz,Park Service Hüfner,48.890308,8.70174,416,2.0,15.0,True,"Am Waisenhausplatz 6, 75175 Pforzheim",https://www.ps-huefner.de/standort.php?ort=Pforzheim&id=91,EUR
Germany,Pforzheim,PSH05,Parkhaus Stadttheater,Park Service Hüfner,48.889938,8.70162,244,2.0,15.0,True,"Am Waisenhausplatz 5, 75175 Pforzheim",https://www.ps-huefner.de/standort.php?ort=Pforzheim&id=71,EUR
Germany,Rüsselsheim,AL01,Parkhaus An der Festung,ALPINA Parking,49.996334,8.417527,242,1.0,5.0,,"Frankfurter Straße 5, 65428 Rüsselsheim am Main",https://www.ruesselsheim.de/mobilitaet/autoverkehr/faqs-parkhaeuser/,EUR
Germany,Rüsselsheim,AL02,Park & Ride-Parkhaus Grabenstraße,ALPINA Parking,49.9931314,8.4176999,233,1.5,7.0,,"Grabenstraße 42, 65428 Rüsselsheim am Main",https://www.ruesselsheim.de/mobilitaet/autoverkehr/faqs-parkhaeuser/,EUR
Germany,Rüsselsheim,AL03,Tiefgarage Löwenplatz,ALPINA Parking,49.9940398,8.4133773,267,1.5,8.0,,"Löwenplatz 2, 65428 Rüsselsheim am Main",https://www.ruesselsheim.de/mobilitaet/autoverkehr/faqs-parkhaeuser/,EUR
Germany,Rüsselsheim,BP01,City Forum Eichsfeld,Bavaria Parkgaragen,49.9908114,8.4139567,517,2.5,20.0,,"Ferdinand-Stuttmann-Straße 7, 65428 Rüsselsheim am Main",https://www.q-park.de/de-de/staedte/r%C3%BCsselsheim/city-forum-eichsfeld/,EUR
Germany,Rüsselsheim,AW01,F25 Parking,Autowerk RM GmbH,49.9899167,8.4120713,330,1.4,12.0,,"Darmstädter Straße 55, 65428 Rüsselsheim am Main",https://autowerk.de/,EUR
Germany,Rüsselsheim,MU01,Parkplatz Elisabethenstraße,Stadt Rüsselsheim,49.990848,8.412223,32,1.0,,,"Elisabethenstraße 2, 65428 Rüsselsheim am Main",https://www.bahnhof.de/en/ruesselsheim/parking-spaces,EUR
Germany,Crimmitschau,QP01,Parkhaus Parkhausstraße,Park One GmbH,50.8136408,12.3884241,300,1.0,5.0,,"Parkhausstraße 1, 08451 Crimmitschau",https://www.q-park.de/de-de/staedte/crimmitschau/parkhausstra%C3%9Fe/,EUR
Germany,Crimmitschau,MU01,Parkplatz Am Bahnhof,Stadt Crimmitschau,50.8150998,12.3927204,37,,,True,"Bahnhofstraße 11A, 08451 Crimmitschau",https://www.crimmitschau.de/de/uebersicht-der-parkmoeglichkeiten-im-stadtzentrum.html,EUR
Germany,Crimmitschau,MU02,Park & Ride Bahnstraße,Stadt Crimmitschau,50.8169988,12.3931917,92,,,,"Bahnstraße, 08451 Crimmitschau",https://www.crimmitschau.de/de/aktuelles-startseite/park-ride-anlage-am-bahnhof-crimmitschau-ist-eingeweiht.html,EUR
Germany,Herne,QP01,Am Kino,Q-Park,51.5372444,7.2236862,444,1.2,9.0,True,"Museumsstraße 2, 44623 Herne",https://www.q-park.de/de-de/staedte/herne/am-kino/,EUR
Germany,Herne,QP02,City-Center,Q-Park,51.5373124,7.2254813,481,1.2,9.0,True,"Bahnhofstraße 7, 44623 Herne",https://www.q-park.de/de-de/staedte/herne/city-center/,EUR
Germany,Herne,LM01,Neue Höfe,Landmarken Parkhaus Neue Höfe Herne GmbH,51.5420265,7.2196509,524,,25.0,,"Poststraße 22, 44629 Herne",https://landmarken.de/de/projekte/neue-hoefe-herne,EUR
Germany,Herne,WZ01,WEZ Wanner Einkaufszentrum,P wie Parken,51.5304303,7.157177,297,1.0,5.0,,"Hauptstraße 241, 44649 Herne",https://www.parkopedia.de/parken/garage/wez_wanner_einkaufszentrum/44649/herne/,EUR
Germany,Herne,MH01,Parkhaus Marien Hospital,St. Elisabeth Gruppe GmbH,51.5289,7.2258,340,,,True,"Hölkeskampring 40, 44625 Herne",https://medecon.ruhr/2022/10/neues-parkhaus-des-marien-hospital-herne-eroeffnet/,EUR
Germany,Herne,EVK01,Parkhaus am EvK,Evangelisches Krankenhaus Herne,51.5345,7.2311,264,1.0,5.0,True,"Wiescherstraße 24, 44623 Herne",https://www.parkinglist.de/parkplatz/herne/parkhaus-parkhaus-am-evk-herne-4996,EUR
Germany,Herne,KZ01,Tiefgarage Kulturzentrum / Berliner Platz,Kulturzentrum.Herne Tagungsstätten- und Gastronomiegesellschaft Herne mbH,51.5365207,7.2228029,64,0.9,,,"Berliner Platz, 44623 Herne",https://www.parkinglist.de/parkplatz/herne/parkhaus-kulturzentrum-sparkasse-herne-5006,EUR
Germany,Herne,WW01,wewole Quartiersparkhaus,wewole STIFTUNG,51.5551748,7.2408844,160,1.5,,True,"Langforthstraße, 44628 Herne",https://www.halloherne.de/artikel/wewole-quartiersparkhaus-eroeffnet-73880,EUR
Germany,Hilden,QP01,Bismarckpassage,Q-Park,51.1681103,6.9361301,57,2.0,10.0,,"Bismarckpassage 26, 40721 Hilden",https://www.q-park.de/de-de/staedte/hilden/bismarckpassage/,EUR
Germany,Hilden,QP02,City Parkhaus,Q-Park,51.1673383,6.9329437,89,2.0,10.0,,"Robert-Gies-Straße 3, 40721 Hilden",https://www.q-park.de/de-de/staedte/hilden/city-parkhaus/,EUR
Germany,Hilden,QP03,Nove Mesto Platz,Q-Park,51.1697641,6.9328051,338,2.0,10.0,,"Nove Mesto Platz 1, 40721 Hilden",https://www.q-park.de/de-de/staedte/hilden/nove-mesto-platz/,EUR
Germany,Hilden,QP04,Penny,Q-Park,51.16705,6.9328493,39,2.0,10.0,,"Robert-Gies-Straße 3, 40721 Hilden",https://www.q-park.de/de-de/staedte/hilden/penny/,EUR
Germany,Hilden,QP05,Rathaus Hilden,Q-Park,51.1702486,6.9368721,360,2.0,10.0,,"Am Rathaus 1, 40721 Hilden",https://www.q-park.de/de-de/staedte/hilden/rathaus-hilden/,EUR
Germany,Hilden,QP06,Sparkassen Center,Q-Park,51.1696598,6.9351355,91,2.0,10.0,True,"Bismarckstraße, 40721 Hilden",https://www.q-park.de/de-de/staedte/hilden/sparkassen-center/,EUR
Germany,Hilden,QP07,Suedstraße,Q-Park,51.165901,6.9361865,128,2.0,10.0,,"Südstraße 22, 40721 Hilden",https://www.q-park.de/de-de/staedte/hilden/suedstra%C3%9Fe/,EUR
Germany,Hilden,CP01,Parkhaus Am Kronengarten,Contipark,51.168228,6.93828,310,1.8,6.0,,"Am Kronengarten 4-14, 40721 Hilden",https://www.contipark.de/de/parken/hilden/parkhaus-am-kronengarten/,EUR
Germany,Hilden,CP02,Parkhaus Itter-Karree,Contipark,51.166701,6.934524,320,1.5,5.0,,"Warringtonplatz 10, 40721 Hilden",https://www.contipark.de/de/parken/hilden/parkhaus-itter-karree/,EUR
Germany,Lippstadt,QP01,Parkhaus Woldemei,Q-Park,51.6725065,8.3483462,274,1.6,5.0,True,"Woldemei 9, 59555 Lippstadt",https://www.q-park.de/de-de/staedte/lippstadt/woldemei/,EUR
Germany,Lippstadt,GB01,Parkdeck Mediamarkt (Südertor Carrée),GOLDBECK Parking Services,51.6701323,8.3471111,220,1.5,7.5,,"Südertor 1, 59557 Lippstadt",https://www.lippstadt.de/stadthaus/schnell-gefunden/ordnungsamt/verkehr/parken/uebersicht-parkplaetze-und-ladestationen?tx_citkodirectory_directorylist%5Baction%5D=show&tx_citkodirectory_directorylist%5Bcontroller%5D=Eintrag&tx_citkodirectory_directorylist%5Beintrag%5D=806&cHash=7c9a16d9916fa9913236004ad1dc61ff,EUR
Germany,Lippstadt,PL01,Parkhaus Mühlenstraße/Marktstraße,Parkhaus Lippstadt GmbH & Co Am Markt KG,51.6767873,8.3443195,274,1.7,10.0,,"Mühlenstraße 6, 59555 Lippstadt",https://www.lippstadt.de/stadthaus/schnell-gefunden/ordnungsamt/verkehr/parken/uebersicht-parkplaetze-und-ladestationen?tx_citkodirectory_directorylist%5Baction%5D=show&tx_citkodirectory_directorylist%5Bcontroller%5D=Eintrag&tx_citkodirectory_directorylist%5Beintrag%5D=802&cHash=704d8e358147044539ea0c9210e8afc0,EUR
Germany,Lippstadt,LG01,Tiefgarage Lippe-Galerie,Lippegalerie Centermanagement,51.6731398,8.3459073,196,1.5,10.0,,"Kahlenstraße 10, 59555 Lippstadt",https://www.lippstadt.de/stadthaus/schnell-gefunden/ordnungsamt/verkehr/parken/uebersicht-parkplaetze-und-ladestationen?tx_citkodirectory_directorylist%5Baction%5D=show&tx_citkodirectory_directorylist%5Bcontroller%5D=Eintrag&tx_citkodirectory_directorylist%5Beintrag%5D=804&cHash=56e6b19eb9ec0d56a3c1801b1e1336f0,EUR
Germany,Lippstadt,AP01,Tiefgarage Südertor,APCOA,51.6701118,8.3444147,350,1.0,8.0,True,"Südertor 2, 59555 Lippstadt",https://www.lippstadt.de/stadthaus/schnell-gefunden/ordnungsamt/verkehr/parken/uebersicht-parkplaetze-und-ladestationen?tx_citkodirectory_directorylist%5Baction%5D=show&tx_citkodirectory_directorylist%5Bcontroller%5D=Eintrag&tx_citkodirectory_directorylist%5Beintrag%5D=805&cHash=ccabcc7dbdac8759d765915127c949af,EUR
Germany,Lörrach,QP01,Am Hauptbahnhof,Q-Park,47.6145044,7.6633132,678,2.7,18.0,True,"Bahnhofstraße 1, 79539 Lörrach",https://www.q-park.de/de-de/staedte/l%c3%b6rrach/am-hauptbahnhof/,EUR
Germany,Lörrach,QP02,Wallbrunn,Q-Park,47.6107836,7.6604613,540,2.7,18.0,,"Bahnhofstraße 5, 79539 Lörrach",https://www.q-park.de/de-de/staedte/l%c3%b6rrach/wallbrunn/,EUR
Germany,Lörrach,AP01,Galerie Am Alten Markt,APCOA,47.610173,7.662452,247,2.1,18.0,True,"Bahnhofstraße 7, 79539 Lörrach",https://www.apcoa.de/einmal-parken/standorte/loerrach/galerie-am-alten-markt,EUR
Germany,Lörrach,BB01,Parkhaus Burghof,B+B Parkhaus,47.6093645,7.658816,305,1.0,12.0,,"Weinbrennerstraße 12, 79539 Lörrach",https://www.bb-parkhaus.de/staedte/loerrach/parkhaus-burghof,EUR
Germany,Lörrach,BB02,Tiefgarage Markt,B+B Parkhaus,47.6118981,7.6582226,100,2.5,15.0,,"Gugelmeierstraße 2, 79539 Lörrach",https://www.bb-parkhaus.de/staedte/loerrach/tiefgarage-markt,EUR
Germany,Lörrach,GA01,Parkhaus Galeria (Karstadt),GALERIA S.à r.l. & Co. KG,47.6125,7.659726,155,2.0,20.0,,"Spitalstraße 4, 79539 Lörrach",https://www.loerrach.de/4393?view=publish&item=parkingLocation&id=3,EUR
Germany,Lörrach,HB01,Parkhaus Meeraner Markt,Hieber's Frische Center KG,47.607785,7.658181,400,2.4,16.0,,"Marie-Curie-Straße 12, 79539 Lörrach",https://www.loerrach.de/4393?view=publish&item=parkingLocation&id=9,EUR
Germany,Lörrach,LR01,Landratsamt-Tiefgarage,Landkreis Lörrach,47.6147329,7.6625687,79,1.0,5.0,,"Palmstraße 3, 79539 Lörrach",https://www.loerrach.de/4393?view=publish&item=parkingLocation&id=4,EUR
Germany,Northeim,QP01,Tiefgarage CityCenter,Q-Park,51.70685,9.99911,528,2.0,10.0,True,"Am Klostergarten 3, 37154 Northeim",https://www.q-park.de/de-de/staedte/northeim/citycenter/,EUR
Germany,Northeim,IN01,Parkhaus Münsterzentrum,Independent,51.7046603,9.9960501,,,,,"Zwinger 7, 37154 Northeim","https://www.google.com/maps/place/Parkhaus+M%C3%BCnsterzentrum/@51.7046603,9.9960501,17z",EUR
Germany,Remscheid,QP01,Allee Arkaden,Q-Park,51.1793235,7.1921005,367,1.5,10.0,,"Bankstraße, 42853 Remscheid",https://www.q-park.de/de-de/staedte/remscheid/allee-arkaden/,EUR
Germany,Remscheid,AP01,Allee-Center,APCOA,51.183057,7.188151,910,1.4,25.0,True,"Theodor-Heuss-Platz 7, 42853 Remscheid",https://www.apcoa.de/einmal-parken/standorte/remscheid/allee-center,EUR
Germany,Remscheid,CP01,Tiefgarage Engelspassage,Contipark,51.180743,7.192465,90,1.1,3.5,True,"Engelspassage 10, 42853 Remscheid",https://www.contipark.de/de/parken/remscheid/tiefgarage-engelspassage/,EUR
Germany,Remscheid,CP02,Parkplatz Engelspassage,Contipark,51.180724,7.193057,90,1.1,3.5,,"Engelspassage 12, 42853 Remscheid",https://www.contipark.de/de/parken/remscheid/parkplatz-engelspassage/,EUR
Germany,Remscheid,PSR01,Tiefgarage Rathaus,Park Service Remscheid,51.1817321,7.1847872,400,1.5,15.0,True,"Fastenrathstraße 1, 42853 Remscheid",https://www.parkservice-remscheid.de/parkeinrichtungen/tiefgarage-rathaus,EUR
Germany,Remscheid,PSR02,Parkhaus Am Markt,Park Service Remscheid,51.1799601,7.1965945,100,1.5,8.0,,"Kirchhofstraße 8, 42853 Remscheid",https://www.parkservice-remscheid.de/parkeinrichtungen/parkhaus-am-markt,EUR
Germany,Remscheid,PSR03,Parkhaus Daniel-Schürmann-Straße,Park Service Remscheid,51.1809117,7.1840438,225,1.5,15.0,,"Daniel-Schürmann-Straße 29, 42853 Remscheid",https://www.parkservice-remscheid.de/parkeinrichtungen/parkhaus-daniel-schuermann-strasse,EUR
Germany,Remscheid,PSR04,Parkplatz Daniel-Schürmann-Straße,Park Service Remscheid,51.1802683,7.1871327,35,1.5,15.0,,"Daniel-Schürmann-Straße 16, 42853 Remscheid",https://www.parkservice-remscheid.de/parkeinrichtungen/parkplatz-daniel-schuermann-strasse,EUR
Germany,Remscheid,PSR05,Theaterparkplatz,Park Service Remscheid,51.181874,7.1891157,50,1.5,15.0,True,"Scharffstraße 5, 42853 Remscheid",https://www.parkservice-remscheid.de/parkeinrichtungen/theaterparkplatz,EUR
Germany,Remscheid,PSR06,Parkhaus Altstadt Lennep,Park Service Remscheid,51.1928001,7.2600841,120,1.5,10.0,,"Hardtstraße 17, 42897 Remscheid",https://www.parkservice-remscheid.de/parkeinrichtungen/parkhaus-altstadt-lennep,EUR
Germany,Remscheid,SR01,P+R Hauptbahnhof Remscheid,Stadt Remscheid,51.1767422,7.2005024,230,0.0,0.0,,"Prešover Straße 20, 42859 Remscheid",https://www.bahnhof.de/en/remscheid-hbf/parking-spaces,EUR
Germany,Remscheid,DB01,Parkpalette Bahnhof Lennep,DB BahnPark,51.1917589,7.2540072,120,1.5,,,"Bergstraße 6, 42897 Remscheid",https://www.bahnhof.de/en/remscheid-lennep/parking-spaces,EUR
Germany,Witten,QP01,City-Passage,Q-Park,51.4374519,7.3312181,101,1.0,8.0,,"Poststraße 11, 58452 Witten",https://www.q-park.de/de-de/staedte/witten/city-passage/,EUR
Germany,Witten,SB01,Parkhaus StadtGalerie,Saba Parking,51.4364046,7.3318422,441,1.0,12.0,,"Poststraße 15, 58452 Witten",https://www.sabaparking.com/de/parkplatze-witten/saba-parkhaus-stadtgalerie,EUR
Germany,Witten,GPS01,Parkhaus an der Uni,GOLDBECK Parking Services,51.4519427,7.3531034,600,1.5,15.0,yes,"Alfred-Herrhausen-Straße 45, 58455 Witten",https://www.witten.de/portal/seiten/oeffentliche-parktarife-900000380-37500.html,EUR
Germany,Witten,SPK01,Parkhaus Sparkasse,Sparkasse Witten,51.4354332,7.3378438,79,2.0,,yes,"Ruhrstraße 45, 58452 Witten",https://www.parkopedia.de/parken/garage/sparkasse/58452/witten/,EUR
Germany,Witten,IG01,Parkhaus NOVUM,Immobilien-Gallery GmbH,51.4366141,7.3292736,450,1.0,5.0,,"Bergerstraße 42, 58452 Witten",https://www.parkopedia.de/parken/garage/novum/58452/witten/,EUR
Germany,Witten,MH01,Tiefgarage Marien-Hospital,St. Elisabeth Gruppe,51.4451883,7.3372477,,1.5,7.5,,"Marienplatz 2, 58452 Witten",https://www.parkopedia.de/parken/tiefgarage/marien_hospital/58452/witten/,EUR
Germany,Witten,KFW01,Parkplatz Saalbau/Haus Witten,Kulturforum Witten,51.433605,7.3341854,300,1.2,6.0,yes,"Bergerstraße 25, 58452 Witten",https://www.kulturforum-witten.de/de/saalbauhauswitten/service/anfahrt-parken/,EUR
Netherlands,Amsterdam,QP01,Albert Heijn Science Park,Q-Park,52.357365,4.940762,75,4.0,75.0,,"Molukkenstraat 308, 1098 TW Amsterdam",https://www.q-park.nl/nl-nl/parkeren/amsterdam/albert-heijn-science-park/,EUR
Netherlands,Amsterdam,QP02,Amst,Q-Park,52.34669,4.92081,116,4.0,34.0,True,"Bertrand Russellstraat 1 E, 1097 HL Amsterdam",https://www.q-park.nl/nl-nl/parkeren/amsterdam/amst/,EUR
Netherlands,Amsterdam,QP03,Amstel,Q-Park,52.345362,4.9188005,171,4.09,35.0,True,"Julianaplein 1, 1097 DN Amsterdam",https://www.q-park.nl/nl-nl/parkeren/amsterdam/amstel/,EUR
Netherlands,Amsterdam,QP04,Amsterdam Centraal,Q-Park,52.3787,4.89682,410,,65.0,True,"Prins Hendrikkade 20 A, 1012 TL Amsterdam",https://www.q-park.nl/nl-nl/parkeren/amsterdam/amsterdam-centraal/,EUR
Netherlands,Amsterdam,QP05,Amsterdamse Poort P21,Q-Park,52.313428,4.954625,244,2.1,20.0,True,"Bijlmerplein 101, 1102 BP Amsterdam",https://www.q-park.nl/nl-nl/parkeren/amsterdam/amsterdamse-poort-p21/,EUR
Netherlands,Amsterdam,QP06,Amsterdamse Poort P22,Q-Park,52.313428,4.954625,413,2.1,20.0,True,"Bijlmerdreef 109, 1102 BW Amsterdam",https://www.q-park.nl/nl-nl/parkeren/amsterdam/amsterdamse-poort-p22/,EUR
Netherlands,Amsterdam,QP07,Amsterdamse Poort P23,Q-Park,52.313428,4.954625,346,2.1,20.0,True,"Bijlmerdreef 250, 1102 AB Amsterdam",https://www.q-park.nl/nl-nl/parkeren/amsterdam/amsterdamse-poort-p23/,EUR
Netherlands,Amsterdam,QP08,Antarctica,Q-Park,52.3100524,4.9470289,668,3.0,25.0,True,"Hoogoorddreef 3, 1101 BA Amsterdam",https://www.q-park.nl/nl-nl/parkeren/amsterdam/antarctica/,EUR
Netherlands,Amsterdam,QP09,Bos en Lommer,Q-Park,52.379247,4.845362,497,4.29,18.0,True,"Leeuwendalersweg 23 B, 1055 JE Amsterdam",https://www.q-park.nl/nl-nl/parkeren/amsterdam/bos-en-lommer/,EUR
Netherlands,Amsterdam,QP10,Byzantium,Q-Park,52.362231,4.880226,446,,68.0,True,"Tesselschadestraat 1 G, 1054 ET Amsterdam",https://www.q-park.nl/nl-nl/parkeren/amsterdam/byzantium/,EUR
Netherlands,Amsterdam,QP11,Centrum Oost,Q-Park,52.359191,4.909757,255,7.5,37.5,,"Tweede Boerhaavestraat 20, 1091 AN Amsterdam",https://www.q-park.nl/nl-nl/parkeren/amsterdam/centrum-oost/,EUR
Netherlands,Amsterdam,QP12,de Bijenkorf,Q-Park,52.373903,4.895128,468,,65.0,True,"Beursplein 15, 1012 JW Amsterdam",https://www.q-park.nl/nl-nl/parkeren/amsterdam/de-bijenkorf/,EUR
Netherlands,Amsterdam,QP13,Eurocenter,Q-Park,52.335378,4.888465,476,10.0,65.0,True,"Barbara Strozzilaan 342, 1083 HN Amsterdam",https://www.q-park.nl/nl-nl/parkeren/amsterdam/eurocenter/,EUR
Netherlands,Amsterdam,QP14,Europaplein,Q-Park,52.3402388,4.893075,170,5.25,36.0,True,"Gelrestraat 2, 1079 MZ Amsterdam",https://www.q-park.nl/nl-nl/parkeren/amsterdam/europaplein/,EUR
Netherlands,Amsterdam,QP15,Europarking,Q-Park,52.370071,4.877091,710,,55.0,True,"Marnixstraat 250, 1016 TL Amsterdam",https://www.q-park.nl/nl-nl/parkeren/amsterdam/europarking/,EUR
Netherlands,Amsterdam,QP16,Gelderlandplein,Q-Park,52.331258,4.8752851,764,5.0,100.0,,"Van Leijenberghlaan 43, 1082 GC Amsterdam",https://www.q-park.nl/nl-nl/parkeren/amsterdam/gelderlandplein/,EUR
Netherlands,Amsterdam,QP17,Heinekenplein,Q-Park,52.3571798,4.8924763,259,9.2,60.0,True,"Eerste van der Helststraat 6, 1072 NV Amsterdam",https://www.q-park.nl/nl-nl/parkeren/amsterdam/heinekenplein/,EUR
Netherlands,Amsterdam,QP18,IJhaven,Q-Park,52.3764528,4.9237716,446,4.8,35.0,True,"Veembroederhof 208, 1019 HC Amsterdam",https://www.q-park.nl/nl-nl/parkeren/amsterdam/ijhaven/,EUR
Netherlands,Amsterdam,QP19,Kalverstraat,Q-Park,52.367426,4.8923292,122,9.0,95.0,,"Singel 451 C, 1012 WP Amsterdam",https://www.q-park.nl/nl-nl/parkeren/amsterdam/kalverstraat/,EUR
Netherlands,Amsterdam,QP20,Mahler,Q-Park,52.337306,4.872093,1763,12.0,80.0,True,"Aaron Coplandstraat 8, 1082 MG Amsterdam",https://www.q-park.nl/nl-nl/parkeren/amsterdam/mahler/,EUR
Netherlands,Amsterdam,QP21,Molukkenstraat,Q-Park,52.361518,4.9376571,80,4.0,85.0,,"Molukkenstraat 190, 1098 TW Amsterdam",https://www.q-park.nl/nl-nl/parkeren/amsterdam/molukkenstraat/,EUR
Netherlands,Amsterdam,QP22,Museumplein Bus,Q-Park,52.359235,4.882575,26,17.0,100.0,,"Paulus Potterstraat 1, 1071 CX Amsterdam",https://www.q-park.nl/nl-nl/parkeren/amsterdam/museumplein-bus/,EUR
Netherlands,Amsterdam,QP23,Museumplein,Q-Park,52.356825,4.879573,573,,60.0,True,"Van Baerlestraat 33 B, 1071 AP Amsterdam",https://www.q-park.nl/nl-nl/parkeren/amsterdam/museumplein/,EUR
Netherlands,Amsterdam,QP24,NDSM,Q-Park,52.4041015,4.88984,525,2.7,17.5,True,"Mt. Lincolnweg 31, 1033 SN Amsterdam",https://www.q-park.nl/nl-nl/parkeren/amsterdam/ndsm/,EUR
Netherlands,Amsterdam,QP25,Nieuwendijk,Q-Park,52.37675,4.89419,360,,65.0,True,"Nieuwezijds Voorburgwal 40, 1012 SB Amsterdam",https://www.q-park.nl/nl-nl/parkeren/amsterdam/nieuwendijk/,EUR
Netherlands,Amsterdam,QP26,Oostenburg,Q-Park,52.372933,4.930282,704,5.45,49.0,True,"Dijksgracht, 1018 PL Amsterdam",https://www.q-park.nl/nl-nl/parkeren/amsterdam/oostenburg/,EUR
Netherlands,Amsterdam,QP27,Oostpoort,Q-Park,52.357394,4.927811,867,4.29,32.0,True,"Polderweg 92, 1093 KP Amsterdam",https://www.q-park.nl/nl-nl/parkeren/amsterdam/oostpoort/,EUR
Netherlands,Amsterdam,QP28,Osdorpplein,Q-Park,52.358499,4.8038882,456,4.0,85.0,,"Osdorpplein 249, 1068 SW Amsterdam",https://www.q-park.nl/nl-nl/parkeren/amsterdam/osdorpplein/,EUR
Netherlands,Amsterdam,QP29,Prins & Keizer,Q-Park,52.3624867,4.8913059,140,9.2,65.0,True,"Prinsengracht 927, 1017 HL Amsterdam","https://www.q-park.nl/nl-nl/parkeren/amsterdam/prins-,-a-,-keizer/",EUR
Netherlands,Amsterdam,QP30,Ravel,Q-Park,52.337008,4.884276,356,10.59,65.0,True,"Antonio Vivaldistraat 103, 1083HP Amsterdam",https://www.q-park.nl/nl-nl/parkeren/amsterdam/ravel/,EUR
Netherlands,Amsterdam,QP31,Spaklerweg,Q-Park,52.335135,4.9209351,438,4.0,75.0,,"Spaklerweg 44 A, 1096 BA Amsterdam",https://www.q-park.nl/nl-nl/parkeren/amsterdam/spaklerweg/,EUR
Netherlands,Amsterdam,QP32,Symphony,Q-Park,52.336014,4.875204,537,12.0,80.0,True,"Leo Smitstraat 4, 1082 MP Amsterdam",https://www.q-park.nl/nl-nl/parkeren/amsterdam/symphony/,EUR
Netherlands,Amsterdam,QP33,Valley,Q-Park,52.336849,4.877841,376,12.0,80.0,True,"Beethovenstraat 301, 1082LC Amsterdam",https://www.q-park.nl/nl-nl/parkeren/amsterdam/valley/,EUR
Netherlands,Amsterdam,QP34,Waterlooplein,Q-Park,52.36905,4.90348,195,,65.0,True,"Valkenburgerstraat 238, 1011 ND Amsterdam",https://www.q-park.nl/nl-nl/parkeren/amsterdam/waterlooplein/,EUR
Netherlands,Amsterdam,QP35,Weesperplein,Q-Park,52.35853,4.908315,114,7.5,37.5,,"Eerste Boerhaavestraat 29, 1091 GM Amsterdam",https://www.q-park.nl/nl-nl/parkeren/amsterdam/weesperplein/,EUR
Netherlands,Amsterdam,QP36,Westergasfabriek,Q-Park,52.384537,4.866162,485,4.8,38.0,True,"Van Bleiswijkstraat 8, 1051 DG Amsterdam",https://www.q-park.nl/nl-nl/parkeren/amsterdam/westergasfabriek/,EUR
Netherlands,Amsterdam,PB001,Aletta Jacobslaan 7,ParkBee,52.3467899,4.8300848,,,,,"Aletta Jacobslaan 7, 1066 BP Amsterdam",https://parkbee.com/en/city/amsterdam,EUR
Netherlands,Amsterdam,PB002,Amsteldok,ParkBee,52.344098,4.910843,,,,,"Trompenburgstraat 51, 1079 TN Amsterdam",https://parkbee.com/en/city/amsterdam,EUR
Netherlands,Amsterdam,PB003,Amstelgebouw,ParkBee,52.347664,4.920194,,,,True,"Bertrand Russellstraat 13, 1097 HL Amsterdam",https://parkbee.com/en/city/amsterdam,EUR
Netherlands,Amsterdam,PB004,Amsterdam ID Aparthotel,ParkBee,52.387031,4.834533,,,,True,"Naritaweg 51, 1043 BP Amsterdam",https://parkbee.com/en/city/amsterdam,EUR
Netherlands,Amsterdam,PB005,Amsterdam Marriott Hotel,ParkBee,52.362672,4.879419,,,,,"Stadhouderskade 12, 1054 ES Amsterdam",https://parkbee.com/en/city/amsterdam,EUR
Netherlands,Amsterdam,PB006,Amsterdam Teleport Hotel,ParkBee,52.385644,4.832562,,,,,"Heathrowstraat 5, 1043 CE Amsterdam",https://parkbee.com/en/city/amsterdam,EUR
Netherlands,Amsterdam,PB007,Anthony Fokkerweg,ParkBee,52.3452655,4.8463702,,,,,"Anthony Fokkerweg 1, 1059 CM Amsterdam",https://parkbee.com/en/city/amsterdam,EUR
Netherlands,Amsterdam,PB008,August Allebéplein,ParkBee,52.3628367,4.8374141,,,,True,"August Allebeplein 125, 1062 AB Amsterdam",https://parkbee.com/en/city/amsterdam,EUR
Netherlands,Amsterdam,PB009,Bos en Lommerplantsoen ,ParkBee,52.37651443481445,4.844790935516357,,,,,"Bos en Lommerplantsoen 1, 1055 AA Amsterdam",https://parkbee.com/en/city/amsterdam,EUR
Netherlands,Amsterdam,PB010,Carolina Macgillavrylaan B,ParkBee,52.356034,4.948018,,,,,"Carolina MacGillavrylaan 1880, 1098 XE Amsterdam",https://parkbee.com/en/city/amsterdam,EUR
Netherlands,Amsterdam,PB011,Centerpoint 1,ParkBee,52.310583,4.944921,,,,True,"Hoogoorddreef 60, 1101 BE Amsterdam",https://parkbee.com/en/city/amsterdam,EUR
Netherlands,Amsterdam,PB012,Centerpoint 2,ParkBee,52.3103827,4.9456176,,,,True,"Hoogoorddreef 62, 1101 BE Amsterdam",https://parkbee.com/en/city/amsterdam,EUR
Netherlands,Amsterdam,PB013,Conscious Hotel Vondelpark,ParkBee,52.35733,4.85676,,,,True,"Zocherstraat 55, 1054 LZ Amsterdam",https://parkbee.com/en/city/amsterdam,EUR
Netherlands,Amsterdam,PB014,Contactweg,ParkBee,52.396286,4.855209,,,,,"Contactweg 60, 1014 BW Amsterdam",https://parkbee.com/en/city/amsterdam,EUR
Netherlands,Amsterdam,PB015,Cruquiusstraat,ParkBee,52.369033,4.928068,,,,,"Czaar Peterstraat 22, 1018 PR Amsterdam",https://parkbee.com/en/city/amsterdam,EUR
Netherlands,Amsterdam,PB016,De Lofts,ParkBee,52.339791,4.919548,,,,True,"Welnastraat 316, 1096 BA Amsterdam",https://parkbee.com/en/city/amsterdam,EUR
Netherlands,Amsterdam,PB017,De Winnaar,ParkBee,52.345615,4.856086,,,,,"Hestiastraat 52, 1076 DM Amsterdam",https://parkbee.com/en/city/amsterdam,EUR
Netherlands,Amsterdam,PB018,De Wittenkade,ParkBee,52.384693,4.8791,,,,,"De Wittenkade 24, 1051 AB Amsterdam",https://parkbee.com/en/city/amsterdam,EUR
Netherlands,Amsterdam,PB019,Delflandlaan,ParkBee,52.350958,4.840585,,,,,"Delflandlaan 20, 1062 EA Amsterdam",https://parkbee.com/en/city/amsterdam,EUR
Netherlands,Amsterdam,PB020,Donker Curtiusstraat,ParkBee,52.378898,4.871596,,,,,"Donker Curtiusstraat 11, 1051 JM Amsterdam",https://parkbee.com/en/city/amsterdam,EUR
Netherlands,Amsterdam,PB021,Eerste Jan van der Heijdenstraat,ParkBee,52.35328,4.889184,,,,,"Eerste Jan van der Heijdenstraat 89, 1072 TM Amsterdam",https://parkbee.com/en/city/amsterdam,EUR
Netherlands,Amsterdam,PB022,Emerald House,ParkBee,52.348609,4.891897,,,,,"Jozef Israëlskade 46-48, 1072 SB Amsterdam",https://parkbee.com/en/city/amsterdam,EUR
Netherlands,Amsterdam,PB023,Entrada,ParkBee,52.329815,4.931499,,,,,"Entrada 600, 1096EL Amsterdam",https://parkbee.com/en/city/amsterdam,EUR
Netherlands,Amsterdam,PB024,Ertskade,ParkBee,52.3742073,4.9447015,,,,True,"Ertskade 20, 1019 BB Amsterdam",https://parkbee.com/en/city/amsterdam,EUR
Netherlands,Amsterdam,PB025,Europlaza,ParkBee,52.310741,4.946637,,,,,"Hoogoorddreef 56, 1101 BE Amsterdam",https://parkbee.com/en/city/amsterdam,EUR
Netherlands,Amsterdam,PB026,Faas Wilkesstraat ,ParkBee,52.37353550635128,4.968623476686491,,,,,"Faas Wilkesstraat 159, 1095 MD Amsterdam",https://parkbee.com/en/city/amsterdam,EUR
Netherlands,Amsterdam,PB027,Foppingadreef,ParkBee,52.312248,4.950329,,,,True,"Foppingadreef 21, 1102 MG Amsterdam",https://parkbee.com/en/city/amsterdam,EUR
Netherlands,Amsterdam,PB028,Foppingadreef AICS K+R,ParkBee,52.31233,4.950368,,,,,"Foppingadreef 21, 1102 MG Amsterdam",https://parkbee.com/en/city/amsterdam,EUR
Netherlands,Amsterdam,PB029,Fregelaan Gobel,ParkBee,52.352971,4.839185,,,,,"Fregelaan 1, 1062 KK Amsterdam",https://parkbee.com/en/city/amsterdam,EUR
Netherlands,Amsterdam,PB030,Fregelaan Rosser,ParkBee,52.352957,4.838407,,,,,"Fregelaan 42, 1062 KL Amsterdam",https://parkbee.com/en/city/amsterdam,EUR
Netherlands,Amsterdam,PB031,Gelderlandplein P2,ParkBee,52.33039,4.87697,,,,,"Loowaard 57, 1082KR Amsterdam",https://parkbee.com/en/city/amsterdam,EUR
Netherlands,Amsterdam,PB032,Gelderlandplein P3,ParkBee,52.330235,4.876332,,,,,"Loowaard 57, 1082KR Amsterdam",https://parkbee.com/en/city/amsterdam,EUR
Netherlands,Amsterdam,PB033,"George Marina, Amsterdam",ParkBee,52.341501,4.918739,,,,,"Spaklerweg 10A, 1096 BA Amsterdam",https://parkbee.com/en/city/amsterdam,EUR
Netherlands,Amsterdam,PB034,Gershwin,ParkBee,52.3359536,4.8701089,,,,,"George Gershwinlaan 539 - 685, 1082 MT Amsterdam",https://parkbee.com/en/city/amsterdam,EUR
Netherlands,Amsterdam,PB035,Grand Hotel Amrâth Amsterdam,ParkBee,52.374249,4.904512,,,,,"Prins Hendrikkade 108, 1011 AK Amsterdam",https://parkbee.com/en/city/amsterdam,EUR
Netherlands,Amsterdam,PB036,Grand Hotel Krasnapolsky,ParkBee,52.373067,4.89568,,,,True,"Sint Jansstraat 13, 1012 HG Amsterdam",https://parkbee.com/en/city/amsterdam,EUR
Netherlands,Amsterdam,PB037,HNK Amsterdam Sloterdijk,ParkBee,52.390559,4.834638,,,,,"Radarweg 60, 1043 NT Amsterdam",https://parkbee.com/en/city/amsterdam,EUR
Netherlands,Amsterdam,PB038,Hamerkop,ParkBee,52.38466047522866,4.927917338623047,,,,,"Mokerstraat 8, 1021 KB Amsterdam",https://parkbee.com/en/city/amsterdam,EUR
Netherlands,Amsterdam,PB039,Havengebouw,ParkBee,52.3815362,4.8951589,,,,,"De Ruijterkade 7, 1013AA Amsterdam",https://parkbee.com/en/city/amsterdam,EUR
Netherlands,Amsterdam,PB040,Het Dok,ParkBee,52.404103,4.893849,,,,True,"Tt. Vasumweg 40, 1033 SC Amsterdam",https://parkbee.com/en/city/amsterdam,EUR
Netherlands,Amsterdam,PB041,Hettenheuvelweg,ParkBee,52.3055891,4.9437229,,,,,"Hettenheuvelweg 41-43, 1101 BM Amsterdam",https://parkbee.com/en/city/amsterdam,EUR
Netherlands,Amsterdam,PB042,Hogehilweg C,ParkBee,52.306753,4.948466,,,,,"Hogehilweg 20, 1101 CD Amsterdam",https://parkbee.com/en/city/amsterdam,EUR
Netherlands,Amsterdam,PB043,Hogevecht ,ParkBee,52.30969,4.958241,,,,,"Hogevecht 1, 1102HA Amsterdam",https://parkbee.com/en/city/amsterdam,EUR
Netherlands,Amsterdam,PB044,Hoogoorddreef 48,ParkBee,52.312217,4.951118,,,,,"Hoogoorddreef 48, 1101BE Amsterdam",https://parkbee.com/en/city/amsterdam,EUR
Netherlands,Amsterdam,PB045,Hoogoorddreef 63,ParkBee,52.307023,4.939662,,,,,"Hoogoorddreef 63, 1101BB Amsterdam",https://parkbee.com/en/city/amsterdam,EUR
Netherlands,Amsterdam,PB046,Hotel Casa Amsterdam,ParkBee,52.34955,4.918627,,,,True,"Stephensonstraat 36, 1097 BB Amsterdam",https://parkbee.com/en/city/amsterdam,EUR
Netherlands,Amsterdam,PB047,Hotel Levell,ParkBee,52.304857,4.950833,,,,,"Hullenbergweg 353, 1101 CP Amsterdam",https://parkbee.com/en/city/amsterdam,EUR
Netherlands,Amsterdam,PB048,Hotel NH Amsterdam Noord,ParkBee,52.391778,4.911162,,,,True,"Distelkade 21, 1031 XP Amsterdam",https://parkbee.com/en/city/amsterdam,EUR
Netherlands,Amsterdam,PB049,Hotel NH City Centre Amsterdam,ParkBee,52.369834,4.888908,,,,,"Spuistraat 288-292, 1012 VX Amsterdam",https://parkbee.com/en/city/amsterdam,EUR
Netherlands,Amsterdam,PB050,Hotel Novotel Amsterdam City,ParkBee,52.333876,4.888851,,,,,"Europaboulevard 10, 1083 AD Amsterdam",https://parkbee.com/en/city/amsterdam,EUR
Netherlands,Amsterdam,PB051,Hotel Okura,ParkBee,52.348453,4.893,,,,,"Ferdinand Bolstraat 333, 1072 LH Amsterdam",https://parkbee.com/en/city/amsterdam,EUR
Netherlands,Amsterdam,PB052,Hullenbergweg C,ParkBee,52.304913,4.950989,,,,,"Hullenbergweg 278-308, 1101 BV Amsterdam",https://parkbee.com/en/city/amsterdam,EUR
Netherlands,Amsterdam,PB053,Hyatt Regency Amsterdam,ParkBee,52.361358,4.911253,,,,True,"Spinozastraat 49, 1018GJ Amsterdam",https://parkbee.com/en/city/amsterdam,EUR
Netherlands,Amsterdam,PB054,IJsbaanpad,ParkBee,52.339785,4.851069,,,,,"IJsbaanpad 47, 1076 CV Amsterdam",https://parkbee.com/en/city/amsterdam,EUR
Netherlands,Amsterdam,PB055,Ingenieur Jakoba Mulderplein,ParkBee,52.365634,4.924535,,,,,"Ingenieur Jakoba Mulderplein 78, 1018 AV Amsterdam",https://parkbee.com/en/city/amsterdam,EUR
Netherlands,Amsterdam,PB056,Johan Huizingalaan 400,ParkBee,52.34017,4.8273324,,,,,"Johan Huizingalaan 400, 1066 JS Amsterdam",https://parkbee.com/en/city/amsterdam,EUR
Netherlands,Amsterdam,PB057,Johnny River,ParkBee,52.333004,4.9146028,,,,,"Joan Muyskensweg 22, 1096 CJ Amsterdam",https://parkbee.com/en/city/amsterdam,EUR
Netherlands,Amsterdam,PB058,Kaasjeskruidstraat 4,ParkBee,52.3984283796411,4.906250209064981,,,,,"Kaasjeskruidstraat 4, 1032 KK Amsterdam",https://parkbee.com/en/city/amsterdam,EUR
Netherlands,Amsterdam,PB059,Kalverstraat,ParkBee,52.367261,4.890822,,,,True,"Singel 451C, 1012 WP Amsterdam",https://parkbee.com/en/city/amsterdam,EUR
Netherlands,Amsterdam,PB060,Karspeldreef,ParkBee,52.30749,4.95257,,,,,"Karspeldreef 19, 1102 BB Amsterdam",https://parkbee.com/en/city/amsterdam,EUR
Netherlands,Amsterdam,PB061,Karspeldreef 4A,ParkBee,52.305179,4.947755,,,,True,"Karspeldreef 4, 1101 CJ Amsterdam",https://parkbee.com/en/city/amsterdam,EUR
Netherlands,Amsterdam,PB062,Keizersgracht ,ParkBee,52.365622,4.887546,,,,True,"Keizersgracht 485, 1017 DL Amsterdam",https://parkbee.com/en/city/amsterdam,EUR
Netherlands,Amsterdam,PB063,Kimpton de Witt Amsterdam,ParkBee,52.377044,4.895564,,,,,"Nieuwezijds Armsteeg, 1012MB Amsterdam",https://parkbee.com/en/city/amsterdam,EUR
Netherlands,Amsterdam,PB064,Klaprozenweg,ParkBee,52.39617,4.910509,,,,,"Klaprozenweg 19, 1032 LG Amsterdam",https://parkbee.com/en/city/amsterdam,EUR
Netherlands,Amsterdam,PB065,Koningin Wilhelminaplein ,ParkBee,52.3558583,4.8364983,,,,,"Koningin Wilhelminaplein 18, 1062 Amsterdam",https://parkbee.com/en/city/amsterdam,EUR
Netherlands,Amsterdam,PB066,Laan van Spartaan,ParkBee,52.37356,4.838491,,,,,"Laan van Spartaan 34, 1061 MA Amsterdam",https://parkbee.com/en/city/amsterdam,EUR
Netherlands,Amsterdam,PB067,Laarderhoogtweg 25,ParkBee,52.3022322,4.9469263,,,,True,"Laarderhoogtweg 25, 1101 EB Amsterdam",https://parkbee.com/en/city/amsterdam,EUR
Netherlands,Amsterdam,PB068,Lemelerbergweg,ParkBee,52.302821,4.942296,,,,,"Lemelerbergweg 32, 1101 AH Amsterdam",https://parkbee.com/en/city/amsterdam,EUR
Netherlands,Amsterdam,PB069,Leonardo Hotel Rembrandtpark - Binnen,ParkBee,52.368364,4.845021,,,,,"Staalmeesterslaan 420, 1057 PH Amsterdam",https://parkbee.com/en/city/amsterdam,EUR
Netherlands,Amsterdam,PB070,Leonardo Hotel Rembrandtpark - Parkeerdek,ParkBee,52.3681227,4.8440077,,,,,"Staalmeesterslaan 410, 1057 PH Amsterdam",https://parkbee.com/en/city/amsterdam,EUR
Netherlands,Amsterdam,PB071,Leonardo Royal Hotel Amsterdam,ParkBee,52.333057,4.917987,,,,,"Paul van Vlissingenstraat 24, 1096 BK Amsterdam",https://parkbee.com/en/city/amsterdam,EUR
Netherlands,Amsterdam,PB072,Louwesweg,ParkBee,52.34652,4.825236,,,,,"Louwesweg 1, 1066 EA Amsterdam",https://parkbee.com/en/city/amsterdam,EUR
Netherlands,Amsterdam,PB073,MOBIHUB - IJsbaanpad,ParkBee,52.33914,4.850041,,,,,"IJsbaanpad 43, 1076CV Amsterdam",https://parkbee.com/en/city/amsterdam,EUR
Netherlands,Amsterdam,PB074,Maassluisstraat 105,ParkBee,52.34917515332326,4.837039012011733,,,,,"Maassluisstraat 105, 1062 HP Amsterdam",https://parkbee.com/en/city/amsterdam,EUR
Netherlands,Amsterdam,PB075,Maassluisstraat 2,ParkBee,52.35083148873864,4.836455317629516,,,,,"Maassluisstraat 2, 1062 GD Amsterdam",https://parkbee.com/en/city/amsterdam,EUR
Netherlands,Amsterdam,PB076,Marcusstraat 21-53,ParkBee,52.35178143205535,4.91264009430256,,,,,"Marcusstraat, 21-53 Amsterdam",https://parkbee.com/en/city/amsterdam,EUR
Netherlands,Amsterdam,PB077,Margriet Toren,ParkBee,52.3113967,4.9419071,,,,,"Haaksbergweg 75, 1101 BR Amsterdam",https://parkbee.com/en/city/amsterdam,EUR
Netherlands,Amsterdam,PB078,Mercure Hotel Amsterdam City,ParkBee,52.33525,4.913437,,,,,"Joan Muyskenweg 10, 1096CJ Amsterdam",https://parkbee.com/en/city/amsterdam,EUR
Netherlands,Amsterdam,PB079,Mercure Hotel Schiphol,ParkBee,52.33742607,4.816550398,,,,,"Oude Haagseweg 20, 1066BW Amsterdam",https://parkbee.com/en/city/amsterdam,EUR
Netherlands,Amsterdam,PB080,Minervahaven,ParkBee,52.3981508,4.8710331,,,,,"Moermanskkade 71, 1013 BC Amsterdam",https://parkbee.com/en/city/amsterdam,EUR
Netherlands,Amsterdam,PB081,Molenpad,ParkBee,52.366917,4.883222,,,,,"Molenpad 16, 1016 GM Amsterdam",https://parkbee.com/en/city/amsterdam,EUR
Netherlands,Amsterdam,PB082,Molukkenstraat 308,ParkBee,52.357181,4.940308,,,,,"Molukkenstraat 308, 1098TW Amsterdam",https://parkbee.com/en/city/amsterdam,EUR
Netherlands,Amsterdam,PB083,Mt Lincolnweg,ParkBee,52.40546,4.890383,,,,True,"TT Vasumweg 63, 1033 SN Amsterdam",https://parkbee.com/en/city/amsterdam,EUR
Netherlands,Amsterdam,PB084,NH Amsterdam Zuid,ParkBee,52.326187,4.87989,,,,,"Van Leijenberghlaan 221, 1082 GG Amsterdam",https://parkbee.com/en/city/amsterdam,EUR
Netherlands,Amsterdam,PB085,Naritaweg B,ParkBee,52.386527,4.833081,,,,,"Naritaweg 159, 1043BW Amsterdam",https://parkbee.com/en/city/amsterdam,EUR
Netherlands,Amsterdam,PB086,Naritaweg C,ParkBee,52.387372,4.833471,,,,,"Naritaweg 141, 1043 BW Amsterdam",https://parkbee.com/en/city/amsterdam,EUR
Netherlands,Amsterdam,PB087,Nassaukade,ParkBee,52.364516,4.878691,,,,,"Nassaukade 946, 1016 CX Amsterdam",https://parkbee.com/en/city/amsterdam,EUR
Netherlands,Amsterdam,PB088,Nautix,ParkBee,52.369141,4.967595,,,,True,"Zuiderzeeweg 6, 1095 KG Amsterdam",https://parkbee.com/en/city/amsterdam,EUR
Netherlands,Amsterdam,PB089,Nieuwe Prinsengracht 65,ParkBee,52.3636454,4.9059957,,,,,"Nieuwe Prinsengracht 65, 1018 EG Amsterdam",https://parkbee.com/en/city/amsterdam,EUR
Netherlands,Amsterdam,PB090,Nieuwe Westerdokstraat,ParkBee,52.380717,4.893657,,,,,"Nieuwe Westerdokstraat 8, 1013 AG Amsterdam",https://parkbee.com/en/city/amsterdam,EUR
Netherlands,Amsterdam,PB091,Ooster Ringdijk,ParkBee,52.35815,4.94046,,,,,"Molukkenstraat 190, 1098TW Amsterdam",https://parkbee.com/en/city/amsterdam,EUR
Netherlands,Amsterdam,PB092,Oranjekwartier,ParkBee,52.353335,4.839612,,,,,"Carnapstraat 201, 1062 KZ Amsterdam",https://parkbee.com/en/city/amsterdam,EUR
Netherlands,Amsterdam,PB093,Osdorpplein,ParkBee,52.360035,4.805186,,,,,"Osdorpplein 249, 1068 SW Amsterdam",https://parkbee.com/en/city/amsterdam,EUR
Netherlands,Amsterdam,PB094,OurDomain Amsterdam South East,ParkBee,52.299025,4.956646,,,,True,"Pietersbergweg 53, 1105 BM Amsterdam",https://parkbee.com/en/city/amsterdam,EUR
Netherlands,Amsterdam,PB095,Overschiestraat,ParkBee,52.344892,4.836799,,,,,"Overschiestraat 184, 1062 XK Amsterdam",https://parkbee.com/en/city/amsterdam,EUR
Netherlands,Amsterdam,PB096,Overschiestraat 63,ParkBee,52.34504838406263,4.839296555510498,,,,,"Overschiestraat 63, 1062 XD Amsterdam",https://parkbee.com/en/city/amsterdam,EUR
Netherlands,Amsterdam,PB097,Overtoom,ParkBee,52.364356,4.872063,,,,,"Tweede Constantijn Huygensstraat 4, 1054 CT Amsterdam",https://parkbee.com/en/city/amsterdam,EUR
Netherlands,Amsterdam,PB098,Paasheuvelweg 14,ParkBee,52.2975849,4.9509706,,,,,"Paasheuvelweg 14, 1105 BH Amsterdam",https://parkbee.com/en/city/amsterdam,EUR
Netherlands,Amsterdam,PB099,Paasheuvelweg 6,ParkBee,52.2985558,4.9499325,,,,,"Paasheuvelweg 6, 1105 BH Amsterdam",https://parkbee.com/en/city/amsterdam,EUR
Netherlands,Amsterdam,PB100,Panamalaan,ParkBee,52.367701,4.93313,,,,,"Panamalaan 11, 1019 AT Amsterdam",https://parkbee.com/en/city/amsterdam,EUR
Netherlands,Amsterdam,PB101,Park Inn by Radisson Amsterdam City West,ParkBee,52.3906752,4.8418822,,,,,"Gatwickstraat 2, 1043 GM Amsterdam",https://parkbee.com/en/city/amsterdam,EUR
Netherlands,Amsterdam,PB102,Parkeergarage De Plantijn,ParkBee,52.348418,4.822217,,,,,"Louwesweg 12, 1066CX Amsterdam",https://parkbee.com/en/city/amsterdam,EUR
Netherlands,Amsterdam,PB103,Parkeergarage Nieuw West,ParkBee,52.3571332,4.8043957,,,,True,"Jan Celestraat 5, 1068HH Amsterdam",https://parkbee.com/en/city/amsterdam,EUR
Netherlands,Amsterdam,PB104,Parking 2Amsterdam,ParkBee,52.340139,4.871665,,,,True,"Eduard van Beinumstraat 2, 1077 CZ Amsterdam",https://parkbee.com/en/city/amsterdam,EUR
Netherlands,Amsterdam,PB105,Parking Aristo,ParkBee,52.387077,4.840003,,,,,"Tempelhofstraat 2, 1043 EC Amsterdam",https://parkbee.com/en/city/amsterdam,EUR
Netherlands,Amsterdam,PB106,Parking Cruquius ,ParkBee,52.3689962,4.9457844,,,,,"Zeeburgerkade 830, 1019 HT Amsterdam",https://parkbee.com/en/city/amsterdam,EUR
Netherlands,Amsterdam,PB107,Parking Plein 40-45,ParkBee,52.380001,4.823776,,,,,"Willem Kraanstraat 20, 1063 MG Amsterdam",https://parkbee.com/en/city/amsterdam,EUR
Netherlands,Amsterdam,PB108,Parking de Hoofdstad,ParkBee,52.363197,4.886961,,,,,"Prinsengracht 540, 1017KK Amsterdam",https://parkbee.com/en/city/amsterdam,EUR
Netherlands,Amsterdam,PB109,Parnassusweg,ParkBee,52.342655,4.868982,,,,,"Peter van Anrooystraat, 1077 xm Amsterdam",https://parkbee.com/en/city/amsterdam,EUR
Netherlands,Amsterdam,PB110,Pestana Amsterdam Riverside,ParkBee,52.352975,4.906584,,,,True,"Tolstraat 186, 1074 VN Amsterdam",https://parkbee.com/en/city/amsterdam,EUR
Netherlands,Amsterdam,PB111,Pillows Hotels,ParkBee,52.36260014590876,4.919794445563454,,,,,"Mauritskade 61, 1092 AD Amsterdam",https://parkbee.com/en/city/amsterdam,EUR
Netherlands,Amsterdam,PB112,Platanenweg,ParkBee,52.35392,4.913461,,,,,"Platanenweg 24, 1091 KS Amsterdam",https://parkbee.com/en/city/amsterdam,EUR
Netherlands,Amsterdam,PB113,Postillion Hotel,ParkBee,52.3340683,4.9219354,,,,True,"Paul van Vlissingenstraat 9-11, 1096 BK Amsterdam",https://parkbee.com/en/city/amsterdam,EUR
Netherlands,Amsterdam,PB114,Q-port,ParkBee,52.3868604,4.842559,,,,,"Kingsfordweg 43, 1043 GP Amsterdam",https://parkbee.com/en/city/amsterdam,EUR
Netherlands,Amsterdam,PB115,RAI Amsterdam,ParkBee,52.339193,4.890143,,,,True,"Europaboulevard 2, 1078 RV Amsterdam",https://parkbee.com/en/city/amsterdam,EUR
Netherlands,Amsterdam,PB116,Revaleiland,ParkBee,52.393844,4.880763,,,,True,"Revaleiland 282, 1014 ZG Amsterdam",https://parkbee.com/en/city/amsterdam,EUR
Netherlands,Amsterdam,PB117,Rigakade,ParkBee,52.395242,4.874282,,,,True,"Rigakade 10, 1013 BC Amsterdam",https://parkbee.com/en/city/amsterdam,EUR
Netherlands,Amsterdam,PB118,Rijswijkstraat ,ParkBee,52.350125,4.84272,,,,,"Rijswijkstraat 4, 1059 GK Amsterdam",https://parkbee.com/en/city/amsterdam,EUR
Netherlands,Amsterdam,PB119,Ruby Emma Hotel,ParkBee,52.338292,4.920707,,,,,"Amstelvlietstraat 4, 1096 GG Amsterdam",https://parkbee.com/en/city/amsterdam,EUR
Netherlands,Amsterdam,PB120,Ruyterhuys,ParkBee,52.381652,4.895267,,,,True,"De Ruijterkade 6, 1011AA Amsterdam",https://parkbee.com/en/city/amsterdam,EUR
Netherlands,Amsterdam,PB121,Sarphati Plaza,ParkBee,52.360975,4.907372,,,,True,"Sarphatistraat 44, 1018GN Amsterdam",https://parkbee.com/en/city/amsterdam,EUR
Netherlands,Amsterdam,PB122,Sheraton Amsterdam Airport Hotel,ParkBee,52.308812,4.759498,,,,True,"Schiphol Boulevard 101, 1118 BG Amsterdam",https://parkbee.com/en/city/amsterdam,EUR
Netherlands,Amsterdam,PB123,Sloten,ParkBee,52.33742607,4.815710598,,,,,"Oude Haagseweg 20, 1066BW Amsterdam",https://parkbee.com/en/city/amsterdam,EUR
Netherlands,Amsterdam,PB124,Sluishuis,ParkBee,52.363843,4.98224,,,,True,"Haringbuisdijk, 1086 VA Amsterdam",https://parkbee.com/en/city/amsterdam,EUR
Netherlands,Amsterdam,PB125,Spaces Amstel,ParkBee,52.348648,4.914316,,,,True,"Mr. Treublaan 7, 1097 DP Amsterdam",https://parkbee.com/en/city/amsterdam,EUR
Netherlands,Amsterdam,PB126,Spaces Zuidas,ParkBee,52.336254,4.885284,,,,True,"Barbara Strozzilaan 101, 1083HN Amsterdam",https://parkbee.com/en/city/amsterdam,EUR
Netherlands,Amsterdam,PB127,Spaklerweg 44A,ParkBee,52.337588,4.921114,,,,,"Amstelstroomlaan, 1096BA Amsterdam",https://parkbee.com/en/city/amsterdam,EUR
Netherlands,Amsterdam,PB128,Spiegelhof,ParkBee,52.364728,4.889886,,,,,"Nieuwe Spiegelstraat 15, 1017 DB Amsterdam",https://parkbee.com/en/city/amsterdam,EUR
Netherlands,Amsterdam,PB129,Squash City Amsterdam,ParkBee,52.383046,4.889575,,,,,"Ketelmakerstraat 6, 1013 DE Amsterdam",https://parkbee.com/en/city/amsterdam,EUR
Netherlands,Amsterdam,PB130,Staal Kade - P2,ParkBee,52.347593,4.849895,,,,True,"Rijnsburgstraat 9-11, 1059 AT Amsterdam",https://parkbee.com/en/city/amsterdam,EUR
Netherlands,Amsterdam,PB131,Stadhouderskade,ParkBee,52.35884,4.888373,,,,,"Stadhouderskade 55, 1072 AB Amsterdam",https://parkbee.com/en/city/amsterdam,EUR
Netherlands,Amsterdam,PB132,Stephensonstraat,ParkBee,52.349426,4.919048,,,,,"Stephensonstraat 37, 1097 BA Amsterdam",https://parkbee.com/en/city/amsterdam,EUR
Netherlands,Amsterdam,PB133,Teleport Towers,ParkBee,52.385356,4.842838,,,,,"Kingsfordweg 151, 1043 GR Amsterdam",https://parkbee.com/en/city/amsterdam,EUR
Netherlands,Amsterdam,PB134,Tempelhofstraat,ParkBee,52.387118,4.840464,,,,True,"Tempelhofstraat 5, 1043EB Amsterdam",https://parkbee.com/en/city/amsterdam,EUR
Netherlands,Amsterdam,PB135,The Curve,ParkBee,52.405635,4.891817,,,,True,"Tt. Vasumweg 58, 1033SC Amsterdam",https://parkbee.com/en/city/amsterdam,EUR
Netherlands,Amsterdam,PB136,The July - Boat & Co,ParkBee,52.39418678203342,4.8823508338439865,,,,True,"Revaleiland 500, 1014 ZG Amsterdam",https://parkbee.com/en/city/amsterdam,EUR
Netherlands,Amsterdam,PB137,The Social Hub Amsterdam City,ParkBee,52.3553359,4.9137188,,,,True,"Vrolikstraat 171, 1091TW Amsterdam",https://parkbee.com/en/city/amsterdam,EUR
Netherlands,Amsterdam,PB138,The Whale,ParkBee,52.373645,4.941142,,,,,"Baron G.A. Tindalplein 217, 1019 TW Amsterdam",https://parkbee.com/en/city/amsterdam,EUR
Netherlands,Amsterdam,PB139,The William,ParkBee,52.33407569813688,4.916790531839114,,,,,"Willem Fenengastraat 16, 1096 BN Amsterdam",https://parkbee.com/en/city/amsterdam,EUR
Netherlands,Amsterdam,PB140,Tire Station,ParkBee,52.3571082,4.8550431,,,,,"Amstelveenseweg 21, 1054 MB Amsterdam",https://parkbee.com/en/city/amsterdam,EUR
Netherlands,Amsterdam,PB141,Tweede Hugo de Grootstraat,ParkBee,52.3747421,4.8702012,,,,,"Van Reigersbergenstraat 2, 1052 LG Amsterdam",https://parkbee.com/en/city/amsterdam,EUR
Netherlands,Amsterdam,PB142,Van Beuningenstraat,ParkBee,52.383366,4.875896,,,,,"Van Beuningenstraat 92, 1051XS Amsterdam",https://parkbee.com/en/city/amsterdam,EUR
Netherlands,Amsterdam,PB143,Van Limburg Stirumstraat,ParkBee,52.384008,4.875712,,,,,"Van Hogendorpstraat 28, 1051BP Amsterdam",https://parkbee.com/en/city/amsterdam,EUR
Netherlands,Amsterdam,PB144,Van der Valk Hotel Amsterdam-Amstel,ParkBee,52.333225,4.914336,,,,True,"Joan Muyskenweg 20, 1096 CJ Amsterdam",https://parkbee.com/en/city/amsterdam,EUR
Netherlands,Amsterdam,PB145,Weesperstraat 107-121,ParkBee,52.36316,4.90799,,,,True,"Lepelkruisstraat 42, 1018 WH Amsterdam",https://parkbee.com/en/city/amsterdam,EUR
Netherlands,Amsterdam,PB146,Wim van Estlaan,ParkBee,52.37372,4.836549,,,,True,"Wim van Estlaan, 1061 AZ Amsterdam",https://parkbee.com/en/city/amsterdam,EUR
Netherlands,Amsterdam,PB147,World Fashion Centre,ParkBee,52.35258,4.84162,,,,,"Hodenpijlkade 1, 1058 LV Amsterdam",https://parkbee.com/en/city/amsterdam,EUR
Netherlands,Amsterdam,PB148,Zandkasteel P27,ParkBee,52.313179,4.953979,,,,True,"Hoogoorddreef 42, 1102 CP Amsterdam",https://parkbee.com/en/city/amsterdam,EUR
Netherlands,Amsterdam,PB149,Zandkasteel P4,ParkBee,52.313357769495944,4.9539162218329,,,,True,"Hoogoorddreef 42, 1102 MG Amsterdam",https://parkbee.com/en/city/amsterdam,EUR
Netherlands,Amsterdam,PB150,Zuidas,ParkBee,52.336274,4.870815,,,,,"Benjamin Brittenstraat 13, 1082 ML Amsterdam",https://parkbee.com/en/city/amsterdam,EUR
Netherlands,Amsterdam,GA01,Albert Cuyp,Gemeente Amsterdam,52.355167,4.887075,600,6.96,69.6,True,"Ruysdaelkade 100, 1072 AT Amsterdam",https://www.amsterdam.nl/parkeren/gemeentelijke-parkeergarages/overzicht/albert-cuyp/,EUR
Netherlands,Amsterdam,GA02,Amsterdamse Bos,Gemeente Amsterdam,52.329211,4.855594,700,3.12,31.2,True,"Bosbaan 4, Amsterdam",https://www.amsterdam.nl/parkeren/gemeentelijke-parkeergarages/overzicht/amsterdamse-bos/,EUR
Netherlands,Amsterdam,GA03,Banne,Gemeente Amsterdam,52.407794,4.917144,440,1.74,17.4,True,"Bezaanjachtplein 129, 1034 CR Amsterdam",https://www.amsterdam.nl/parkeren/gemeentelijke-parkeergarages/overzicht/banne/,EUR
Netherlands,Amsterdam,GA04,De Hallen,Gemeente Amsterdam,52.367953,4.867831,110,6.96,69.6,True,"Bellamyplein 41, 1053 AT Amsterdam",https://www.amsterdam.nl/parkeren/gemeentelijke-parkeergarages/overzicht/hallen/,EUR
Netherlands,Amsterdam,GA05,De Opgang,Gemeente Amsterdam,52.397789,4.937997,800,1.74,17.4,,"Buikslotermeerplein 226, 1025 EZ Amsterdam",https://www.amsterdam.nl/parkeren/gemeentelijke-parkeergarages/overzicht/opgang/,EUR
Netherlands,Amsterdam,GA06,Dome,Gemeente Amsterdam,52.313392,4.936986,550,3.72,37.2,,"Passage 90, 1101 AX Amsterdam",https://www.amsterdam.nl/parkeren/gemeentelijke-parkeergarages/overzicht/dome/,EUR
Netherlands,Amsterdam,GA07,Gouden Leeuw,Gemeente Amsterdam,52.3236505,4.9752228,,1.74,17.4,True,"Gouden Leeuw 100, 1103 KA Amsterdam",https://www.amsterdam.nl/parkeren/gemeentelijke-parkeergarages/overzicht/gouden-leeuw/,EUR
Netherlands,Amsterdam,GA08,Groenhoven,Gemeente Amsterdam,52.3245312,4.9777816,,1.74,17.4,True,"Groenhoven 100, 1103 LA Amsterdam",https://www.amsterdam.nl/parkeren/gemeentelijke-parkeergarages/overzicht/groenhoven/,EUR
Netherlands,Amsterdam,GA09,Haardstee,Gemeente Amsterdam,52.3112102,4.9522275,,1.74,17.4,,"Haardstee 100, 1102 NE Amsterdam",https://www.amsterdam.nl/parkeren/gemeentelijke-parkeergarages/overzicht/haardstee/,EUR
Netherlands,Amsterdam,GA10,Hoptille,Gemeente Amsterdam,52.3090711,4.9547266,,1.74,17.4,,"Hoptille 100, 1102 PR Amsterdam",https://www.amsterdam.nl/parkeren/gemeentelijke-parkeergarages/overzicht/hoptille/,EUR
Netherlands,Amsterdam,GA11,Markenhoven,Gemeente Amsterdam,52.369733,4.908733,352,9.0,90.0,True,"Anne Frankstraat 220, 1011 MP Amsterdam",https://www.amsterdam.nl/parkeren/gemeentelijke-parkeergarages/overzicht/markenhoven/,EUR
Netherlands,Amsterdam,GA12,Marnix,Gemeente Amsterdam,52.3783,4.877183,800,6.96,69.6,True,"Frederik Hendrikplantsoen 25, 1052 XZ Amsterdam",https://www.amsterdam.nl/parkeren/gemeentelijke-parkeergarages/overzicht/marnix/,EUR
Netherlands,Amsterdam,GA13,Mercatorplein,Gemeente Amsterdam,52.36945,4.851414,200,5.34,53.4,,"Mercatorplein 2A, 1057 CB Amsterdam",https://www.amsterdam.nl/parkeren/gemeentelijke-parkeergarages/overzicht/mercatorplein/,EUR
Netherlands,Amsterdam,GA14,P+R Boven 't Y,Gemeente Amsterdam,52.399286,4.9392122,448,,13.0,,"Buikslotermeerplein 237, 1025 XB Amsterdam",https://www.amsterdam.nl/parkeren/parkeren-reizen/plaatsen-binnen-stad/pr-boven-t-y/,EUR
Netherlands,Amsterdam,GA15,P+R Noord,Gemeente Amsterdam,52.4029854,4.9327714,442,,13.0,True,"Nieuwe Leeuwarderweg 25, 1022 BP Amsterdam",https://www.amsterdam.nl/parkeren/parkeren-reizen/plaatsen-binnen-stad/noord/,EUR
Netherlands,Amsterdam,GA16,P+R P1 ArenA,Gemeente Amsterdam,52.3137103,4.9406032,2400,,13.0,True,"Burgemeester Stramanweg 130, 1101 EP Amsterdam",https://www.amsterdam.nl/parkeren/parkeren-reizen/plaatsen-binnen-stad/p1-arena/,EUR
Netherlands,Amsterdam,GA17,P+R Sloterdijk,Gemeente Amsterdam,52.3900271,4.8384282,200,,13.0,True,"Piarcoplein 1, 1043 DW Amsterdam",https://www.amsterdam.nl/parkeren/parkeren-reizen/plaatsen-binnen-stad/pr-sloterdijk/,EUR
Netherlands,Amsterdam,GA18,P+R Zeeburg II,Gemeente Amsterdam,52.3696831,4.9641154,163,,13.0,,"Zuiderzeeweg 8, 1095 KG Amsterdam",https://www.amsterdam.nl/parkeren/parkeren-reizen/plaatsen-binnen-stad/pr-zeeburg/,EUR
Netherlands,Amsterdam,GA19,P+R Zeeburg III,Gemeente Amsterdam,52.3698175,4.9710179,265,,13.0,True,"Anthonie van Akenstraat, 1095 MV Amsterdam",https://www.amsterdam.nl/parkeren/parkeren-reizen/plaatsen-binnen-stad/pr-zeeburg-iii/,EUR
Netherlands,Amsterdam,GA20,P10 Plaza ArenA,Gemeente Amsterdam,52.3072163,4.9417095,814,3.72,37.2,True,"Herikerbergweg 288, 1101 CT Amsterdam",https://www.amsterdam.nl/parkeren/gemeentelijke-parkeergarages/overzicht/p10-plaza-arena/,EUR
Netherlands,Amsterdam,GA21,P18 HvA / ROC,Gemeente Amsterdam,52.3153793,4.9470685,291,3.72,,,"Fraijlemaborg 131, 1102 CV Amsterdam",https://www.amsterdam.nl/parkeren/gemeentelijke-parkeergarages/overzicht/p18-hva-roc/,EUR
Netherlands,Amsterdam,GA22,P2 Evenemententerrein,Gemeente Amsterdam,52.316025,4.930142,,,22.0,,"Borchlandweg 1, 1114 BD Amsterdam",https://www.amsterdam.nl/parkeren/gemeentelijke-parkeergarages/overzicht/p2-evenemententerrein/,EUR
Netherlands,Amsterdam,GA23,P3 Mikado,Gemeente Amsterdam,52.310342,4.941297,366,3.72,37.2,,"De Entree 228, 1101 EE Amsterdam",https://www.amsterdam.nl/parkeren/gemeentelijke-parkeergarages/overzicht/p3-mikado/,EUR
Netherlands,Amsterdam,GA24,P4 Villa ArenA,Gemeente Amsterdam,52.3111146,4.9386937,1248,3.72,,True,"De Entree 7, 1101 EE Amsterdam",https://www.amsterdam.nl/parkeren/gemeentelijke-parkeergarages/overzicht/p4-villa-arena/,EUR
Netherlands,Amsterdam,GA25,P5 Villa ArenA,Gemeente Amsterdam,52.3111146,4.9386937,1354,3.72,,True,"De Entree 7, 1101 BH Amsterdam",https://www.amsterdam.nl/parkeren/gemeentelijke-parkeergarages/overzicht/p5-villa-arena/,EUR
Netherlands,Amsterdam,GA26,P6 Uitgaansdriehoek,Gemeente Amsterdam,52.311167,4.943981,399,3.72,37.2,,"De Corridor 15, 1101 BC Amsterdam",https://www.amsterdam.nl/parkeren/gemeentelijke-parkeergarages/overzicht/p6-uitgaansdriehoek/,EUR
Netherlands,Amsterdam,GA27,Piet Hein,Gemeente Amsterdam,52.377675,4.914539,400,5.34,53.4,True,"Piet Heinkade 59, 1019 GM Amsterdam",https://www.amsterdam.nl/parkeren/gemeentelijke-parkeergarages/overzicht/piet-heingarage/,EUR
Netherlands,Amsterdam,GA28,Rokin,Gemeente Amsterdam,52.371078,4.892744,293,9.0,90.0,True,"Rokin 67, 1012 KK Amsterdam",https://www.amsterdam.nl/parkeren/gemeentelijke-parkeergarages/overzicht/rokin/,EUR
Netherlands,Amsterdam,GA29,Science Park P7,Gemeente Amsterdam,52.355131,4.956467,261,5.34,53.4,,"Science Park 904, 1098 XH Amsterdam",https://www.amsterdam.nl/parkeren/gemeentelijke-parkeergarages/overzicht/science-park-p7/,EUR
Netherlands,Amsterdam,GA30,Stadhuis,Gemeente Amsterdam,52.367281,4.900517,400,9.0,90.0,True,"Waterlooplein 28, 1011 PG Amsterdam",https://www.amsterdam.nl/parkeren/gemeentelijke-parkeergarages/overzicht/stadhuis/,EUR
Netherlands,Amsterdam,GA31,Willemspoort,Gemeente Amsterdam,52.384956,4.884494,203,9.0,90.0,True,"Haarlemmer Houttuinen 549, 1013 GM Amsterdam",https://www.amsterdam.nl/parkeren/gemeentelijke-parkeergarages/overzicht/willemspoort/,EUR
Netherlands,Rotterdam,QP01,Alexandrium Megastores,Q-Park,51.951177,4.560513,180,1.73,25.0,,"Watermanweg 1 E, 3067 GA Rotterdam",https://www.q-park.nl/nl-nl/parkeren/rotterdam/alexandrium-megastores/,EUR
Netherlands,Rotterdam,QP02,Boston & Seattle Terrein,Q-Park,51.90687,4.492037,270,5.0,40.0,,"Posthumalaan 35, 3072 ME Rotterdam",https://www.q-park.nl/nl-nl/parkeren/rotterdam/parkeerterrein-boston-seattle/,EUR
Netherlands,Rotterdam,QP03,Coolsingel,Q-Park,51.921829,4.477859,290,5.0,30.0,True,"Sint-Luciastraat 59, 3012 ET Rotterdam",https://www.q-park.nl/nl-nl/parkeren/rotterdam/coolsingel/,EUR
Netherlands,Rotterdam,QP04,de Bijenkorf,Q-Park,51.920973,4.47813,449,5.0,30.0,True,"Aert van Nesstraat 16, 3012 CA Rotterdam",https://www.q-park.nl/nl-nl/parkeren/rotterdam/de-bijenkorf/,EUR
Netherlands,Rotterdam,QP05,De Rotterdam,Q-Park,51.906331,4.487947,659,5.0,40.0,True,"Wilhelminakade 201, 3072 AR Rotterdam",https://www.q-park.nl/nl-nl/parkeren/rotterdam/de-rotterdam/,EUR
Netherlands,Rotterdam,QP06,Fenix,Q-Park,51.901604,4.488232,234,5.0,37.5,True,"Veerlaan 9, 3072ZP Rotterdam",https://www.q-park.nl/nl-nl/parkeren/rotterdam/fenix/,EUR
Netherlands,Rotterdam,QP07,Hart van Zuid,Q-Park,51.885776,4.48916,105,3.75,18.0,True,"Twentestraat 104, 3083 BD Rotterdam",https://www.q-park.nl/nl-nl/parkeren/rotterdam/hart-van-zuid/,EUR
Netherlands,Rotterdam,QP08,Ikazia,Q-Park,51.885272,4.492979,432,2.86,10.5,True,"Casimirstraat 9, 3083 AB Rotterdam",https://www.q-park.nl/nl-nl/parkeren/rotterdam/ikazia/,EUR
Netherlands,Rotterdam,QP09,Koopgoot,Q-Park,51.919227,4.481458,435,5.29,32.0,True,"Bulgersteyn 5, 3011 AB Rotterdam",https://www.q-park.nl/nl-nl/parkeren/rotterdam/koopgoot/,EUR
Netherlands,Rotterdam,QP10,Maastoren,Q-Park,51.908477,4.493311,629,5.0,40.0,True,"Wilhelminakade 101, 3072 AP Rotterdam",https://www.q-park.nl/nl-nl/parkeren/rotterdam/maastoren/,EUR
Netherlands,Rotterdam,QP11,P+R Proveniersplein,Q-Park,51.92614,4.469805,102,3.12,19.5,,"Proveniersplein, 3033 EC Rotterdam",https://www.q-park.nl/nl-nl/parkeren/rotterdam/p-r-proveniersplein/,EUR
Netherlands,Rotterdam,QP12,Rijnhaven,Q-Park,51.9027529,4.4929062,452,4.0,25.0,,"Pudongstraat 4, 3072 AJ Rotterdam",https://www.q-park.nl/nl-nl/parkeren/rotterdam/rijnhaven/,EUR
Netherlands,Rotterdam,QP13,Scheepvaartkwartier,Q-Park,51.910286,4.4769025,196,4.0,25.0,True,"Van Vollenhovenstraat 5 G, 3016 BE Rotterdam",https://www.q-park.nl/nl-nl/parkeren/rotterdam/scheepvaartkwartier/,EUR
Netherlands,Rotterdam,QP14,Schiecentrale,Q-Park,51.904129,4.458429,387,2.5,23.0,True,"Schiehavenkade 120, 3024 EZ Rotterdam",https://www.q-park.nl/nl-nl/parkeren/rotterdam/schiecentrale/,EUR
Netherlands,Rotterdam,QP15,Weena,Q-Park,51.922698,4.473551,480,5.29,32.0,True,"Karel Doormanstraat 10, 3012 GJ Rotterdam",https://www.q-park.nl/nl-nl/parkeren/rotterdam/weena/,EUR
Netherlands,Rotterdam,QP16,Westblaak,Q-Park,51.9165037,4.4779307,650,5.29,32.5,True,"Hartmanstraat 35, 3012 VA Rotterdam",https://www.q-park.nl/nl-nl/parkeren/rotterdam/westblaak/,EUR
Netherlands,Rotterdam,QP17,Woonmall Alexandrium,Q-Park,51.951177,4.560513,1004,1.73,10.0,,"Watermanweg 231, 3067 GA Rotterdam",https://www.q-park.nl/nl-nl/parkeren/rotterdam/woonmall-alexandrium/,EUR
Netherlands,Rotterdam,QP18,Zorgboulevard,Q-Park,51.879844,4.532951,1774,3.53,11.0,True,"Krimpenerstraat, 3079 DZ Rotterdam",https://www.q-park.nl/nl-nl/parkeren/rotterdam/zorgboulevard/,EUR
Netherlands,Rotterdam,QP19,Zorgboulevard Terrein,Q-Park,51.879844,4.532951,111,3.53,11.0,,"Schoonhovenstraat, 3079 DZ Rotterdam",https://www.q-park.nl/nl-nl/parkeren/rotterdam/zorgboulevard-terrein/,EUR
Netherlands,Rotterdam,QP20,Zuidplein 1,Q-Park,51.88715,4.49136,1345,3.95,19.0,True,"Meierijstraat 3, 3083BA Rotterdam",https://www.q-park.nl/nl-nl/parkeren/rotterdam/zuidplein-1/,EUR
Netherlands,Rotterdam,QP21,Zuidplein 2,Q-Park,51.8874931,4.4899524,209,3.95,19.0,True,"Sallandweg, 3083BC Rotterdam",https://www.q-park.nl/nl-nl/parkeren/rotterdam/zuidplein-2/,EUR
Netherlands,Rotterdam,PB01,Arrivals,ParkBee,51.921441,4.46896,,,,True,"Diergaardesingel 80B, 3014 AG Rotterdam",https://parkbee.com/en/city/rotterdam,EUR
Netherlands,Rotterdam,PB02,Baan 74,ParkBee,51.913591,4.480615,,,,,"Baan 74, 3011 CD Rotterdam",https://parkbee.com/en/city/rotterdam,EUR
Netherlands,Rotterdam,PB03,Carnissesingel,ParkBee,51.885437,4.486576,,,,,"Carnissesingel 51, 3083 JA Rotterdam",https://parkbee.com/en/city/rotterdam,EUR
Netherlands,Rotterdam,PB04,Dynamostraat,ParkBee,51.886977,4.49567,,,,,"Dynamostraat 20, 3083AK Rotterdam",https://parkbee.com/en/city/rotterdam,EUR
Netherlands,Rotterdam,PB05,Edam 1,ParkBee,51.9062825,4.48896,,,,,"Edam 1, 3072 MB Rotterdam",https://parkbee.com/en/city/rotterdam,EUR
Netherlands,Rotterdam,PB06,George Hintzenweg,ParkBee,51.95299,4.55897,,,,True,"George Hintzenweg 73 - 85, 3068 AX Rotterdam",https://parkbee.com/en/city/rotterdam,EUR
Netherlands,Rotterdam,PB07,HNK Rotterdam Alexander,ParkBee,51.95264,4.553115,,,,,"Marten Meesweg 101, 3068 AV Rotterdam",https://parkbee.com/en/city/rotterdam,EUR
Netherlands,Rotterdam,PB08,Heiman Dullaertplein,ParkBee,51.90494,4.454764,,,,,"Heiman Dullaertplein 4, 3024 CA Rotterdam",https://parkbee.com/en/city/rotterdam,EUR
Netherlands,Rotterdam,PB09,Hilton Rotterdam,ParkBee,51.92317,4.476463,,,,True,"Kruiskade 11, 3012 EE Rotterdam",https://parkbee.com/en/city/rotterdam,EUR
Netherlands,Rotterdam,PB10,Hofplein,ParkBee,51.925499,4.478797,,,,,"Hofplein 20 Rotterdam, 3032 AC Rotterdam",https://parkbee.com/en/city/rotterdam,EUR
Netherlands,Rotterdam,PB11,Holiday Inn Express Rotterdam,ParkBee,51.924883,4.475801,,,,,"Delftsestraat 26, 3013 CJ Rotterdam",https://parkbee.com/en/city/rotterdam,EUR
Netherlands,Rotterdam,PB12,Korte Bajonet,ParkBee,51.919049,4.464643,,,,True,"Korte Bajonetstraat 4a, 3014 ZS Rotterdam",https://parkbee.com/en/city/rotterdam,EUR
Netherlands,Rotterdam,PB13,Maastoren,ParkBee,51.90895948,4.493608454,,,,,"Wilhelminakade 101, 3072AP Rotterdam",https://parkbee.com/en/city/rotterdam,EUR
Netherlands,Rotterdam,PB14,Parking Botersloot,ParkBee,51.9224949,4.4867015,,,,,"Librijesteeg 18, 3011HN Rotterdam",https://parkbee.com/en/city/rotterdam,EUR
Netherlands,Rotterdam,PB15,Parking Europoint ,ParkBee,51.9124141,4.4286088,,,,,"Marconistraat 16, 3029 AK Rotterdam",https://parkbee.com/en/city/rotterdam,EUR
Netherlands,Rotterdam,PB16,Parking Oostplein,ParkBee,51.921939,4.495758,,,,,"Burgemeester van Walsumweg 360, 3011 MZ Rotterdam",https://parkbee.com/en/city/rotterdam,EUR
Netherlands,Rotterdam,PB17,Parking Wijnstraat 100,ParkBee,51.91764,4.484081,,,,True,"Wijnstraat 100, 3011 TR Rotterdam",https://parkbee.com/en/city/rotterdam,EUR
Netherlands,Rotterdam,PB18,Parking Wijnstraat 78,ParkBee,51.917984,4.486104,,,,True,"Wijnstraat 78, 3011 TP Rotterdam",https://parkbee.com/en/city/rotterdam,EUR
Netherlands,Rotterdam,PB19,Scheepsvaartkwartier,ParkBee,51.910181,4.476906528,,,,,"Van Vollenhovenstraat 5g, 3016BE Rotterdam",https://parkbee.com/en/city/rotterdam,EUR
Netherlands,Rotterdam,PB20,Struisenburgdwarsstraat,ParkBee,51.919628,4.512217,,,,,"Struisenburgdwarsstraat 22, 3063BV Rotterdam",https://parkbee.com/en/city/rotterdam,EUR
Netherlands,Rotterdam,PB21,Tiendplein,ParkBee,51.920198,4.466209,,,,,"Coolsestraat 155, 3014 LH Rotterdam",https://parkbee.com/en/city/rotterdam,EUR
Netherlands,Rotterdam,PB22,Van Speykstraat,ParkBee,51.918974,4.466358,,,,,"Van Speykstraat 38, 3014 VM Rotterdam",https://parkbee.com/en/city/rotterdam,EUR
Netherlands,Rotterdam,PB23,Watermanweg ,ParkBee,51.9508839,4.5559232,,,,,"Watermanweg 120, 3067 GG Rotterdam",https://parkbee.com/en/city/rotterdam,EUR
Netherlands,Rotterdam,PB24,Witte de With,ParkBee,51.915914,4.476581,,,,,"Kromme Elleboog 37, 3012 VM Rotterdam",https://parkbee.com/en/city/rotterdam,EUR
Netherlands,Rotterdam,GR01,Benthuizerstraat,Gemeente Rotterdam,51.9366296,4.4803685,115,1.67,16.0,,"Bloklandstraat 154, 3036 TS Rotterdam",https://www.rotterdam.nl/parkeergarage-benthuizerstraat,EUR
Netherlands,Rotterdam,GR02,Boulevard Zuid,Gemeente Rotterdam,51.8969512,4.5096629,189,1.67,16.0,,"Polderstraat 10, 3074 XJ Rotterdam",https://www.rotterdam.nl/parkeergarage-boulevard-zuid,EUR
Netherlands,Rotterdam,GR03,Colosseumweg,Gemeente Rotterdam,51.8991927,4.5124815,203,1.67,16.0,,"Colosseumweg 13, 3074 SN Rotterdam",https://www.rotterdam.nl/parkeergarage-colosseumweg,EUR
Netherlands,Rotterdam,GR04,De Boompjes,Gemeente Rotterdam,51.9137633,4.4851717,623,4.29,41.0,True,"Terwenakker 18, 3011 XS Rotterdam",https://www.rotterdam.nl/parkeergarage-de-boompjes,EUR
Netherlands,Rotterdam,GR05,Erasmusbrug,Gemeente Rotterdam,51.9113538,4.4822965,327,4.29,41.0,True,"Willemsplein 100, 3016 DR Rotterdam",https://www.rotterdam.nl/parkeergarage-erasmusbrug,EUR
Netherlands,Rotterdam,GR06,Hoogvliet Centrum,Gemeente Rotterdam,51.8659938,4.358077,257,1.67,16.0,,"Klencke 74, 3191 VK Hoogvliet",https://www.rotterdam.nl/parkeergarage-hoogvliet-centrum,EUR
Netherlands,Rotterdam,GR07,Kiphof,Gemeente Rotterdam,51.921685,4.4917833,339,4.29,41.0,True,"Kipstraat 177, 3011 ZX Rotterdam",https://www.rotterdam.nl/parkeergarage-kiphof,EUR
Netherlands,Rotterdam,GR08,Lusthofstraat,Gemeente Rotterdam,51.9251228,4.5093174,222,1.67,16.0,,"Chris Bennekerslaan 25 c, 3061 EB Rotterdam",https://www.rotterdam.nl/parkeergarage-lusthofstraat,EUR
Netherlands,Rotterdam,GR09,Mathenesserplein,Gemeente Rotterdam,51.9172526,4.4442666,156,1.67,16.0,,"Aelbrechtskade 67, 3022 HP Rotterdam",https://www.rotterdam.nl/parkeergarage-mathenesserplein,EUR
Netherlands,Rotterdam,GR10,Meent,Gemeente Rotterdam,51.9241816,4.4823924,480,4.29,41.0,True,"Binnenrotte 15, 3011 HB Rotterdam",https://www.rotterdam.nl/parkeergarage-meent,EUR
Netherlands,Rotterdam,GR11,Museumpark,Gemeente Rotterdam,51.9126701,4.4714204,1162,4.29,41.0,True,"Museumpark 32, 3015 CX Rotterdam",https://www.rotterdam.nl/parkeergarage-museumpark,EUR
Netherlands,Rotterdam,GR12,Nieuwe Binnenweg 1,Gemeente Rotterdam,51.9113188,4.4528144,115,1.67,16.0,True,"Nieuwe Binnenweg 388 c, 3023 ET Rotterdam",https://www.rotterdam.nl/parkeergarage-nieuwe-binnenweg-1,EUR
Netherlands,Rotterdam,GR13,Oude Haven,Gemeente Rotterdam,51.9208865,4.4929135,229,4.29,41.0,,"Burgemeester van Walsumweg 718, 3011 MZ Rotterdam",https://www.rotterdam.nl/parkeergarage-oude-haven,EUR
Netherlands,Rotterdam,GR14,Schouwburgplein 1,Gemeente Rotterdam,51.9203381,4.4736777,704,4.29,41.0,True,"Schouwburgplein 22, 3012 CL Rotterdam",https://www.rotterdam.nl/parkeergarage-schouwburgplein-1,EUR
Netherlands,Rotterdam,GR15,Schouwburgplein 2,Gemeente Rotterdam,51.9226517,4.468444,771,4.29,41.0,True,"Weenatunnel 50, 3013 AL Rotterdam",https://www.rotterdam.nl/parkeergarage-schouwburgplein-2,EUR
Netherlands,Rotterdam,GR16,Veranda,Gemeente Rotterdam,51.8967816,4.5277232,589,1.67,16.0,,"Siem Heidenstraat 6, 3077 MS Rotterdam",https://www.rotterdam.nl/parkeergarage-veranda,EUR
Netherlands,Den Haag,QP01,Binck City Park,Q-Park,52.0676,4.33607,232,3.33,27.5,True,"Uranusstraat 188, 2516 CL Den Haag",https://www.q-park.nl/nl-nl/parkeren/den-haag/binck-city-park/,EUR
Netherlands,Den Haag,QP02,Centrum,Q-Park,52.075873,4.315964,712,5.2,33.0,True,"Amsterdamse Veerkade 30, 2512 AJ Den Haag",https://www.q-park.nl/nl-nl/parkeren/den-haag/centrum/,EUR
Netherlands,Den Haag,QP03,City Parking,Q-Park,52.075926,4.30792,223,6.23,35.0,True,"Laan 7, 2512 GM Den Haag",https://www.q-park.nl/nl-nl/parkeren/den-haag/city-parking/,EUR
Netherlands,Den Haag,QP04,CS New Babylon,Q-Park,52.081919,4.325362,1248,5.56,36.0,True,"Prinses Irenestraat 1, 2595 BD Den Haag",https://www.q-park.nl/nl-nl/parkeren/den-haag/cs-new-babylon/,EUR
Netherlands,Den Haag,QP05,de Bijenkorf,Q-Park,52.07611,4.31355,35,5.8,,True,"Gedempte Gracht 28, 2512 AL Den Haag",https://www.q-park.nl/nl-nl/parkeren/den-haag/de-bijenkorf/,EUR
Netherlands,Den Haag,QP06,De Kroon,Q-Park,52.07859,4.3217,211,,,True,"Schedeldoekshaven 548, 2511 EP Den Haag",https://www.q-park.nl/nl-nl/parkeren/den-haag/de-kroon/,EUR
Netherlands,Den Haag,QP07,Grote Markt,Q-Park,52.077981,4.316035,390,6.2,40.0,True,"Kalvermarkt 32 G, 2511 CB Den Haag",https://www.q-park.nl/nl-nl/parkeren/den-haag/grote-markt/,EUR
Netherlands,Den Haag,QP08,Haagse Markt,Q-Park,52.064128,4.300243,454,3.53,17.0,True,"De Heemstraat 301, 2525 ET Den Haag",https://www.q-park.nl/nl-nl/parkeren/den-haag/haagse-markt/,EUR
Netherlands,Den Haag,QP09,Kurhaus,Q-Park,52.1119939,4.2815669,250,6.0,45.0,True,"Gevers Deynootplein 189, 2586 CS Den Haag, Scheveningen","https://www.q-park.nl/nl-nl/parkeren/den-haag,-scheveningen/kurhaus/",EUR
Netherlands,Den Haag,QP10,Laakhaven,Q-Park,52.069285,4.3264189,1338,5.29,35.0,True,"Rijswijkseweg 27, 2516 ED Den Haag",https://www.q-park.nl/nl-nl/parkeren/den-haag/laakhaven/,EUR
Netherlands,Den Haag,QP11,Leyenburg,Q-Park,52.0579368,4.263824,842,2.8,15.0,True,"Escamplaan 874, 2547 EX Den Haag",https://www.q-park.nl/nl-nl/parkeren/den-haag/leyenburg/,EUR
Netherlands,Den Haag,QP12,Leyweg 1,Q-Park,52.0465736,4.2790461,588,1.6,10.0,,"Leyweg 791, 2545 GM Den Haag",https://www.q-park.nl/nl-nl/parkeren/den-haag/leyweg-1/,EUR
Netherlands,Den Haag,QP13,Lutherse Burgwal,Q-Park,52.074778,4.310122,282,5.2,33.0,True,"Lutherse Burgwal 25, 2512 CB Den Haag",https://www.q-park.nl/nl-nl/parkeren/den-haag/lutherse-burgwal/,EUR
Netherlands,Den Haag,QP14,Maanweg,Q-Park,52.06814,4.35176,170,3.33,27.5,True,"Maanplein 20, 2516 CK Den Haag",https://www.q-park.nl/nl-nl/parkeren/den-haag/maanweg/,EUR
Netherlands,Den Haag,QP15,Malieveld,Q-Park,52.084623,4.317566,600,4.29,33.0,True,"Koningskade 64, 2596AA Den Haag",https://www.q-park.nl/nl-nl/parkeren/den-haag/malieveld/,EUR
Netherlands,Den Haag,QP16,Mauritskade,Q-Park,52.08428,4.3050547,187,5.22,36.0,True,"Zeestraat 39, 2514 HD Den Haag",https://www.q-park.nl/nl-nl/parkeren/den-haag/mauritskade/,EUR
Netherlands,Den Haag,QP17,Muzenplein,Q-Park,52.079446,4.318668,343,5.71,36.0,True,"Fluwelen Burgwal 46, 2511 CJ Den Haag",https://www.q-park.nl/nl-nl/parkeren/den-haag/muzenplein/,EUR
Netherlands,Den Haag,QP18,Nieuwe Parklaan,Q-Park,52.1111858,4.2839393,631,5.3,39.5,True,"Nieuwe Parklaan 248, 2587 BZ Den Haag, Scheveningen","https://www.q-park.nl/nl-nl/parkeren/den-haag,-scheveningen/nieuwe-parklaan/",EUR
Netherlands,Den Haag,QP19,Noordeinde,Q-Park,52.080887,4.308288,98,6.2,,True,"Heulstraat 23, 2514ER Den Haag",https://www.q-park.nl/nl-nl/parkeren/den-haag/noordeinde/,EUR
Netherlands,Den Haag,QP20,P+R Laan van NOI,Q-Park,52.080046,4.344105,155,3.59,20.5,,"Van Alphenstraat 102 t.o., 2274 NE Den Haag",https://www.q-park.nl/nl-nl/parkeren/den-haag/p-r-laan-van-noi/,EUR
Netherlands,Den Haag,QP21,P+R Ypenburg,Q-Park,52.0550841,4.3900893,222,,,,"Pr. Máximastraat, 2496 XA Den Haag",https://www.q-park.nl/nl-nl/parkeren/den-haag/p-r-ypenburg/,EUR
Netherlands,Den Haag,QP22,Rijnstraat,Q-Park,52.078714,4.323696,213,4.61,33.5,True,"Rijnstraat 8, 2515 XP Den Haag",https://www.q-park.nl/nl-nl/parkeren/den-haag/rijnstraat/,EUR
Netherlands,Den Haag,QP23,Saturnus,Q-Park,52.067461,4.348277,411,3.33,27.5,True,"Saturnusstraat 18, 2516 AH Den Haag",https://www.q-park.nl/nl-nl/parkeren/den-haag/saturnus/,EUR
Netherlands,Den Haag,QP24,Spui,Q-Park,52.0775059,4.319722,199,6.0,37.0,True,"Spui 160, 2511 BW Den Haag",https://www.q-park.nl/nl-nl/parkeren/den-haag/spui/,EUR
Netherlands,Den Haag,QP25,Strand,Q-Park,52.1132639,4.2933292,2030,4.2,32.5,True,"Zwolsestraat 426, 2587 VK Den Haag, Scheveningen","https://www.q-park.nl/nl-nl/parkeren/den-haag,-scheveningen/strand/",EUR
Netherlands,Den Haag,QP26,Strandweg,Q-Park,52.10268,4.26387,840,5.25,35.0,True,"Strand Noord 2 B, 2586 ZZ Den Haag, Scheveningen","https://www.q-park.nl/nl-nl/parkeren/den-haag,-scheveningen/strandweg/",EUR
Netherlands,Den Haag,QP27,Torengarage,Q-Park,52.078158,4.304519,286,5.33,30.0,True,"Geest 1, 2513 VA Den Haag",https://www.q-park.nl/nl-nl/parkeren/den-haag/torengarage/,EUR
Netherlands,Den Haag,PB01,Alexanderveld,ParkBee,52.088093,4.301347,,,,,"Alexanderveld 5, 2585 AN Den Haag",https://parkbee.com/nl/city/den-haag,EUR
Netherlands,Den Haag,PB02,Berkenbosch Blokstraat,ParkBee,52.108483,4.285856,,,,,"Berkenbosch Blokstraat 20, 2586 HG Den Haag",https://parkbee.com/nl/city/den-haag,EUR
Netherlands,Den Haag,PB03,Buitenom 167,ParkBee,52.071257,4.301354,,,,,"Buitenom 167, 2512 XD Den Haag",https://parkbee.com/nl/city/den-haag,EUR
Netherlands,Den Haag,PB04,Buitenom 18,ParkBee,52.072261,4.303944,,,,,"Buitenom 18, 2512 XA Den Haag",https://parkbee.com/nl/city/den-haag,EUR
Netherlands,Den Haag,PB05,De Haagsche Zwaan Buiten,ParkBee,52.077976,4.334699,,,,,"Schenkkade 50, 2595 AR Den Haag",https://parkbee.com/nl/city/den-haag,EUR
Netherlands,Den Haag,PB06,Den Haag Binnenstad,ParkBee,52.074835,4.31019,,,,,"Lutherse Burgwal 12, 2512 CB Den Haag",https://parkbee.com/nl/city/den-haag,EUR
Netherlands,Den Haag,PB07,Eisenhowerlaan,ParkBee,52.0950364,4.2835662,,,,,"Eisenhowerlaan 150, 2517 KP Den Haag",https://parkbee.com/nl/city/den-haag,EUR
Netherlands,Den Haag,PB08,Haagsche Hof,ParkBee,52.083431,4.307743,,,,True,"Parkstraat 83, 2514 JK Den Haag",https://parkbee.com/nl/city/den-haag,EUR
Netherlands,Den Haag,PB09,HMC Bronovo,ParkBee,52.10274,4.317207,,,,,"Bronovolaan 5, 2597 AX Den Haag",https://parkbee.com/nl/city/den-haag,EUR
Netherlands,Den Haag,PB10,HMC Westeinde,ParkBee,52.074618,4.301369,,,,,"Warmoezierstraat 52, 2512 VJ Den Haag",https://parkbee.com/nl/city/den-haag,EUR
Netherlands,Den Haag,PB11,Johan de Wittlaan,ParkBee,52.093111,4.285083,,,,,"Willem Lodewijklaan 16, 2517 JT Den Haag",https://parkbee.com/nl/city/den-haag,EUR
Netherlands,Den Haag,PB12,Koninginnegracht,ParkBee,52.087882,4.313386,,,,True,"Koninginnegracht 19, 2514AB Den Haag",https://parkbee.com/nl/city/den-haag,EUR
Netherlands,Den Haag,PB13,Koninginnegracht 5,ParkBee,52.0859707,4.3139024,,,,,"Laan van Roos en Doorn 23, 2514 BC Den Haag",https://parkbee.com/nl/city/den-haag,EUR
Netherlands,Den Haag,PB14,Laan 3D,ParkBee,52.0764255,4.307929,,,,,"Laan 3D, 2512 GM Den Haag",https://parkbee.com/nl/city/den-haag,EUR
Netherlands,Den Haag,PB15,Leonardo Royal Hotel Den Haag Promenade,ParkBee,52.096753,4.286671,,,,,"Van Stolkweg 1, 2585 JL Den Haag",https://parkbee.com/nl/city/den-haag,EUR
Netherlands,Den Haag,PB16,Loire,ParkBee,52.0710614,4.397169599999999,,,,,"Loire 142, 2491 AK Den Haag",https://parkbee.com/nl/city/den-haag,EUR
Netherlands,Den Haag,PB17,Novotel Den Haag City Centre,ParkBee,52.078066,4.312272,,,,,"Achterom 75, 2511AH Den Haag",https://parkbee.com/nl/city/den-haag,EUR
Netherlands,Den Haag,PB18,Parking Holland Spoor,ParkBee,52.068332,4.321357,,,,,"Waldorpstraat 40, 2521 EM Den Haag",https://parkbee.com/nl/city/den-haag,EUR
Netherlands,Den Haag,PB19,Parkstraat 32,ParkBee,52.083736,4.305861,,,,,"Amaliastraat 15, 2514JC Den Haag",https://parkbee.com/nl/city/den-haag,EUR
Netherlands,Den Haag,PB20,Paviljoensgracht,ParkBee,52.074387,4.310388,,,,,"Herderstraat 4, 2512 CV Den Haag",https://parkbee.com/nl/city/den-haag,EUR
Netherlands,Den Haag,PB21,President Kennedylaan,ParkBee,52.086517,4.275716,,,,,"President Kennedylaan 19, 2517 JK Den Haag",https://parkbee.com/nl/city/den-haag,EUR
Netherlands,Den Haag,PB22,Scheldestraat,ParkBee,52.074112,4.323539,,,,,"Scheldestraat 13, 2515 TA Den Haag",https://parkbee.com/nl/city/den-haag,EUR
Netherlands,Den Haag,PB23,Snoekstraat,ParkBee,52.078953,4.302975,,,,,"Snoekstraat 84, 2513 TW Den Haag",https://parkbee.com/nl/city/den-haag,EUR
Netherlands,Den Haag,PB24,Spaarwaterhof,ParkBee,52.0893871,4.339452,,,,,"Spaarwaterstraat 180, 2593 RS Den Haag",https://parkbee.com/nl/city/den-haag,EUR
Netherlands,Den Haag,PB25,Spaces Rode Olifant,ParkBee,52.088398,4.319472,,,,,"Zuid Hollandlaan 7, 2596 AL Den Haag",https://parkbee.com/nl/city/den-haag,EUR
Netherlands,Den Haag,PB26,Staybridge Suites The Hague,ParkBee,52.081426,4.31201,,,,True,"Hoge Nieuwstraat 19, 2514 EK Den Haag",https://parkbee.com/nl/city/den-haag,EUR
Netherlands,Den Haag,PB27,The Hague Marriott Hotel,ParkBee,52.090296,4.282882,,,,True,"Johan de Wittlaan 30, 2517 JR Den Haag",https://parkbee.com/nl/city/den-haag,EUR
Netherlands,Den Haag,PB28,The Hague Teleport Hotel,ParkBee,52.068019,4.337289,,,,,"Binckhorstlaan 131, 2516 BA Den Haag",https://parkbee.com/nl/city/den-haag,EUR
Netherlands,Den Haag,PB29,Van Bylandt Huis,ParkBee,52.090193,4.324991,,,,True,"Benoordenhoutseweg 46, 2596 BC Den Haag",https://parkbee.com/nl/city/den-haag,EUR
Netherlands,Den Haag,PB30,Waldorpstraat 441,ParkBee,52.059596,4.310343,,,,,"Waldorpstraat 441, 2521 CJ Den Haag",https://parkbee.com/nl/city/den-haag,EUR
Netherlands,Den Haag,PB31,Waldorpstraat 47,ParkBee,52.066477,4.317321,,,,,"Waldorpstraat 47, 2521 CA Den Haag",https://parkbee.com/nl/city/den-haag,EUR
Netherlands,Den Haag,PB32,Wijnhaven,ParkBee,52.07781,4.32028,,,,,"Schedeldoekshaven 200, 2511 EP Den Haag",https://parkbee.com/nl/city/den-haag,EUR
Netherlands,Den Haag,PB33,World Forum Parking A,ParkBee,52.093734,4.283591,,,,True,"Churchillplein 10, 2517 JW Den Haag",https://parkbee.com/nl/city/den-haag,EUR
Netherlands,Den Haag,IP01,Boulevard - Scheveningen,Interparking,52.117243,4.287077,686,6.0,38.0,True,"Strandweg 179, 2586 JM Den Haag",https://www.interparking.nl/en/parkings/the-hague/boulevard/,EUR
Netherlands,Den Haag,IP02,Helicon,Interparking,52.079989,4.321585,226,5.6,35.0,True,"Zwarteweg 40, 2511 VS Den Haag",https://www.interparking.nl/en/parkings/the-hague/helicon/,EUR
Netherlands,Den Haag,IP03,Leidschenhof,Interparking,52.062768,4.403608,207,0.5,10.0,,"Emmy Belinfantedreef 66, 2492 JV Den Haag",https://www.interparking.nl/en/parkings/the-hague/leidschenhof/,EUR
Netherlands,Den Haag,IP04,Megastores,Interparking,52.065204,4.318099,1796,1.0,10.0,,"Van der Kunststraat, 2521 BB Den Haag",https://www.interparking.nl/en/parkings/the-hague/megastores/,EUR
Netherlands,Den Haag,IP05,Museumkwartier,Interparking,52.082411,4.315674,321,6.3,45.0,True,"Korte Voorhout 2P, 2511 EK Den Haag",https://www.interparking.nl/en/parkings/the-hague/museumkwartier/,EUR
Netherlands,Den Haag,IP06,Shopping Center Leidschenveen,Interparking,52.063907,4.402726,220,3.5,25.0,,"Jaap Hoekdreef 58, 2492 JR Den Haag",https://www.interparking.nl/en/parkings/the-hague/wc-leidschenveen/,EUR
Netherlands,Den Haag,IP07,Station Leidschenveen garage,Interparking,52.067451,4.39805,170,1.5,15.0,,"Vaz Diasdreef 30, 2492 JJ Den Haag",https://www.interparking.nl/en/parkings/the-hague/station-leidschenveen-garage/,EUR
Netherlands,Den Haag,IP08,Station Leidschenveen terrein,Interparking,52.067265,4.397443,169,1.5,15.0,,"Henri Faasdreef, 2492 JV Den Haag",https://www.interparking.nl/en/parkings/the-hague/station-leidschenveen-terrein/,EUR
Netherlands,Den Haag,IP09,WTC The Hague,Interparking,52.08022,4.336035,925,5.0,50.0,True,"Prinses Marijkestraat 5-7, 2595 AM Den Haag",https://www.interparking.nl/en/parkings/the-hague/wtcthehague/,EUR
Netherlands,Utrecht,QP01,Galgenwaard,Q-Park,52.078431,5.14378,1008,3.6,31.5,True,"Herculesplein 290, 3584 AA Utrecht",https://www.q-park.nl/nl-nl/parkeren/utrecht/galgenwaard/,EUR
Netherlands,Utrecht,QP02,Galgenwaard Noord,Q-Park,52.07887,5.146519,248,3.6,31.5,,"Herculesplein 241, 3584 AA Utrecht",https://www.q-park.nl/nl-nl/parkeren/utrecht/galgenwaard-noord/,EUR
Netherlands,Utrecht,QP03,Galgenwaard West,Q-Park,52.07847,5.14394,151,,,,"Herculesplein t.h.v. 357, 3584 AA Utrecht",https://www.q-park.nl/nl-nl/parkeren/utrecht/galgenwaard-west/,EUR
Netherlands,Utrecht,QP04,La Vie,Q-Park,52.094072,5.114951,344,6.0,52.5,True,"Sint Jacobsstraat 1, 3511 BR Utrecht",https://www.q-park.nl/nl-nl/parkeren/utrecht/la-vie/,EUR
Netherlands,Utrecht,GU01,Berlijnplein,Gemeente Utrecht,52.0976918,5.0690244,620,3.0,30.03,True,"Berlijnplein 4, 3541 CM Utrecht",https://www.utrecht.nl/wonen-en-leven/parkeren/bezoeker/parkeergarages-in-utrecht,EUR
Netherlands,Utrecht,GU02,Croeselaan,Gemeente Utrecht,52.0870796,5.1079064,778,5.08,50.8,True,"Croeselaan 14P, 3521 CA Utrecht",https://www.utrecht.nl/wonen-en-leven/parkeren/bezoeker/parkeergarages-in-utrecht,EUR
Netherlands,Utrecht,GU03,De Grifthoek,Gemeente Utrecht,52.0985032,5.1259555,320,2.85,28.53,True,"Wittevrouwensingel 96, 3514 AL Utrecht",https://www.utrecht.nl/wonen-en-leven/parkeren/bezoeker/parkeergarages-in-utrecht,EUR
Netherlands,Utrecht,GU04,Kop van Lombok,Gemeente Utrecht,52.0924996,5.1039946,230,3.58,35.79,True,"Vleutenseweg 44, 3532 HL Utrecht",https://www.utrecht.nl/wonen-en-leven/parkeren/bezoeker/parkeergarages-in-utrecht,EUR
Netherlands,Utrecht,GU05,Kruisstraat,Gemeente Utrecht,52.0937908,5.1292996,105,4.68,46.8,True,"Kruisstraat 2, 3581 GK Utrecht",https://www.utrecht.nl/wonen-en-leven/parkeren/bezoeker/parkeergarages-in-utrecht,EUR
Netherlands,Utrecht,GU06,Springweg,Gemeente Utrecht,52.0889707,5.1204337,410,7.12,71.23,,"Strosteeg 83, 3510 VK Utrecht",https://www.utrecht.nl/wonen-en-leven/parkeren/bezoeker/parkeergarages-in-utrecht,EUR
Netherlands,Utrecht,GU07,Vaartsche Rijn,Gemeente Utrecht,52.0781908,5.1233862,224,3.58,35.79,True,"Baden Powellweg 103, 3523 CA Utrecht",https://www.utrecht.nl/wonen-en-leven/parkeren/bezoeker/parkeergarages-in-utrecht,EUR
Netherlands,Utrecht,PB01,Courtyard Orteliuslaan,ParkBee,52.066829,5.0834,,,,,"Orteliuslaan 1000, 3528 BD Utrecht",https://parkbee.com/en/city/utrecht,EUR
Netherlands,Utrecht,PB02,Da Costakade,ParkBee,52.07988,5.116129,,,,True,"Da Costakade 45, 3521 VS Utrecht",https://parkbee.com/en/city/utrecht,EUR
Netherlands,Utrecht,PB03,Daalseplein 101,ParkBee,52.093425,5.108022,,,,,"Daalseplein 101, 3511 SX Utrecht",https://parkbee.com/en/city/utrecht,EUR
Netherlands,Utrecht,PB04,Daalsesingel A,ParkBee,52.09389,5.10916,,,,,"Knipstraat 9, 3511 SX Utrecht",https://parkbee.com/en/city/utrecht,EUR
Netherlands,Utrecht,PB05,Daalsesingel B,ParkBee,52.093763,5.109174,,,,,"Knipstraat 1, 3511 SX Utrecht",https://parkbee.com/en/city/utrecht,EUR
Netherlands,Utrecht,PB06,Daltonlaan,ParkBee,52.087144,5.160712,,,,,"Daltonlaan 300, 3584 BK Utrecht",https://parkbee.com/en/city/utrecht,EUR
Netherlands,Utrecht,PB07,De Goeman,ParkBee,52.103148,5.114141,,,,,"Goeman Borgesiuslaan 77, 3515 ET Utrecht",https://parkbee.com/en/city/utrecht,EUR
Netherlands,Utrecht,PB08,Euclideslaan,ParkBee,52.089912,5.148952,,,,,"Euclideslaan 1, 3584 BL Utrecht",https://parkbee.com/en/city/utrecht,EUR
Netherlands,Utrecht,PB09,Franz Lisztplantsoen,ParkBee,52.084815,5.096413,,,,,"Franz-Lisztplantsoen 100, 3533 JG Utrecht",https://parkbee.com/en/city/utrecht,EUR
Netherlands,Utrecht,PB10,Groeneweg,ParkBee,52.093682,5.090764,,,,,"Groeneweg 2, 3533 VE Utrecht",https://parkbee.com/en/city/utrecht,EUR
Netherlands,Utrecht,PB11,Hengeveldstraat,ParkBee,52.102586,5.131625,,,,,"Hengeveldstraat 130, 3572KJ Utrecht",https://parkbee.com/en/city/utrecht,EUR
Netherlands,Utrecht,PB12,Hondiuslaan,ParkBee,52.06592,5.079834,,,,,"Hondiuslaan 40-46, 3528 AB Utrecht",https://parkbee.com/en/city/utrecht,EUR
Netherlands,Utrecht,PB13,Jansdam,ParkBee,52.092589,5.12275,,,,,"Jansdam 14, 3512 HA Utrecht",https://parkbee.com/en/city/utrecht,EUR
Netherlands,Utrecht,PB14,Janssoniuslaan,ParkBee,52.065171,5.082884,,,,,"Janssoniuslaan 71, 3528 AH Utrecht",https://parkbee.com/en/city/utrecht,EUR
Netherlands,Utrecht,PB15,Knipstraat,ParkBee,52.09427,5.10966,,,,,"Daalsesingel 9, 3511 SX Utrecht",https://parkbee.com/en/city/utrecht,EUR
Netherlands,Utrecht,PB16,Kroonstraat,ParkBee,52.095599,5.111874,,,,,"Kroonstraat, 3511 RV Utrecht",https://parkbee.com/en/city/utrecht,EUR
Netherlands,Utrecht,PB17,Lange Nieuwstraat,ParkBee,52.085266,5.124451,,,,,"Lange Nieuwstraat 119, 3512 PG Utrecht",https://parkbee.com/en/city/utrecht,EUR
Netherlands,Utrecht,PB18,Nieuwe Vaart,ParkBee,52.080631,5.119611,,,,,"Arthur van Schendelstraat 500, 3511 MH Utrecht",https://parkbee.com/en/city/utrecht,EUR
Netherlands,Utrecht,PB19,Oudlaan,ParkBee,52.103594,5.113822,,,,,"Oudlaan, 3515GA Utrecht",https://parkbee.com/en/city/utrecht,EUR
Netherlands,Utrecht,PB20,Parking Wisselspoor,ParkBee,52.099491,5.098281,,,,,"Concordiastraat 80, 3551 EM Utrecht",https://parkbee.com/en/city/utrecht,EUR
Netherlands,Utrecht,PB21,Pythagoraslaan A,ParkBee,52.0916,5.151315,,,,,"Pythagoraslaan 18, 3584BB Utrecht",https://parkbee.com/en/city/utrecht,EUR
Netherlands,Utrecht,PB22,Pythagoraslaan B,ParkBee,52.091749,5.150523,,,,,"Pythagoraslaan 18, 3584 BB Utrecht",https://parkbee.com/en/city/utrecht,EUR
Netherlands,Utrecht,PB23,Rotsoord,ParkBee,52.073421,5.120802,,,,,"Rotsoord 19, 3523 CL Utrecht",https://parkbee.com/en/city/utrecht,EUR
Netherlands,Utrecht,PB24,Van Heuven Goedhartplein,ParkBee,52.080044,5.091059,,,,,"Van Heuven Goedhartplein 695, 3527 DZ Utrecht",https://parkbee.com/en/city/utrecht,EUR
Netherlands,Utrecht,PB25,Van Lieflandlaan,ParkBee,52.10684,5.118101,,,,,"Van Lieflandlaan 3, 3571 AA Utrecht",https://parkbee.com/en/city/utrecht,EUR
Netherlands,Utrecht,PB26,Van Weerden Poelmanlaan,ParkBee,52.079895,5.093101,,,,,"Van Weerden Poelmanlaan 184, 3527 KT Utrecht",https://parkbee.com/en/city/utrecht,EUR
Netherlands,Utrecht,PB27,Weg der Verenigde Naties,ParkBee,52.084898,5.096672,,,,,"Weg der verenigde naties 1, 3527 KT Utrecht",https://parkbee.com/en/city/utrecht,EUR
Netherlands,Utrecht,PB28,Westerdijk,ParkBee,52.099487,5.110805,,,,,"Westerdijk 12A, 3513 EW Utrecht",https://parkbee.com/en/city/utrecht,EUR
Netherlands,Utrecht,PB29,Winthontlaan 30,ParkBee,52.056715,5.104125,,,,,"Winthontlaan 30, 3526KV Utrecht",https://parkbee.com/en/city/utrecht,EUR
Netherlands,Utrecht,PB30,Wolvenplein,ParkBee,52.097013,5.125764,,,,,"Wolvenplein 27, 3512 CK Utrecht",https://parkbee.com/en/city/utrecht,EUR
Netherlands,Eindhoven,QP01,Centrum De Admirant,Q-Park,51.440285,5.476405,358,,25.0,True,"Emmasingel 29, 5611 AZ Eindhoven",https://www.q-park.nl/nl-nl/parkeren/eindhoven/centrum-de-admirant/,EUR
Netherlands,Eindhoven,QP02,de Bijenkorf,Q-Park,51.442917,5.475693,510,,25.0,True,"Schimmelt 50, 5611 ZX Eindhoven",https://www.q-park.nl/nl-nl/parkeren/eindhoven/de-bijenkorf/,EUR
Netherlands,Eindhoven,QP03,Heuvel,Q-Park,51.437992,5.481229,1140,,27.5,True,"Ten Hagestraat 6 A, 5611 EG Eindhoven",https://www.q-park.nl/nl-nl/parkeren/eindhoven/heuvel/,EUR
Netherlands,Eindhoven,QP04,Hooghuis,Q-Park,51.43769,5.477,150,4.0,26.0,True,"Keizersgracht 9 a, 5611 GC Eindhoven",https://www.q-park.nl/nl-nl/parkeren/eindhoven/hooghuis/,EUR
Netherlands,Eindhoven,QP05,Kennedyplein,Q-Park,51.44381,5.47998,804,4.0,26.0,True,"Kennedyplein 400, 5611 ZV Eindhoven",https://www.q-park.nl/nl-nl/parkeren/eindhoven/kennedyplein/,EUR
Netherlands,Eindhoven,QP06,Mathildelaan,Q-Park,51.441324,5.473441,1150,4.0,26.0,True,"Mathildelaan 2 A, 5611 BL Eindhoven",https://www.q-park.nl/nl-nl/parkeren/eindhoven/mathildelaan/,EUR
Netherlands,Eindhoven,QP07,P+R Fuutlaan,Q-Park,51.442368,5.485547,150,2.7,12.0,,"Fuutlaan, 5613 AB Eindhoven",https://www.q-park.nl/nl-nl/parkeren/eindhoven/p-r-fuutlaan/,EUR
Netherlands,Eindhoven,QP08,Stadhuisplein,Q-Park,51.435444,5.48029,306,4.0,25.0,True,"Stadhuisplein 1 A, 5611 EM Eindhoven",https://www.q-park.nl/nl-nl/parkeren/eindhoven/stadhuisplein/,EUR
Netherlands,Eindhoven,QP09,Witte Dame,Q-Park,51.440316,5.474495,246,4.0,26.0,True,"Emmasingel 2 a, 5611 AZ Eindhoven",https://www.q-park.nl/nl-nl/parkeren/eindhoven/witte-dame/,EUR
Netherlands,Eindhoven,PY01,Parking DLL (Garage),ParkingYou,51.438203,5.484445,284,3.0,15.0,True,"Kanaalstraat 2, 5611 CT Eindhoven",https://parkingyou.nl/en/locaties/eindhoven/parking-dll-garage/id=5,EUR
Netherlands,Eindhoven,PY02,Parking DLL parkeerdek (centrum),ParkingYou,51.438203,5.484445,250,3.0,15.0,,"Kanaalstraat 2, 5611 CT Eindhoven",https://parkingyou.nl/en/locaties/eindhoven/parking-dll-parkeerdek-centrum/id=101,EUR
Netherlands,Eindhoven,PY03,Parking Philips Bedrijfsschool,ParkingYou,51.442882,5.459082,,3.0,12.5,True,"Frederiklaan 60a, 5616 NJ Eindhoven",https://parkingyou.nl/en/locaties/eindhoven/parking-philips-bedrijfsschool/id=31,EUR
Netherlands,Eindhoven,PY04,Parking Philips Stadion,ParkingYou,51.442797,5.46468,,3.0,15.0,,"Anton Philipslaan, 5616 LX Eindhoven",https://parkingyou.nl/en/locaties/eindhoven/parking-philips-stadion/id=7,EUR
Netherlands,Eindhoven,PY05,Parking Evoluon,ParkingYou,51.443611,5.446814,,,7.5,True,"Noord Brabantlaan 1A, 5652 LA Eindhoven",https://parkingyou.nl/en/locaties/eindhoven/parking-evoluon/id=103,EUR
Netherlands,Eindhoven,PY06,Parking TD-gebouw,ParkingYou,51.433378,5.47722,180,3.0,12.5,,"Frederik van Eedenplein 1, 5611 KT Eindhoven",https://parkingyou.nl/en/locaties/eindhoven/parking-td-gebouw/id=17,EUR
Netherlands,Eindhoven,PY07,Parking Victoriapark,ParkingYou,51.440858,5.472613,44,4.0,30.0,True,"Victoriapark 753, 5611 BH Eindhoven",https://parkingyou.nl/en/locaties/eindhoven/parking-victoriapark/id=25,EUR
Netherlands,Eindhoven,PY08,Parking The Beech,ParkingYou,51.441269,5.450345,,,,,"Beukenlaan, 5616 VE Eindhoven",https://parkingyou.nl/en/locaties/eindhoven/parking-the-beech/id=81,EUR
Netherlands,Eindhoven,PY09,Parking Mauritsstraat,ParkingYou,51.434665,5.472086,,,,,"Mauritsstraat 214, 5611 KG Eindhoven",https://parkingyou.nl/en/locaties/eindhoven/parking-mauritsstraat/id=83,EUR
Netherlands,Eindhoven,PY10,Parking BD7,ParkingYou,51.444452,5.471295,,,,,"Boschdijk 7, 5612 HA Eindhoven",https://parkingyou.nl/en/locaties/eindhoven/parking-bd7-/id=85,EUR
Netherlands,Eindhoven,PY11,Parking Cornelis Paradise,ParkingYou,51.433378,5.47722,,,,True,"Frederik van Eedenplein 1, 5611 KT Eindhoven",https://parkingyou.nl/en/locaties/eindhoven/parking-cornelis-paradise/id=87,EUR
Netherlands,Eindhoven,PY12,Parking City Tower,ParkingYou,51.445274,5.474566,,,,,"Pastoor Petersstraat 178, 5612 LW Eindhoven",https://parkingyou.nl/en/locaties/eindhoven/parking-city-tower/id=91,EUR
Netherlands,Eindhoven,PY13,Parking Lichttoren,ParkingYou,51.440799,5.47493,,,,,"Lichttoren 1, 5611 AZ Eindhoven",https://parkingyou.nl/en/locaties/eindhoven/parking-lichttoren/id=93,EUR
Netherlands,Eindhoven,PY14,Parking Hoog Bergen,ParkingYou,51.4344,5.472494,,,,,"Hoogstraat 39, 5615 PA Eindhoven",https://parkingyou.nl/en/locaties/eindhoven/parking-hoog-bergen/id=95,EUR
Netherlands,Eindhoven,PY15,Parking Hoog Stratum,ParkingYou,51.432537,5.481835,,,,,"Jan Smitzlaan, 5611 LE Eindhoven",https://parkingyou.nl/en/locaties/eindhoven/parking-hoog-stratum/id=97,EUR
Netherlands,Eindhoven,PY16,Parking Paradijslaan,ParkingYou,51.435304,5.478005,,,,,"Paradijslaan 20, 5611 KN Eindhoven",https://parkingyou.nl/en/locaties/eindhoven/parking-paradijslaan/id=99,EUR
Netherlands,Eindhoven,PB01,Don Boscostraat,ParkBee,51.434432,5.476639,,,,,"Don Boscostraat 4, 5611 KW Eindhoven",https://www.parkerenindestad.nl/eindhoven/parkeergarages/don-boscostraat,EUR
Netherlands,Eindhoven,PB02,Tongelresestraat,ParkBee,51.435392,5.488282,,,,,"Tongelresestraat 30, 5611 VK Eindhoven",https://www.parkerenindestad.nl/eindhoven/parkeergarages/tongelresestraat,EUR
Netherlands,Eindhoven,PB03,Geldropseweg,ParkBee,51.434518,5.485346,,,,,"Geldropseweg 8, 5611 SM Eindhoven",https://www.parkerenindestad.nl/eindhoven/parkeergarages/geldropseweg,EUR
Netherlands,Eindhoven,P101,P+R Meerhoven,P1,51.438118,5.4234,231,1.5,4.0,True,"Sliffertsestraat 304, 5657 AS Eindhoven",https://www.p1.nl/parkeerplaats/pr-meerhoven-eindhoven/,EUR
Netherlands,Eindhoven,P102,Parkeergarage Veemgebouw,P1,51.448052,5.453967,50,,,,"Torenallee 86-02, 5617 BE Eindhoven",https://www.p1.nl/parkeerplaats/parkeergarage-veemgebouw/,EUR
Netherlands,Eindhoven,P103,Parkeerterrein Veemgebouw,P1,51.448052,5.453967,48,4.0,,,"Torenallee 86-02, 5617 BE Eindhoven",https://www.p1.nl/parkeerplaats/parkeerterrein-veemgebouw/,EUR
Netherlands,Eindhoven,P104,Parking De Grijze Generaal,P1,51.466953,5.478181,344,1.5,5.5,True,"Generaal Bradleylaan 2, 5623 KM Eindhoven",https://www.p1.nl/parkeerplaats/parking-de-grijze-generaal/,EUR
Netherlands,Eindhoven,GE01,P+R Genneper Parken,Gemeente Eindhoven,51.407951,5.480749,641,1.5,4.0,True,"Aalsterweg 316, 5644 RL Eindhoven",https://www.eindhoven.nl/stad-en-wonen/verkeer/eindhoven-bereikbaar/pr-genneper-parken,EUR
Netherlands,Groningen,QP01,Oosterpoort,Q-Park,53.213752,6.574809,268,3.95,19.5,,"Trompsingel 23, 9724 DA Groningen",https://www.q-park.nl/nl-nl/parkeren/groningen/oosterpoort/,EUR
Netherlands,Groningen,QP02,Rademarkt,Q-Park,53.215336,6.571788,359,,27.0,True,"Rademarkt 27, 9711 CS Groningen",https://www.q-park.nl/nl-nl/parkeren/groningen/rademarkt/,EUR
Netherlands,Groningen,QP03,Museum Centrum,Q-Park,53.214154,6.567052,222,4.09,23.0,True,"Herepoortenmolendrift 2, 9711 DG Groningen",https://www.q-park.nl/nl-nl/parkeren/groningen/museum-centrum/,EUR
Netherlands,Groningen,QP04,P+R Hoofdstation,Q-Park,53.211584,6.560898,258,3.69,21.0,,"Cascade, 9726 AD Groningen",https://www.q-park.nl/nl-nl/parkeren/groningen/p-r-hoofdstation/,EUR
Netherlands,Groningen,QP05,Ossenmarkt,Q-Park,53.221705,6.563257,320,,28.0,True,"Spilsluizen 25, 9712 NR Groningen",https://www.q-park.nl/nl-nl/parkeren/groningen/ossenmarkt/,EUR
Netherlands,Groningen,QP06,Westerhaven,Q-Park,53.21463,6.556392,734,4.29,24.0,True,"Westerhaven 17, 9718 AC Groningen",https://www.q-park.nl/nl-nl/parkeren/groningen/westerhaven/,EUR
Netherlands,Groningen,PB01,Emmaplein 5,ParkBee,53.212828,6.562656,,,,True,"Emmaplein 5, 9711 AP Groningen",https://parkbee.com/en/city/groningen,EUR
Netherlands,Groningen,PB02,Steenhouwerskade,ParkBee,53.214381,6.557191,,,,,"Steenhouwerskade 22, 9718 DH Groningen",https://parkbee.com/en/city/groningen,EUR
Netherlands,Groningen,PB03,Lissabonstraat,ParkBee,53.214701,6.555228,,,,,"Lissabonstraat 168, 9718 AV Groningen",https://parkbee.com/en/city/groningen,EUR
Netherlands,Groningen,PB04,Damstersingel,ParkBee,53.217628,6.580008,,,,,"Damstersingel 6, 9713 EV Groningen",https://parkbee.com/en/city/groningen,EUR
Netherlands,Groningen,PB05,Eendrachtskade,ParkBee,53.213874,6.555059,,,,,"Eendrachtskade 2, 9726 CW Groningen",https://parkbee.com/en/city/groningen,EUR
Netherlands,Groningen,PB06,Barkmolenstraat,ParkBee,53.214967,6.581114,,,,True,"Barkmolenstraat 239, 9723 DG Groningen",https://parkbee.com/en/city/groningen,EUR
Netherlands,Groningen,PB07,Theodorus Niemeyerstraat,ParkBee,53.211084,6.557554,,,,,"Theodorus Niemeyerstraat 1, 9726 CE Groningen",https://parkbee.com/en/city/groningen,EUR
Netherlands,Groningen,PB08,Hoendiep,ParkBee,53.214952,6.547652,,,,,"Hoendiep 1, 9718 TA Groningen",https://parkbee.com/en/city/groningen,EUR
Netherlands,Groningen,PB09,Koeriersterweg,ParkBee,53.209823,6.552796,,,,,"Koeriersterweg 26, 9727 AC Groningen",https://parkbee.com/en/city/groningen,EUR
Netherlands,Groningen,PB10,Oosterhamrikkade,ParkBee,53.230219,6.578166,,,,,"Oosterhamrikkade 103-107, 9713 KC Groningen",https://parkbee.com/en/city/groningen,EUR
Netherlands,Groningen,PB11,Damsport,ParkBee,53.192994,6.556167,,,,,"Damsport 199, 9728 PS Groningen",https://parkbee.com/en/city/groningen,EUR
Netherlands,Groningen,GG01,Damsterdiep,Gemeente Groningen,53.218019,6.577161,508,3.33,22.0,True,"Damsterplein 5, 9711 SX Groningen",https://www.parkeren050.nl/parkeren-groningen/parkeergarage-damsterdiep,EUR
Netherlands,Groningen,GG02,Boterdiep,Gemeente Groningen,53.223885,6.565069,1200,3.0,16.0,True,"Boterdiep 85, 9712 LT Groningen",https://www.parkeren050.nl/parkeren-groningen/parkeergarage-boterdiep,EUR
Netherlands,Groningen,GG03,Circus,Gemeente Groningen,53.227108,6.562181,300,2.61,12.0,True,"Korreweg 9, 9714 AA Groningen",https://www.parkeren050.nl/parkeren-groningen/parkeergarage-circus,EUR
Netherlands,Groningen,GG04,Euroborg,Gemeente Groningen,53.206966,6.592262,919,2.14,20.0,True,"Boumaboulevard 115, 9723 ZS Groningen",https://www.parkeren050.nl/parkeren-groningen/parkeergarage-euroborg,EUR
Netherlands,Groningen,GG05,Station Europapark,Gemeente Groningen,53.205624,6.585823,216,2.14,20.0,True,"Verlengde Lodewijkstraat 300, 9723 AK Groningen",https://www.parkeren050.nl/parkeren-groningen/parkeergarage-station-europapark,EUR
Netherlands,Groningen,IP01,Forum,Interparking,53.219192,6.570766,382,4.0,24.0,True,"Schoolstraat 16, 9712 JS Groningen",https://www.interparking.nl/en/parkings/groningen/forum/,EUR
Netherlands,Groningen,IP02,Bios,Interparking,53.214361,6.566565,90,2.2,22.0,,"Ruiterstraat 12, 9711 CD Groningen",https://www.interparking.nl/en/parkings/groningen/biosparking/,EUR
Netherlands,Breda,QP01,Centrum,Q-Park,51.58571,4.772487,360,,21.0,True,"Markendaalseweg 62, 4811 KC Breda",https://www.q-park.nl/nl-nl/parkeren/breda/centrum/,EUR
Netherlands,Breda,QP02,P+R Station,Q-Park,51.59614,4.7774,720,3.29,18.5,True,"Stationslaan, 4811 BN Breda",https://www.q-park.nl/nl-nl/parkeren/breda/p-r-station/,EUR
Netherlands,Breda,QP03,P+R Stationsweg,Q-Park,51.595068,4.781971,89,3.95,22.5,,"Stationsweg, 4811 EH Breda",https://www.q-park.nl/nl-nl/parkeren/breda/p-r-stationsweg/,EUR
Netherlands,Breda,IP01,Barones,Interparking,51.5873816,4.772504,510,2.36,14.0,True,"Nieuweweg 79, 4811 KA Breda",https://www.breda.nl/parkeergarage-barones,EUR
Netherlands,Breda,IP02,Chassé Parking,Interparking,51.5866597,4.7832781,620,2.36,14.0,True,"Coulissen 2, 4811 DX Breda",https://www.breda.nl/parkeergarage-chasse-parking,EUR
Netherlands,Breda,IP03,Oranje Zuid,Interparking,51.584334,4.7755108,455,2.36,14.0,True,"Concordiastraat 13, 4811 NA Breda",https://www.breda.nl/parkeergarage-oranje-zuid,EUR
Netherlands,Breda,IP04,Het Turfschip,Interparking,51.5893385,4.7851819,600,2.36,14.0,True,"Chasséveld 15c, 4811 DH Breda",https://www.breda.nl/parkeergarage-het-turfschip,EUR
Netherlands,Breda,IP05,De Prins,Interparking,51.5910607,4.7703855,470,2.36,14.0,True,"Middellaan 60, 4811 VM Breda",https://www.breda.nl/parkeergarage-de-prins,EUR
Netherlands,Breda,PB01,Nieuwe Leuvenaarstraat,ParkBee,51.588706,4.766937,,,,,"Nieuwe Leuvenaarstraat 225, 4811 VJ Breda",https://parkbee.com/en/city/breda,EUR
Netherlands,Breda,PB02,Emmastraat,ParkBee,51.594243,4.77847,,,,,"Emmastraat 2-6, 4811 AG Breda",https://parkbee.com/en/city/breda,EUR
Netherlands,Breda,PB03,Smederijstraat,ParkBee,51.5910762,4.7655439,,,,True,"Smederijstraat 2, 4814 AB Breda",https://parkbee.com/en/city/breda,EUR
Netherlands,Nijmegen,QP01,Triavium,Q-Park,51.821986,5.789065,466,2.4,9.5,,"Van Rosenburgweg 2, 6537 TM Nijmegen",https://www.q-park.nl/nl-nl/parkeren/nijmegen/triavium/,EUR
Netherlands,Nijmegen,QP02,P+R Eerste Oude Heselaan,Q-Park,51.844697,5.851244,90,1.5,8.5,,"Eerste Oude Heselaan, 6541 PA Nijmegen",https://www.q-park.nl/nl-nl/parkeren/nijmegen/p-r-eerste-oude-heselaan/,EUR
Netherlands,Nijmegen,GN01,Keizer Karel,Gemeente Nijmegen,51.842478,5.857364,684,3.9,16.0,,"Van Schaeck Mathonsingel 22, 6512 AR Nijmegen",https://www.nijmegen.nl/diensten/parkeren-verkeer-en-vervoer/parkeergarages/,EUR
Netherlands,Nijmegen,GN02,Eiermarkt,Gemeente Nijmegen,51.847448,5.866588,350,3.9,16.0,True,"Eiermarkt 20, 6511 TP Nijmegen",https://www.nijmegen.nl/diensten/parkeren-verkeer-en-vervoer/parkeergarages/,EUR
Netherlands,Nijmegen,GN03,Kelfkensbos,Gemeente Nijmegen,51.846398,5.870452,600,3.9,,True,"Voerweg 2, 6511 RT Nijmegen",https://www.nijmegen.nl/diensten/parkeren-verkeer-en-vervoer/parkeergarages/,EUR
Netherlands,Nijmegen,GN04,Mariënburg,Gemeente Nijmegen,51.844839,5.866103,300,3.9,16.0,,"Arsenaalgas 8, 6511 PE Nijmegen",https://www.nijmegen.nl/diensten/parkeren-verkeer-en-vervoer/parkeergarages/,EUR
Netherlands,Nijmegen,GN05,Dukenburg,Gemeente Nijmegen,51.82235,5.795843,740,,7.5,True,"Zwanenveld 6626, 6538 RZ Nijmegen",https://www.nijmegen.nl/diensten/parkeren-verkeer-en-vervoer/parkeergarages/,EUR
Netherlands,Nijmegen,GN06,Casino,Gemeente Nijmegen,51.84862,5.867863,,3.1,11.0,,"Groene Balkon 1, 6511 VL Nijmegen",https://www.nijmegen.nl/diensten/parkeren-verkeer-en-vervoer/parkeergarages/,EUR
Netherlands,Nijmegen,PB01,Guesthouse Vertoef,ParkBee,51.843416,5.857599,,,,,"Nassausingel 3, 6511 EV Nijmegen",https://parkbee.com/en/city/nijmegen,EUR
Netherlands,Nijmegen,PB02,Van Trieststraat,ParkBee,51.840475,5.85956,,,,True,"Van Trieststraat 2-10, 6512 CX Nijmegen",https://parkbee.com/en/city/nijmegen,EUR
Netherlands,Nijmegen,PY01,Lentse Plas,ParkingYou,51.8798408,5.8615081,335,3.3,21.5,,"Willem van Arenbergstraat 4, 6515 AT Nijmegen",https://parkingyou.nl/en/locaties/regio-gelderland/parking-lentse-plas/id=59,EUR
Netherlands,Arnhem,QP01,Broerenstraat,Q-Park,51.979676,5.911528,427,,28.5,True,"Broerenstraat 51, 6811 EB Arnhem",https://www.q-park.nl/nl-nl/parkeren/arnhem/broerenstraat/,EUR
Netherlands,Arnhem,P101,Centraal,P1,51.983836,5.900403,1050,4.2,24.0,True,"Willemstunnel 1, 6811 KZ Arnhem",https://www.p1.nl/parkeerplaats/parkeergarage-centraal/,EUR
Netherlands,Arnhem,P102,Musis,P1,51.982369,5.912629,690,4.2,24.0,True,"Velperbinnensingel 2, 6811 BP Arnhem",https://www.p1.nl/parkeerplaats/parkeergarage-musis/,EUR
Netherlands,Arnhem,P103,Rozet,P1,51.979696,5.905858,450,4.2,24.0,,"Langstraat 10, 6811 JA Arnhem",https://www.p1.nl/parkeerplaats/parkeergarage-rozet/,EUR
Netherlands,Arnhem,GE01,Velperpoort,Gemeente Arnhem,51.985003,5.918577,125,1.9,10.95,,"Ingenieur J.P. van Muijlwijkstraat 175, 6828 BN Arnhem",https://www.arnhem.nl/alle-onderwerpen/parkeren/parkeergarages-parkeerterreinen-en-pr/,EUR
Netherlands,Arnhem,GE02,Prinsenhof,Gemeente Arnhem,51.977736,5.912102,,4.6,,,"Prinsenhof 3, Arnhem",https://www.arnhem.nl/alle-onderwerpen/parkeren/parkeergarages-parkeerterreinen-en-pr/,EUR
Netherlands,Arnhem,GE03,Stadhuis (Broerenstraat),Gemeente Arnhem,51.979382,5.907861,,4.6,,,"Broerenstraat (achter stadhuis), Arnhem",https://www.arnhem.nl/alle-onderwerpen/parkeren/parkeergarages-parkeerterreinen-en-pr/,EUR
Netherlands,Arnhem,GE04,Blauwe Golven (Roermondsplein),Gemeente Arnhem,51.981336,5.900385,,4.6,,,"Roermondsplein, Arnhem",https://www.arnhem.nl/alle-onderwerpen/parkeren/parkeergarages-parkeerterreinen-en-pr/,EUR
Netherlands,Arnhem,GE05,De Trans,Gemeente Arnhem,51.978608,5.905887,,4.6,,True,"Trans 35, Arnhem",https://www.arnhem.nl/alle-onderwerpen/parkeren/parkeergarages-parkeerterreinen-en-pr/,EUR
Netherlands,Arnhem,GE06,P+R GelreDome,Gemeente Arnhem,51.962458,5.874203,,,,,"Batavierenweg, Arnhem",https://www.arnhem.nl/alle-onderwerpen/parkeren/parkeergarages-parkeerterreinen-en-pr/,EUR
Netherlands,Arnhem,GE07,P+R Station Arnhem Zuid,Gemeente Arnhem,51.954262,5.851964,,,,,"Metamorfosenallee 75, Arnhem",https://www.arnhem.nl/alle-onderwerpen/parkeren/parkeergarages-parkeerterreinen-en-pr/,EUR
Netherlands,Arnhem,GE08,P+R Carpool Arnhem-Noord A12,Gemeente Arnhem,52.019034,5.926404,,,,,"Apeldoornseweg 450, Arnhem",https://www.arnhem.nl/alle-onderwerpen/parkeren/parkeergarages-parkeerterreinen-en-pr/,EUR
Netherlands,Arnhem,HB01,Velperplein,Holleman Beheer,51.98403,5.913101,140,3.0,20.0,True,"Velperplein 13, 6811 AG Arnhem",https://velperplein.nl/tarieven/,EUR
Netherlands,Arnhem,PB01,Remisestraat,ParkBee,51.977018,5.91619,,,,,"Remisestraat 4, 6828 KZ Arnhem",https://parkbee.com/en/city/arnhem/poi/remisestraat,EUR
Netherlands,Maastricht,QP01,Bassin,Q-Park,50.85396,5.693128,397,3.6,28.5,True,"Maastrichter Grachtstraat 21, 6211 BG Maastricht",https://www.q-park.nl/nl-nl/parkeren/maastricht/bassin/,EUR
Netherlands,Maastricht,QP02,Bonnefantenmuseum,Q-Park,50.840771,5.702516,297,1.8,21.0,True,"Serpentilunet 1, 6221 KW Maastricht",https://www.q-park.nl/nl-nl/parkeren/maastricht/bonnefantenmuseum/,EUR
Netherlands,Maastricht,QP03,De Colonel,Q-Park,50.847627,5.705981,289,2.81,18.0,True,"Stationsplein 17, 6221 BT Maastricht",https://www.q-park.nl/nl-nl/parkeren/maastricht/de-colonel/,EUR
Netherlands,Maastricht,QP04,De Griend,Q-Park,50.855796,5.698578,346,2.81,18.0,True,"Griend 4, 6221 AJ Maastricht",https://www.q-park.nl/nl-nl/parkeren/maastricht/de-griend/,EUR
Netherlands,Maastricht,QP05,Entre Deux,Q-Park,50.850228,5.689018,199,,,True,"Helmstraat 3, 6211 TA Maastricht",https://www.q-park.nl/nl-nl/parkeren/maastricht/entre-deux/,EUR
Netherlands,Maastricht,QP06,Frontenpark,Q-Park,50.855806,5.685981,1308,2.81,18.0,True,"Frontensingel, 6219 PE Maastricht",https://www.q-park.nl/nl-nl/parkeren/maastricht/frontenpark/,EUR
Netherlands,Maastricht,QP07,Mosae Forum,Q-Park,50.851407,5.694072,1089,3.6,28.5,True,"Maasboulevard 40, 6211 JW Maastricht",https://www.q-park.nl/nl-nl/parkeren/maastricht/mosae-forum/,EUR
Netherlands,Maastricht,QP08,O.L. Vrouweparking,Q-Park,50.846997,5.69478,354,3.6,28.5,True,"Maasboulevard 80, 6211 JW Maastricht",https://www.q-park.nl/nl-nl/parkeren/maastricht/ol-vrouweparking/,EUR
Netherlands,Maastricht,QP09,P+R Meerssenerweg,Q-Park,50.85098,5.706545,66,2.86,18.0,,"Meerssenerweg, 6224 AK Maastricht",https://www.q-park.nl/nl-nl/parkeren/maastricht/p-r-meerssenerweg/,EUR
Netherlands,Maastricht,QP10,P+R Station,Q-Park,50.853226,5.702877,340,2.86,18.0,,"Parallelweg 15, 6221 BD Maastricht",https://www.q-park.nl/nl-nl/parkeren/maastricht/p-r-station/,EUR
Netherlands,Maastricht,QP11,Plein 1992,Q-Park,50.845709,5.700772,449,2.81,18.0,True,"Sonnevillelunet, 6221 KN Maastricht",https://www.q-park.nl/nl-nl/parkeren/maastricht/plein-1992/,EUR
Netherlands,Maastricht,QP12,Stadspark I,Q-Park,50.843443,5.697151,234,1.8,14.0,True,"Maasboulevard 101, 6211 JW Maastricht",https://www.q-park.nl/nl-nl/parkeren/maastricht/stadspark-i/,EUR
Netherlands,Maastricht,QP13,Stadspark II,Q-Park,50.842891,5.695955,84,1.8,14.0,,"Prins Bisschopsingel, 6211 JX Maastricht",https://www.q-park.nl/nl-nl/parkeren/maastricht/stadspark-ii/,EUR
Netherlands,Maastricht,QP14,Stadspark III,Q-Park,50.841421,5.696483,79,1.8,14.0,,"Parkweg 1, 6212 XN Maastricht",https://www.q-park.nl/nl-nl/parkeren/maastricht/stadspark-iii/,EUR
Netherlands,Maastricht,QP15,Vrijthof,Q-Park,50.849761,5.688021,447,5.63,35.0,True,"Vrijthof 100, 6211 LE Maastricht",https://www.q-park.nl/nl-nl/parkeren/maastricht/vrijthof/,EUR
Netherlands,Maastricht,PB01,Maasboulevard,ParkBee,50.854885,5.694027,,,,,"Maasboulevard, 6211 JW Maastricht",https://parkbee.com/en/city/maastricht,EUR
Netherlands,Maastricht,PB02,Abtstraat,ParkBee,50.847381,5.683923,,,,,"Abtstraat, 6211 LS Maastricht",https://parkbee.com/en/city/maastricht,EUR
Netherlands,Maastricht,PB03,Parking Maastricht Cabergerweg,ParkBee,50.855657,5.68122,,,,,"Cabergerweg 10, 6217 SC Maastricht",https://parkbee.com/en/city/maastricht,EUR
Netherlands,Maastricht,PB04,Townhouse Hotel Parking,ParkBee,50.851836,5.70368,,,,,"Parallelweg 40, 6221 BD Maastricht",https://parkbee.com/en/city/maastricht,EUR
Netherlands,Maastricht,PB05,D'Artagnanlaan,ParkBee,50.841006,5.672807,,,,,"D'Artagnanlaan 43, 6213 CC Maastricht",https://parkbee.com/en/city/maastricht,EUR
Netherlands,Maastricht,PB06,Duboisdomein,ParkBee,50.838434,5.706939,,,,,"Leidenlaan 14, 6229 EZ Maastricht",https://parkbee.com/en/city/maastricht,EUR
Netherlands,Maastricht,PB07,Vijverdalseweg 8,ParkBee,50.849801,5.73135,,,,,"Vijverdalseweg 8, 6226 NB Maastricht",https://parkbee.com/en/city/maastricht,EUR
Netherlands,Maastricht,P101,Brusselse Poort,P1,50.849671,5.665647,550,1.0,14.0,True,"Mercatorplein, 6216 CL Maastricht",https://www.p1.nl/parkeerplaats/brusselse-poort/,EUR
Netherlands,Maastricht,P102,Parkeerterrein Sphinx,P1,50.857095,5.688178,400,2.81,18.0,True,"Frontensingel, 6211 SC Maastricht",https://www.p1.nl/parkeerplaats/parkeerterrein-sphinx/,EUR
Netherlands,Zwolle,QP01,Centrum,Q-Park,52.514028,6.097661,323,3.6,16.5,True,"Pletterstraat 41, 8011 VG Zwolle",https://www.q-park.nl/nl-nl/parkeren/zwolle/centrum/,EUR
Netherlands,Zwolle,QP02,Maagjesbolwerk,Q-Park,52.512114,6.088003,453,,20.0,True,"Maagjesbolwerk 54, 8011 LL Zwolle",https://www.q-park.nl/nl-nl/parkeren/zwolle/maagjesbolwerk/,EUR
Netherlands,Zwolle,QP03,P+R Zwolle,Q-Park,52.50401,6.088109,207,2.49,13.5,,"Hanzelaan 101, 8017 JJ Zwolle",https://www.q-park.nl/nl-nl/parkeren/zwolle/p-r-zwolle/,EUR
Netherlands,Zwolle,GZ01,Noordereiland,Gemeente Zwolle,52.515446,6.096409,690,3.0,15.0,True,"Assiesstraat, 8011 XT Zwolle",https://www.zwolle.nl/parkeertarieven,EUR
Netherlands,Zwolle,GZ02,Katwolderplein,Gemeente Zwolle,52.514051,6.086746,700,1.5,7.5,True,"Katerdijk 2, 8011 BK Zwolle",https://www.zwolle.nl/parkeertarieven,EUR
Netherlands,Zwolle,GZ03,Diezerpoort,Gemeente Zwolle,52.516236,6.09995,611,1.5,7.5,,"Van Wevelinckhovenstraat 8, 8021 JA Zwolle",https://www.zwolle.nl/parkeertarieven,EUR
Netherlands,Zwolle,GZ04,Emmawijk,Gemeente Zwolle,52.509454,6.08713,200,1.5,7.5,True,"Emmawijk, 8011 CM Zwolle",https://www.zwolle.nl/parkeertarieven,EUR
Netherlands,Zwolle,GZ05,Pas de Deux,Gemeente Zwolle,52.503564,6.092257,350,1.5,7.5,,"Hanzelaan 268, 8017 JJ Zwolle",https://www.zwolle.nl/parkeertarieven,EUR
Netherlands,Zwolle,GZ06,Lübeckplein,Gemeente Zwolle,52.503221,6.090143,385,1.5,7.5,True,"Hanzelaan 236, 8017 JZ Zwolle",https://www.zwolle.nl/parkeertarieven,EUR
Netherlands,Zwolle,PB01,Stationsplein Zwolle,ParkBee,52.506505,6.08897,,,,,"Stationsplein 14, 8011 CA Zwolle",https://parkbee.com/en/city/zwolle,EUR
Netherlands,Zwolle,PB02,Hanzelaan 95,ParkBee,52.50449,6.086395,,,,,"Hanzelaan 95, 8017 JE Zwolle",https://parkbee.com/en/city/zwolle,EUR
Netherlands,Zwolle,PB03,Hanzelaan - Hanze,ParkBee,52.503843,6.087254,,,,True,"Hanzelaan 180, 8017 JG Zwolle",https://parkbee.com/en/city/zwolle,EUR
Netherlands,Den Bosch,QP01,Arena,Q-Park,51.69168,5.30442,479,,23.0,True,"Arena 119, 5211 XT Den Bosch",https://www.q-park.nl/nl-nl/parkeren/den-bosch/arena/,EUR
Netherlands,Den Bosch,QP02,Tolbrug,Q-Park,51.69001,5.304443,399,3.0,22.0,,"Burg. Loeffplein 70, 5211 RX Den Bosch",https://www.q-park.nl/nl-nl/parkeren/den-bosch/tolbrug/,EUR
Netherlands,Den Bosch,QP03,P+R Magistratenlaan,Q-Park,51.6903537,5.2928315,163,4.29,23.5,,"Magistratenlaan, 5223 MA Den Bosch",https://www.q-park.nl/nl-nl/parkeren/den-bosch/p-r-magistratenlaan/,EUR
Netherlands,Den Bosch,QP04,P+R Station 's-Hertogenbosch,Q-Park,51.6858333,5.2924999,816,4.5,25.0,True,"Mayweg, 5211 AA Den Bosch",https://www.q-park.nl/nl-nl/parkeren/den-bosch/p-r-station-shertogenbosch/,EUR
Netherlands,Den Bosch,GM01,Sint Jan,Gemeente 's-Hertogenbosch,51.6853238,5.3142762,1040,3.32,20.0,True,"Hekellaan 25, 's-Hertogenbosch",https://www.parkeren-denbosch.nl/parkeergarages,EUR
Netherlands,Den Bosch,GM02,Paleiskwartier,Gemeente 's-Hertogenbosch,51.6892464,5.2900727,1059,3.32,20.0,True,"Hugo de Grootlaan 84, 5223 LC 's-Hertogenbosch",https://www.parkeren-denbosch.nl/parkeergarages,EUR
Netherlands,Den Bosch,GM03,Stationsplein,Gemeente 's-Hertogenbosch,51.6904566,5.2949907,161,3.32,20.0,,"Stationsplein, 's-Hertogenbosch",https://www.parkeren-denbosch.nl/parkeergarages,EUR
Netherlands,Den Bosch,GM04,Wolvenhoek,Gemeente 's-Hertogenbosch,51.6866571,5.303156,467,4.01,20.0,True,"Wolvenhoek, 5211 HH 's-Hertogenbosch",https://www.parkeren-denbosch.nl/parkeergarages,EUR
Netherlands,Den Bosch,GM05,Sint Josephstraat,Gemeente 's-Hertogenbosch,51.689161,5.3078016,175,4.01,20.0,,"Sint Josephstraat, 5211 NK 's-Hertogenbosch",https://www.parkeren-denbosch.nl/parkeergarages,EUR
Netherlands,Den Bosch,GM06,Visstraat,Gemeente 's-Hertogenbosch,51.6905267,5.3005639,,,,,"Smalle Haven 15, 5211 TJ 's-Hertogenbosch",https://lokaleregelgeving.overheid.nl/CVDR698192,EUR
Netherlands,Den Bosch,GM07,Keizerstraat,Gemeente 's-Hertogenbosch,51.6861108,5.302632,,,,,"Keizerstraat, 5211 HG 's-Hertogenbosch",https://lokaleregelgeving.overheid.nl/CVDR698192,EUR
Netherlands,Den Bosch,GM08,Museumkwartier,Gemeente 's-Hertogenbosch,51.6863888,5.3126066,,,,,"Museumkwartier (Bethaniestraat), 5211 LH 's-Hertogenbosch",https://lokaleregelgeving.overheid.nl/CVDR698192,EUR
Netherlands,Den Bosch,GM09,Transferium De Vliert,Gemeente 's-Hertogenbosch,51.6999473,5.3221955,700,,5.1,True,"Stadionlaan 9, 5213 JH 's-Hertogenbosch",https://www.s-hertogenbosch.nl/transferium-en-ov/,EUR
Netherlands,Den Bosch,GM10,Transferium Deutersestraat,Gemeente 's-Hertogenbosch,51.68469,5.2771905,1100,,5.1,True,"Deutersestraat 2d, 's-Hertogenbosch",https://www.s-hertogenbosch.nl/transferium-en-ov/,EUR
Netherlands,Den Bosch,GM11,Transferium Pettelaarpark,Gemeente 's-Hertogenbosch,51.6778641,5.3359633,450,,5.1,True,"Pettelaarpark 59, 5216 PP 's-Hertogenbosch",https://www.s-hertogenbosch.nl/transferium-en-ov/,EUR
Netherlands,Den Bosch,IP01,Willemspoort,Interparking,51.684659,5.279163,349,2.8,9.75,True,"Henri Dunantstraat 2, 5223 GZ Den Bosch",https://www.interparking.nl/en/parkings/den-bosch/willemspoort/,EUR
Netherlands,Den Bosch,IP02,Jeroen Bosch Ziekenhuis,Interparking,51.685421,5.279639,650,2.8,9.75,True,"Henri Dunantstraat 1a, 5223 Den Bosch",https://www.interparking.nl/en/parkings/den-bosch/jeroenboschziekenhuis/,EUR
Netherlands,Enschede,QP01,Enschede,Q-Park,52.218835,6.89317,466,,16.5,True,"Zuidmolenstraat 1, 7511 NJ Enschede",https://www.q-park.nl/nl-nl/parkeren/enschede/enschede/,EUR
Netherlands,Enschede,QP02,P+R Parkweg,Q-Park,52.221317,6.88264,156,1.89,9.0,,"Parkweg t.o. 37-39, 7513 AD Enschede",https://www.q-park.nl/nl-nl/parkeren/enschede/p-r-parkweg/,EUR
Netherlands,Enschede,GE01,H.J. van Heekgarage,Gemeente Enschede,52.217972,6.8932,1700,3.35,16.75,True,"Beltstraat, 7511 AA Enschede",https://www.enschede.nl/parkeertarieven-en-parkeerlocaties,EUR
Netherlands,Enschede,GE02,Irenegarage,Gemeente Enschede,52.221882,6.898211,475,3.35,16.75,True,"Van Lochemstraat, 7511 PK Enschede",https://www.enschede.nl/parkeertarieven-en-parkeerlocaties,EUR
Netherlands,Enschede,GE03,Stationsplein,Gemeente Enschede,52.221466,6.89218,325,3.35,16.75,True,"Stationsplein 6, 7511 JD Enschede",https://www.enschede.nl/parkeertarieven-en-parkeerlocaties,EUR
Netherlands,Enschede,GE04,Brouwerij (Roombeek),Gemeente Enschede,52.232113,6.890544,300,3.35,16.75,True,"Brouwerijstraat 25, 7523 XC Enschede",https://www.enschede.nl/parkeertarieven-en-parkeerlocaties,EUR
Netherlands,Enschede,GE05,Hermandad,Gemeente Enschede,52.219143,6.890065,275,3.35,8.5,,"Hermandad 4, Stadsmaten, 7511 JN Enschede",https://www.enschede.nl/parkeertarieven-en-parkeerlocaties,EUR
Netherlands,Enschede,GE06,Mooienhof,Gemeente Enschede,52.216592,6.897477,100,3.35,8.5,,"Mooienhof, 7512 EA Enschede",https://www.enschede.nl/parkeertarieven-en-parkeerlocaties,EUR
Netherlands,Enschede,GE07,P+R Zuiderval,Gemeente Enschede,52.203733,6.891352,222,,3.0,,"Zuiderval, 7543 EZ Enschede",https://www.enschede.nl/parkeertarieven-en-parkeerlocaties,EUR
Netherlands,Enschede,PB01,Hengelosestraat,ParkBee,52.223695,6.890609,,,,,"Hengelosestraat 34, 7514 AH Enschede",https://parkbee.com/en/city/enschede,EUR
Netherlands,Enschede,PB02,Ariënsplein,ParkBee,52.219427,6.887755,,,,,"Ariënsplein, 7511 JX Enschede",https://parkbee.com/en/city/enschede,EUR
Netherlands,Enschede,PB03,Prinsestraat A,ParkBee,52.218832,6.886344,,,,,"Prinsestraat, 7511 JX Enschede",https://parkbee.com/en/city/enschede,EUR
Netherlands,Enschede,PB04,Prinsestraat B,ParkBee,52.218186,6.886486,,,,,"Prinsestraat, 7511 JX Enschede",https://parkbee.com/en/city/enschede,EUR
Netherlands,Amersfoort,QP01,Beestenmarkt,Q-Park,52.15594,5.39436,360,3.6,18.0,True,"Sint Andriesstraat 79, 3811 HT Amersfoort",https://www.q-park.nl/nl-nl/parkeren/amersfoort/beestenmarkt/,EUR
Netherlands,Amersfoort,QP02,Centrum Mondriaan,Q-Park,52.152184,5.387238,575,3.16,16.0,True,"Soeverein 36, 3817 HV Amersfoort",https://www.q-park.nl/nl-nl/parkeren/amersfoort/centrum-mondriaan/,EUR
Netherlands,Amersfoort,QP03,St. Jorisplein,Q-Park,52.155676,5.385361,444,3.46,19.0,True,"Sint Jorisplein 34, 3811 DC Amersfoort",https://www.q-park.nl/nl-nl/parkeren/amersfoort/st-jorisplein/,EUR
Netherlands,Amersfoort,QP04,P+R Barchman Wuytierslaan,Q-Park,52.15303,5.370169,421,2.6,14.5,,"Barchman Wuytierslaan, 3818 LE Amersfoort",https://www.q-park.nl/nl-nl/parkeren/amersfoort/p-r-barchman-wuytierslaan/,EUR
Netherlands,Amersfoort,QP05,P+R Piet Mondriaanplein,Q-Park,52.154583,5.371542,491,2.6,14.5,,"Piet Mondriaanplein, 3818 LG Amersfoort",https://www.q-park.nl/nl-nl/parkeren/amersfoort/p-r-piet-mondriaanplein/,EUR
Netherlands,Amersfoort,GA01,Koestraat,Gemeente Amersfoort,52.152861,5.387183,406,3.24,16.22,True,"Grote Haag 2, 3811 HJ Amersfoort",https://amersfoort.parkeerservice.nl/parkeren-in-garages/parkeergarages/parkeergarage-koestraat/,EUR
Netherlands,Amersfoort,GA02,Stadhuisplein,Gemeente Amersfoort,52.156684,5.384396,177,3.24,16.22,True,"Stadhuisplein, 3811 LM Amersfoort",https://amersfoort.parkeerservice.nl/parkeren-in-garages/parkeergarages/parkeergarage-stadhuisplein/,EUR
Netherlands,Amersfoort,GA03,Flintplein,Gemeente Amersfoort,52.159069,5.391757,347,2.61,16.22,True,"Walikerstraat 14, 3811 WT Amersfoort",https://amersfoort.parkeerservice.nl/parkeren-in-garages/parkeergarages/parkeergarage-flintplein/,EUR
Netherlands,Amersfoort,GA04,Amerena,Gemeente Amersfoort,52.159781,5.412858,218,,,True,"De Velduil 2, 3815 XT Amersfoort",https://amersfoort.parkeerservice.nl/parkeren-in-garages/parkeergarages/parkeergarage-amerena/,EUR
Netherlands,Amersfoort,P101,Parkeergarage Asch van Wijck,P1,52.15508,5.38117,440,2.75,18.0,True,"Van Asch van Wijckstraat 55, 3811 LP Amersfoort",https://www.p1.nl/parkeerplaats/parkeergarage-asch-van-wijck/,EUR
Netherlands,Amersfoort,P102,Parking Eemplein,P1,52.159795,5.382063,625,3.33,15.0,True,"Eemlaan 21, 3812 ED Amersfoort",https://www.p1.nl/parkeerplaats/parking-eemplein/,EUR
Netherlands,Amersfoort,IP01,Oppidium,Interparking,52.158709,5.37806,600,3.33,17.0,,"Groningerstraat 46, 3812 EE Amersfoort",https://www.interparking.nl/en/parkings/amersfoort/oppidium/,EUR
Netherlands,Amersfoort,PB01,Utrechtsepoort,ParkBee,52.153889,5.383704,,,,,"Stadsring 83, 3811 NA Amersfoort",https://parkbee.com/en/city/amersfoort,EUR
Netherlands,Amersfoort,PB02,Amersfoort Station,ParkBee,52.154769,5.372482,,,,True,"Piet Mondriaanplein 57, 3812 GZ Amersfoort",https://parkbee.com/en/city/amersfoort,EUR
Netherlands,Amersfoort,PB03,Argonaut,ParkBee,52.152839,5.370088,,,,,"Stationsplein 107, 3818 LE Amersfoort",https://parkbee.com/en/city/amersfoort,EUR
Netherlands,Apeldoorn,QP01,Beekstraat,Q-Park,52.214,5.96572,105,2.61,13.5,True,"Beekstraat 33, 7311 LE Apeldoorn",https://www.q-park.nl/nl-nl/parkeren/apeldoorn/beekstraat/,EUR
Netherlands,Apeldoorn,QP02,Museum-Centrum,Q-Park,52.215298,5.956585,636,3.33,16.5,True,"Roggestraat 133, 7311 CC Apeldoorn",https://www.q-park.nl/nl-nl/parkeren/apeldoorn/museum-centrum/,EUR
Netherlands,Apeldoorn,QP03,Oranjerie,Q-Park,52.212544,5.9618,519,3.33,16.5,True,"Oranjerie 1, 7311 WB Apeldoorn",https://www.q-park.nl/nl-nl/parkeren/apeldoorn/oranjerie/,EUR
Netherlands,Apeldoorn,QP04,P+R Laan van de Mensenrechten,Q-Park,52.208816,5.970511,188,,,,"Laan van de Mensenrechten, 7331 VT Apeldoorn",https://www.q-park.nl/nl-nl/parkeren/apeldoorn/p-r-laan-van-de-mensenrechten/,EUR
Netherlands,Apeldoorn,GA01,Parkeergarage Anklaar,Gemeente Apeldoorn,52.229116,5.986867,537,1.6,,True,"Sluisoordlaan 115, 7323 EK Apeldoorn",https://www.apeldoorn.nl/regelen-en-weten/parkeren-en-verkeer/parkeren-in-apeldoorn/parkeergarages/,EUR
Netherlands,Apeldoorn,GA02,Parkeergarage Brinklaan,Gemeente Apeldoorn,52.211723,5.961204,240,1.1,8.8,,"Brinklaan 144, 7321 JM Apeldoorn",https://www.apeldoorn.nl/regelen-en-weten/parkeren-en-verkeer/parkeren-in-apeldoorn/parkeergarages/,EUR
Netherlands,Apeldoorn,GA03,Parkeergarage Haven Centrum,Gemeente Apeldoorn,52.213146,5.968097,356,1.1,8.8,True,"Stationsstraat 94, 7311 NV Apeldoorn",https://www.apeldoorn.nl/regelen-en-weten/parkeren-en-verkeer/parkeren-in-apeldoorn/parkeergarages/,EUR
Netherlands,Apeldoorn,GA04,Parkeergarage Marktplein,Gemeente Apeldoorn,52.215919,5.963828,685,2.8,,,"Deventerstraat 22, 7311 LS Apeldoorn",https://www.apeldoorn.nl/regelen-en-weten/parkeren-en-verkeer/parkeren-in-apeldoorn/parkeergarages/,EUR
Netherlands,Apeldoorn,GA05,Parkeergarage Orpheus,Gemeente Apeldoorn,52.219811,5.951411,420,2.8,11.1,,"Churchillplein 15, 7314 CD Apeldoorn",https://www.apeldoorn.nl/regelen-en-weten/parkeren-en-verkeer/parkeren-in-apeldoorn/parkeergarages/,EUR
Netherlands,Apeldoorn,IP01,Gelre Ziekenhuis,Interparking,52.18171,5.94724,473,2.0,7.0,,"Albert Schweitzerlaan 31, 7334 DZ Apeldoorn",https://www.interparking.nl/en/parkings/apeldoorn/gelre-ziekenhuis---apeldoorn/,EUR
Netherlands,Apeldoorn,PB01,Sophialaan,ParkBee,52.211122,5.971942,,,,,"Sophialaan 52, Apeldoorn",https://parkbee.com/en/city/apeldoorn,EUR
Netherlands,Apeldoorn,PB02,Prins Willem-Alexanderlaan 433,ParkBee,52.21004,5.961828,,,,,"Prins Willem-Alexanderlaan 433, 7311 SX Apeldoorn",https://parkbee.com/en/city/apeldoorn,EUR
Netherlands,Dordrecht,QP01,Drievriendenhof,Q-Park,51.81317,4.67059,475,2.61,20.0,True,"Korte Kolfstraat 235, 3311 XK Dordrecht",https://www.q-park.nl/nl-nl/parkeren/dordrecht/drievriendenhof/,EUR
Netherlands,Dordrecht,QP02,P+R Markettenweg,Q-Park,51.806253,4.671507,138,2.09,9.5,,"Markettenweg, 3314 JE Dordrecht",https://www.q-park.nl/nl-nl/parkeren/dordrecht/p-r-markettenweg/,EUR
Netherlands,Dordrecht,GD01,Spuihaven,Gemeente Dordrecht,51.8115275,4.6603442,520,2.6,25.97,,"Spuiboulevard 304, 3311 GR Dordrecht",https://cms.dordrecht.nl/Inwoners/Overzicht_Inwoners/Parkeren_verkeer_en_vervoer/Parkeergarages/Parkeerkosten_gemeentelijke_parkeergarages,EUR
Netherlands,Dordrecht,GD02,Achterom,Gemeente Dordrecht,51.8121252,4.6667267,370,3.38,33.76,,"Achterom 56, 3311 KC Dordrecht",https://cms.dordrecht.nl/Inwoners/Overzicht_Inwoners/Parkeren_verkeer_en_vervoer/Parkeergarages/Parkeerkosten_gemeentelijke_parkeergarages,EUR
Netherlands,Dordrecht,GD03,Riedijkshaven,Gemeente Dordrecht,51.8178482,4.6762536,46,2.08,20.74,,"Noorderstraat 37, 3311 RS Dordrecht",https://cms.dordrecht.nl/Inwoners/Overzicht_Inwoners/Parkeren_verkeer_en_vervoer/Parkeergarages/Parkeerkosten_gemeentelijke_parkeergarages,EUR
Netherlands,Dordrecht,GD04,Energiehuis,Gemeente Dordrecht,51.8151266,4.6833172,325,2.08,20.74,,"Lijnbaan 198, 3311 RR Dordrecht",https://cms.dordrecht.nl/Inwoners/Overzicht_Inwoners/Parkeren_verkeer_en_vervoer/Parkeergarages/Parkeerkosten_gemeentelijke_parkeergarages,EUR
Netherlands,Dordrecht,GD05,Sportboulevard,Gemeente Dordrecht,51.7921886,4.6778275,675,1.8,18.0,,"Amnesty Internationalweg 9, 3318 AZ Dordrecht",https://cms.dordrecht.nl/Inwoners/Overzicht_Inwoners/Parkeren_verkeer_en_vervoer/Betaald_parkeren/Parkeren_Gezondheidspark_en_Sportboulevard,EUR
Netherlands,Dordrecht,PY01,Parking De Holland,ParkingYou,51.8092166,4.6619931,,,,,"Kilwijkstraat, 3311 WL Dordrecht",https://parkingyou.nl/nl/locaties/regio-zuid-holland/parking-de-holland-/id=73,EUR
Netherlands,Alkmaar,QP01,Grote Kerk,Q-Park,52.63238,4.742723,86,3.0,20.0,,"Bagijnenstraat 13-15, 1811 KA Alkmaar",https://www.q-park.nl/nl-nl/parkeren/alkmaar/grote-kerk/,EUR
Netherlands,Alkmaar,QP02,P+R Kruseman van Eltenweg,Q-Park,52.639063,4.740048,228,2.95,13.5,,"Kruseman van Eltenweg 1, 1817 BC Alkmaar",https://www.q-park.nl/nl-nl/parkeren/alkmaar/p-r-kruseman-van-eltenweg/,EUR
Netherlands,Alkmaar,P101,Parkeergarage Kanaalschiereiland,P1,52.635307,4.746581,353,2.27,18.8,True,"Mallegatsplein 1, 1815 AG Alkmaar",https://www.p1.nl/parkeerplaats/parkeergarage-kanaalschiereiland/,EUR
Netherlands,Alkmaar,P102,Parkeergarage De Kazerne,P1,52.636413,4.74623,87,2.27,18.8,True,"Helderseweg 8a, 1811 AG Alkmaar",https://www.p1.nl/parkeerplaats/parkeergarage-de-kazerne/,EUR
Netherlands,Alkmaar,P103,Parkeergarage Karperton,P1,52.632367,4.751961,439,2.27,18.8,True,"Dijk 16-20, 1811 MB Alkmaar",https://www.p1.nl/parkeerplaats/parkeergarage-karperton/,EUR
Netherlands,Alkmaar,P104,Parkeergarage Schelphoek,P1,52.627454,4.753807,495,2.27,18.8,True,"Korte Vondelstraat 4, 1811 AE Alkmaar",https://www.p1.nl/parkeerplaats/parkeergarage-schelphoek/,EUR
Netherlands,Alkmaar,P105,Parkeergarage De Singel,P1,52.628174,4.740385,396,2.27,18.8,True,"Wilhelminalaan, 1811 DP Alkmaar",https://www.p1.nl/parkeerplaats/parkeergarage-de-singel/,EUR
Netherlands,Alkmaar,P106,Parkeergarage De Vest,P1,52.634415,4.745163,67,2.27,18.8,True,"Paternosterstraat 2-18, 1811 KG Alkmaar",https://www.p1.nl/parkeerplaats/parkeergarage-de-vest/,EUR
Netherlands,Alkmaar,P107,Parkeergarage Ringers,P1,52.633505,4.751567,750,2.6,17.5,,"Noorderkade 100, 1823 CJ Alkmaar",https://www.p1.nl/parkeerplaats/parkeergarage-ringers/,EUR
Netherlands,Leeuwarden,QP01,P+R Wijnhornsterstraat,Q-Park,53.194979,5.788207,253,1.49,8.5,,"Wijnhornsterstraat, 8932 GJ Leeuwarden",https://www.q-park.nl/nl-nl/parkeren/leeuwarden/p-r-wijnhornsterstraat/,EUR
Netherlands,Leeuwarden,GL01,Zaailand,Gemeente Leeuwarden,53.199745,5.794809,720,2.3,11.5,True,"Zaailand 5, 8911 BL Leeuwarden",https://www.parkeergaragesleeuwarden.nl/parkeergarages/zaailand,EUR
Netherlands,Leeuwarden,GL02,Oldehove,Gemeente Leeuwarden,53.202706,5.790377,515,2.3,11.5,True,"Oldehoofsterkerkhof 3, 8911 DM Leeuwarden",https://www.parkeergaragesleeuwarden.nl/parkeergarages/oldehove,EUR
Netherlands,Leeuwarden,GL03,Klanderij,Gemeente Leeuwarden,53.197808,5.797766,625,2.0,8.0,True,"Posthoornsteeg 40, 8911 AT Leeuwarden",https://www.parkeergaragesleeuwarden.nl/parkeergarages/de-klanderij,EUR
Netherlands,Leeuwarden,GL04,Hoeksterend,Gemeente Leeuwarden,53.205783,5.802237,390,2.0,5.0,True,"Hoeksterpad 3, 8911 JV Leeuwarden",https://www.parkeergaragesleeuwarden.nl/parkeergarages/hoeksterend,EUR
Netherlands,Leeuwarden,GL05,Oosterstraat,Gemeente Leeuwarden,53.201873,5.801613,250,2.0,8.0,True,"Ritsumastraat 2, 8911 KM Leeuwarden",https://www.parkeergaragesleeuwarden.nl/parkeergarages/nieuwe-oosterstraat,EUR
Netherlands,Leeuwarden,GL06,Revius,Gemeente Leeuwarden,53.198894,5.77802,60,2.0,8.0,True,"Reviusstraat 6, 8913 HT Leeuwarden",https://www.parkeergaragesleeuwarden.nl/parkeergarages/p-revius,EUR
Netherlands,Leeuwarden,PB01,Tesselschadestraat,ParkBee,53.198561,5.784368,,,,,"Tesselschadestraat 7, 8913 HA Leeuwarden",https://parkbee.com/en/city/leeuwarden,EUR
Netherlands,Venlo,QP01,Arsenaal,Q-Park,51.36927,6.17215,260,3.04,15.45,True,"Nassaustraat 87, 5911BT Venlo",https://www.q-park.nl/nl-nl/parkeren/venlo/arsenaal/,EUR
Netherlands,Venlo,QP02,Centrum Maasboulevard,Q-Park,51.36902,6.164649,535,,18.0,True,"Prinsessesingel 5, 5911 HS Venlo",https://www.q-park.nl/nl-nl/parkeren/venlo/centrum-maasboulevard/,EUR
Netherlands,Venlo,QP03,Roermondsepoort,Q-Park,51.368422,6.165186,528,3.04,15.45,True,"Prinsessesingel 28, 5911 HT Venlo",https://www.q-park.nl/nl-nl/parkeren/venlo/roermondsepoort/,EUR
Netherlands,Venlo,QP04,Maaswaard,Q-Park,51.367995,6.162443,394,3.04,15.45,True,"Prinsessesingel 4, 5912 AZ Venlo",https://www.q-park.nl/nl-nl/parkeren/venlo/maaswaard/,EUR
Netherlands,Venlo,QP05,Nolensplein,Q-Park,51.372832,6.1711,745,3.04,15.45,True,"Mgr. Nolensplein 50, 5911 GG Venlo",https://www.q-park.nl/nl-nl/parkeren/venlo/nolensplein/,EUR
Netherlands,Venlo,QP06,Blok van Gendt,Q-Park,51.373596,6.171565,200,3.04,15.45,True,"Valuasstraat 26 a, 5911EN Venlo",https://www.q-park.nl/nl-nl/parkeren/venlo/blok-van-gendt/,EUR
Netherlands,Venlo,QP07,P+R Stationsplein,Q-Park,51.364439,6.173319,110,2.39,11.5,,"Kaldenkerkerweg, 5913 AA Venlo",https://www.q-park.nl/nl-nl/parkeren/venlo/p-r-stationsplein/,EUR
Netherlands,Hilversum,QP01,Hilvertshof,Q-Park,52.22383,5.177436,575,3.0,15.0,,"Groest 100, 1211 ED Hilversum",https://www.q-park.nl/nl-nl/parkeren/hilversum/hilvertshof/,EUR
Netherlands,Hilversum,QP02,Markt,Q-Park,52.226406,5.179517,320,3.91,17.5,True,"Schapenkamp 12, 1211 PA Hilversum",https://www.q-park.nl/nl-nl/parkeren/hilversum/markt/,EUR
Netherlands,Hilversum,GH01,Gooiland,Gemeente Hilversum,52.221907,5.175143,364,2.77,16.11,True,"Koningshof 1, 1211 MG Hilversum",https://hilversum.parkeerservice.nl/tarieven/,EUR
Netherlands,Hilversum,GH02,Gooische Brink,Gemeente Hilversum,52.223094,5.171678,400,2.77,16.11,True,"Brinkweg 1, 1211 RP Hilversum",https://hilversum.parkeerservice.nl/tarieven/,EUR
Netherlands,Hilversum,CP01,City Parking,City Parking,52.226171,5.172881,400,3.5,35.0,,"Noordse Bosje 19-21, 1211 BD Hilversum",https://city-parking.nl/,EUR
Netherlands,Hilversum,IP01,Tergooi Hospital,Interparking,52.21314,5.199975,1028,2.1,8.0,True,"Laan van Tergooi 2, 1212 VG Hilversum",https://www.interparking.nl/en/parkings/hilversum/tergooi-ziekenhuis-hilversum/,EUR
Netherlands,Hilversum,PB01,Herenstraat,ParkBee,52.224041,5.176212,,,,,"Herenstraat 12, 1211 CB Hilversum",https://www.parkbee.nl/,EUR
Netherlands,Ede,QP01,Achterdoelen,Q-Park,52.043324,5.671262,490,2.61,8.0,True,"Achterdoelen 45, 6711 AV Ede",https://www.q-park.nl/nl-nl/parkeren/ede/achterdoelen/,EUR
Netherlands,Ede,QP02,Markt,Q-Park,52.047369,5.671685,440,2.61,8.0,True,"Brouwerstraat 21 A, 6711 AS Ede",https://www.q-park.nl/nl-nl/parkeren/ede/markt/,EUR
Netherlands,Ede,P101,P+R Ede-Wageningen,P1,52.026222,5.67346,539,2.4,9.0,True,"Polar Bearsplein 1, 6717 XN Ede",https://www.p1.nl/parkeerplaats/pr-ede-wageningen/,EUR
Netherlands,Ede,PY01,ParkingYou Pathé Ede,ParkingYou,52.015712,5.648144,425,2.55,17.5,,"Laan der Verenigde Naties 150, 6716 JE Ede",https://parkingyou.nl/nl/locaties/regio-gelderland/parkingyou-pathe-ede-/id=61,EUR
Netherlands,Heerlen,QP01,Corio Center,Q-Park,50.889796,5.975728,504,3.33,10.0,True,"Stationstraat 28, 6411 NK Heerlen",https://www.q-park.nl/nl-nl/parkeren/heerlen/corio-center/,EUR
Netherlands,Heerlen,QP02,De Klomp,Q-Park,50.889105,5.981327,364,2.61,14.0,True,"Klompstraat 11, 6411 KR Heerlen",https://www.q-park.nl/nl-nl/parkeren/heerlen/de-klomp/,EUR
Netherlands,Heerlen,QP03,P+R Parallelweg,Q-Park,50.890871,5.97053,236,1.49,7.5,,"Parallelweg 46, 6411 NA Heerlen",https://www.q-park.nl/nl-nl/parkeren/heerlen/p-r-parallelweg/,EUR
Netherlands,Heerlen,QP04,Putgraaf,Q-Park,50.88647,5.981803,307,3.0,15.0,True,"Putgraaf 1 D, 6411 GT Heerlen",https://www.q-park.nl/nl-nl/parkeren/heerlen/putgraaf/,EUR
Netherlands,Heerlen,QP05,Raadhuisparking,Q-Park,50.886213,5.97741,379,3.53,15.0,True,"Uilestraat 4, 6411 BX Heerlen",https://www.q-park.nl/nl-nl/parkeren/heerlen/raadhuisparking/,EUR
Netherlands,Heerlen,QP06,'t Loon,Q-Park,50.887022,5.97005,383,2.61,14.0,True,"Apollolaan 11, 6411 BA Heerlen",https://www.q-park.nl/nl-nl/parkeren/heerlen/t-loon/,EUR
Netherlands,Heerlen,QP07,Teleparking,Q-Park,50.89091,5.970649,451,2.5,16.0,True,"Parallelweg 1 K, 6411 NA Heerlen",https://www.q-park.nl/nl-nl/parkeren/heerlen/teleparking/,EUR
Netherlands,Heerlen,QP08,Theater Heerlen Parking,Q-Park,50.887046,5.972282,504,3.0,14.0,True,"Muzenlaan 1, 6411 AC Heerlen",https://www.q-park.nl/nl-nl/parkeren/heerlen/theater-heerlen-parking/,EUR
Netherlands,Heerlen,IP01,Maankwartier Centrum,Interparking,50.890448,5.975005,408,2.4,10.0,True,"Stationsplein 2, 6411 NE Heerlen",https://parkerenmaankwartier.nl/en/maankwartier-centre/,EUR
Netherlands,Heerlen,IP02,Maanplein,Interparking,50.891573,5.976021,467,1.5,6.0,True,"Spoorsingel 63, 6412 GH Heerlen",https://parkerenmaankwartier.nl/en/maanplein/,EUR
Netherlands,Helmond,QP01,P+R Smalstraat,Q-Park,51.476373,5.662412,170,1.11,6.75,False,"Smalstraat, 5701 NX Helmond",https://www.q-park.nl/nl-nl/parkeren/helmond/p-r-smalstraat/,EUR
Netherlands,Helmond,GH01,Parkeergarage Doorneind,Gemeente Helmond,51.478152,5.658951,470,2.65,16.2,False,"Doorneind 1, 5701 ML Helmond",https://www.helmond.nl/1/parkeren/parkeergarage-doorneind,EUR
Netherlands,Helmond,GH02,Parkeergarage Boscotondo,Gemeente Helmond,51.478059,5.649814,279,2.65,16.2,True,"Frans Joseph van Thielpark 1, 5707 BX Helmond",https://www.helmond.nl/1/parkeren/parkeergarage-boscotondo,EUR
Netherlands,Helmond,GH03,Parkeergarage City,Gemeente Helmond,51.48094,5.653874,,2.31,14.0,False,"Watermolenwal 14, 5701 RV Helmond",https://www.helmond.nl/1/parkeren/parkeergarage-city,EUR
Netherlands,Helmond,CO01,Parkeergarage Elzaspassage,Colliers,51.480553,5.654172,195,2.6,17.5,False,"De Elzas, 5701 RZ Helmond",https://www.helmond.nl/1/parkeren/parkeergarage-winkelcentrum-elzaspassage,EUR
Netherlands,Hengelo,QP01,De Brink,Q-Park,52.26366,6.791815,375,2.73,11.5,True,"Brink 118, 7551 JC Hengelo",https://www.q-park.nl/nl-nl/parkeren/hengelo/de-brink/,EUR
Netherlands,Hengelo,QP02,P+R Station,Q-Park,52.261059,6.795784,270,2.19,10.5,,"Gieskesstraat, 7553 LL Hengelo",https://www.q-park.nl/nl-nl/parkeren/hengelo/p-r-station/,EUR
Netherlands,Hengelo,P101,De Beurs,P1,52.263638,6.795487,315,2.14,11.1,True,"B.P. Hofstedestraat 41, 7551 DG Hengelo",https://www.p1.nl/parkeren/hengelo/parkeergarage-de-beurs,EUR
Netherlands,Hengelo,TB01,Thiemsbrug,Thiemsbrug,52.267001,6.793852,380,1.8,14.0,,"Thiemsbrug 33, 7551 EZ Hengelo",https://uitinhengelo.nl/parkeren/parkeergarage-thiemsbrug,EUR
Netherlands,Hoofddorp,QP01,Primark,Q-Park,52.303696,4.6919219,250,1.5,35.0,,"Marktplein 212, 2132 CW Hoofddorp",https://www.q-park.nl/nl-nl/parkeren/hoofddorp/primark/,EUR
Netherlands,Hoofddorp,QP02,Spaarne Gasthuis,Q-Park,52.324124,4.655274,961,2.73,15.0,True,"Spaarnepoort 2, 2134 TM Hoofddorp",https://www.q-park.nl/nl-nl/parkeren/hoofddorp/spaarne-gasthuis/,EUR
Netherlands,Hoofddorp,P101,Winkelcentrum Hoofddorp,P1,52.302498,4.690375,1008,1.2,10.0,,"Burgemeester van Stamplein 46, 2132 BH Hoofddorp",https://www.p1.nl/parkeerplaats/winkelcentrum-hoofddorp/,EUR
Netherlands,Hoofddorp,P102,Polderplein,P1,52.300837,4.694444,417,1.2,10.0,,"Melis Spaansweg 149, 2132 BJ Hoofddorp",https://www.p1.nl/parkeerplaats/polderplein/,EUR
Netherlands,Hoofddorp,PB01,Capellalaan 65,ParkBee,52.29291,4.704663,,,,,"Capellalaan 65, 2132 JL Hoofddorp",https://www.parkbee.nl/,EUR
Netherlands,Hoofddorp,PB02,Intercity Hotel,ParkBee,52.28978085,4.694557113,,,,,"Spark Ave 1, 2133 LC Hoofddorp",https://www.parkbee.nl/,EUR
Netherlands,Hoofddorp,PB03,Polarisavenue,ParkBee,52.2920865,4.7062167,,,,,"Polarisavenue 130, 2132 JX Hoofddorp",https://www.parkbee.nl/,EUR
Netherlands,Hoofddorp,PB04,Spicalaan,ParkBee,52.291325,4.708272,,,,,"Spicalaan 1-59, 2132 JG Hoofddorp",https://www.parkbee.nl/,EUR
Netherlands,Hoofddorp,PB05,Siriusdreef,ParkBee,52.291997,4.710792,,,,,"Siriusdreef 17-27, 2132 WT Hoofddorp",https://www.parkbee.nl/,EUR
Netherlands,Hoofddorp,PB06,Rijnlanderweg,ParkBee,52.292052,4.714091,,,,,"Rijnlanderweg 1056, 2132 MP Hoofddorp",https://www.parkbee.nl/,EUR
Netherlands,Hoofddorp,PB07,The Florian Hotel,ParkBee,52.291419,4.720255,,,,,"Kruisweg 609, 2132 NA Hoofddorp",https://www.parkbee.nl/,EUR
Netherlands,Hoofddorp,PB08,Ninety Nine Hotel,ParkBee,52.2912481,4.720505425,,,,,"Kruisweg 601, 2132 NA Hoofddorp",https://www.parkbee.nl/,EUR
Netherlands,Hoofddorp,PB09,Van der Valk Hotel Schiphol,ParkBee,52.259161,4.688094,,,,,"A4 3, 2132 MA Hoofddorp",https://www.parkbee.nl/,EUR
Netherlands,Zaandam,QP01,Hermitage,Q-Park,52.437778,4.816678,893,,20.0,True,"Hermitage 144, 1506 TX Zaandam",https://www.q-park.nl/nl-nl/parkeren/zaandam/hermitage/,EUR
Netherlands,Zaandam,QP02,Rozenhof,Q-Park,52.438678,4.82347,487,2.86,19.0,,"Zilverpadsteeg 71, 1506 SB Zaandam",https://www.q-park.nl/nl-nl/parkeren/zaandam/rozenhof/,EUR
Netherlands,Zaandam,QP03,P+R Provincialeweg,Q-Park,52.45016,4.807804,119,,,,"Provincialeweg, 1506 MJ Zaandam",https://www.q-park.nl/nl-nl/parkeren/zaandam/p-r-provincialeweg/,EUR
Netherlands,Zaandam,IP01,Zaans Medisch Centrum,Interparking,52.45417,4.826435,645,4.0,7.5,True,"Koningin Julianaplein 56, 1502 DV Zaandam",https://www.interparking.nl/en/parkings/zaandam/zaansmedischcentrum/,EUR
Netherlands,Zaandam,P101,Parkeerterrein Ebbehof,P1,52.438808,4.811488,214,2.0,20.0,,"Ebbehout 1, 1507 EA Zaandam",https://www.p1.nl/parkeren/zaandam/parkeerterrein-ebbehof,EUR
Netherlands,Zaandam,ZT01,Zaantheater,Zaantheater,52.4384117,4.8249258,,3.0,17.5,,"Nicolaasstraat 3, 1506 BB Zaandam",https://zaantheater.nl/nl/theater/je-bezoek/bereikbaarheid-parkeren/,EUR
Netherlands,Zaandam,CP01,City Parking Westzijde,City Parking,52.4409683,4.8229279,,,,,"Westzijde 30, 1506 EE Zaandam",https://drimble.nl/bedrijf/zaandam/000004843495/city-parking-westzijde-zaandam-vof.html,EUR
Netherlands,Schiedam,QP01,P+R Horvathweg,Q-Park,51.921198,4.410228,64,2.79,9.5,,"Horvathweg 3, 3112 HB Schiedam",https://www.q-park.nl/nl-nl/parkeren/schiedam/p-r-horvathweg/,EUR
Netherlands,Schiedam,IP01,ABC Schiedam,Interparking,51.918656,4.401055,325,1.5,15.0,,"Kreupelstraat 27, 3111 NL Schiedam",https://www.interparking.nl/en/parkings/schiedam/amc/,EUR
Netherlands,Schiedam,PY01,P+R Schiedam Centrum,ParkingYou,51.9242,4.40576,759,3.75,23.0,,"Noorderweg 20, 3119 XX Schiedam",https://parkingyou.nl/nl/locaties/regio-zuid-holland/parkingyou-p-r-schiedam-centrum/id=63,EUR
Netherlands,Schiedam,GS01,Stadserfgarage,Gemeente Schiedam,51.917867,4.403473,,1.2,5.5,,"Stadserf, 3112 DX Schiedam",https://www.schiedam.nl/a-tot-z/bereikbaarheid-stadskantoor,EUR
Netherlands,Schiedam,NP01,Garage Nieuwe Passage,Nieuwe Passage,51.915088,4.40104,280,1.5,15.0,,"Broersveld 22, 3111 LH Schiedam",https://www.passageschiedam.nl/bereikbaarheid/,EUR
Netherlands,Vlaardingen,QP01,Hoogstraat,Q-Park,51.9116208,4.3432249,423,2.4,12.5,,"Kornelis Speelmanstraat 4, 3131 BG Vlaardingen",https://www.q-park.nl/nl-nl/parkeren/vlaardingen/hoogstraat/,EUR
Netherlands,Vlaardingen,QP02,Liesveld,Q-Park,51.9103574,4.3390511,398,3.0,12.5,,"Van Riebeeckstraat 30, 3131 VV Vlaardingen",https://www.q-park.nl/nl-nl/parkeren/vlaardingen/liesveld/,EUR
Netherlands,Vlaardingen,QP03,Stadhuis,Q-Park,51.907679,4.3398706,148,3.0,12.5,True,"Dr. Sacharovplaats 3, 3131 MH Vlaardingen",https://www.q-park.nl/nl-nl/parkeren/vlaardingen/stadhuis/,EUR
Netherlands,Vlaardingen,PB01,Parq Point Shuttle,ParkBee,51.90053859,4.317614671,,,,False,"Trawlerweg 20, 3133 KV Vlaardingen",https://www.parkbee.com/nl-nl,EUR
Netherlands,Roosendaal,QP01,P+R Stationsplein,Q-Park,51.540623,4.461662,101,2.59,15.0,,"Stationsplein, 4702 VK Roosendaal",https://www.q-park.nl/nl-nl/parkeren/roosendaal/p-r-stationsplein/,EUR
Netherlands,Roosendaal,QP02,P+R Stationsstraat,Q-Park,51.5394444,4.4583333,144,2.59,15.0,,"Stationsstraat, 4701 NC Roosendaal",https://www.q-park.nl/nl-nl/parkeren/roosendaal/p-r-stationsstraat/,EUR
Netherlands,Roosendaal,PBR01,Nieuwe Markt,Parkeer Beheer Roosendaal,51.5313299,4.4583475,520,2.25,10.0,True,"Nieuwe Markt 81, 4701 AE Roosendaal",https://www.parkerenroosendaal.nl/parkeren-in-parkeergarages/,EUR
Netherlands,Roosendaal,PBR02,Biggelaar,Parkeer Beheer Roosendaal,51.5329391,4.4584472,375,2.25,10.0,True,"Biggelaar 29, 4701 RA Roosendaal",https://www.parkerenroosendaal.nl/parkeren-in-parkeergarages/,EUR
Netherlands,Roosendaal,PBR03,Roselaar,Parkeer Beheer Roosendaal,51.5313603,4.4533499,416,2.25,10.0,True,"Laan van Brabant 5, 4701 BM Roosendaal",https://www.parkerenroosendaal.nl/parkeren-in-parkeergarages/,EUR
Netherlands,Roosendaal,PBR04,Mill Hill,Parkeer Beheer Roosendaal,51.5287213,4.4543257,100,2.25,10.0,True,"Vrouwemadestraat 76, 4701 CG Roosendaal",https://www.parkerenroosendaal.nl/parkeren-in-parkeergarages/,EUR
Netherlands,Roosendaal,PBR05,Liga,Parkeer Beheer Roosendaal,51.5312068,4.4530813,150,2.25,10.0,,"Laan van Brabant 48-50, 4701 BK Roosendaal",https://www.parkerenroosendaal.nl/parkeren-in-parkeergarages/,EUR
Netherlands,Alphen aan den Rijn,QP01,P+R Sacharovlaan,Q-Park,52.127258,4.655757,205,1.99,8.0,,"Dr. A.D. Sacharovlaan, 2405 ZW Alphen aan den Rijn",https://www.q-park.nl/nl-nl/parkeren/alphen-aan-den-rijn/p-r-sacharovlaan/,EUR
Netherlands,Alphen aan den Rijn,GA01,Castellum,Gemeente Alphen aan den Rijn,52.129113,4.657577,742,3.0,,True,"Raoul Wallenbergplein, 2405 CZ Alphen aan den Rijn",https://alphenaandenrijn.parkeerservice.nl/parkeren-in-garages/parkeergarages-en-terreinen/parkeergarage-castellum/,EUR
Netherlands,Alphen aan den Rijn,GA02,Aarhof,Gemeente Alphen aan den Rijn,52.130059,4.666136,621,3.0,,True,"Aarplein 12, 2406 BT Alphen aan den Rijn",https://alphenaandenrijn.parkeerservice.nl/parkeren-in-garages/parkeergarages-en-terreinen/parkeerdak-aarhof/,EUR
Netherlands,Alphen aan den Rijn,GA03,Hoogvliet,Gemeente Alphen aan den Rijn,52.127132,4.660527,48,3.0,,,"Paradijslaan, 2405 CC Alphen aan den Rijn",https://alphenaandenrijn.parkeerservice.nl/parkeren-in-garages/parkeergarages-en-terreinen/parkeerdak-hoogvliet/,EUR
Netherlands,Alphen aan den Rijn,GA04,Bospark,Gemeente Alphen aan den Rijn,52.133493,4.656607,182,3.0,,,"Prins Bernhardlaan/Laan der Continenten, Alphen aan den Rijn",https://alphenaandenrijn.parkeerservice.nl/parkeren-in-garages/parkeergarages-en-terreinen/parkeerterrein-bospark/,EUR
Netherlands,Amstelveen,QP01,Buitenplein,Q-Park,52.300956,4.864999,592,2.4,21.0,True,"Meander 725, 1181 WN Amstelveen",https://www.q-park.nl/nl-nl/parkeren/amstelveen/buitenplein/,EUR
Netherlands,Amstelveen,QP02,Handelsplein,Q-Park,52.301632,4.866134,573,2.4,21.0,True,"Handelsweg 51, 1181 ZA Amstelveen",https://www.q-park.nl/nl-nl/parkeren/amstelveen/handelsplein/,EUR
Netherlands,Amstelveen,QP03,Schouwburggarage,Q-Park,52.302525,4.857837,575,6.0,40.0,True,"Thomas Cookstraat 1, 1181 ZS Amstelveen",https://www.q-park.nl/nl-nl/parkeren/amstelveen/schouwburggarage/,EUR
Netherlands,Amstelveen,P101,Stadspleingarage,P1,52.303196,4.857529,908,6.0,40.0,True,"Stadsplein 101, 1181 ZM Amstelveen",https://www.p1.nl/parkeren/amstelveen/parkeergarage-stadsplein,EUR
Netherlands,Amstelveen,PB01,Adagio Amsterdam City South,ParkBee,52.318978,4.871248,,,,True,"Professor J.H. Bavincklaan 5, 1183 AT Amstelveen",https://parkbee.com/en/city/amstelveen,EUR
Netherlands,Amstelveen,PB02,Bovenkerkerweg 2-4,ParkBee,52.284224,4.842636,,,,,"Bovenkerkerweg 2, 1185 XE Amstelveen",https://parkbee.com/en/city/amstelveen,EUR
Netherlands,Amstelveen,PB03,Doctor Willem Dreesweg,ParkBee,52.279787,4.841353,,,,,"Doctor Willem Dreesweg 6, 1185 VB Amstelveen",https://parkbee.com/en/city/amstelveen,EUR
Netherlands,Assen,QP01,P+R Stationsplein,Q-Park,52.990107,6.569674,266,2.89,14.5,,"Stationsplein, 9404 RT Assen",https://www.q-park.nl/nl-nl/parkeren/assen/p-r-stationsplein/,EUR
Netherlands,Assen,P101,Parkeergarage Citadel,P1,52.997224,6.566487,575,2.0,8.0,True,"Kloekhorststraat 26, 9401 BE Assen",https://www.p1.nl/parkeerplaats/parkeergarage-citadel/,EUR
Netherlands,Assen,P102,Parkeergarage De Nieuwe Kolk,P1,52.995374,6.557428,500,2.0,8.0,True,"Alteveerstraat 1, 9401 ET Assen",https://www.p1.nl/parkeerplaats/parkeergarage-de-nieuwe-kolk/,EUR
Netherlands,Assen,P103,Parkeergarage Drents Museum,P1,52.993233,6.561234,245,2.0,8.0,True,"Torenlaan 18C, 9401 HR Assen",https://www.p1.nl/parkeerplaats/parkeergarage-drents-museum/,EUR
Netherlands,Assen,P104,Parkeergarage Mercurius,P1,52.996219,6.558757,250,2.0,8.0,True,"Mercuriusplein 211, 9401 DK Assen",https://www.p1.nl/parkeerplaats/parkeergarage-mercurius/,EUR
Netherlands,Assen,P105,Parkeergarage Neptunus,P1,52.997454,6.559219,190,2.0,8.0,True,"Apollopad 72-74, 9401 ZA Assen",https://www.p1.nl/parkeerplaats/parkeergarage-neptunus/,EUR
Netherlands,Assen,P106,Parkeergarage Stadhuis,P1,52.994843,6.566469,190,2.0,8.0,True,"Doevenkamp 2, 9401 JW Assen",https://www.p1.nl/parkeerplaats/parkeergarage-stadhuis/,EUR
Netherlands,Assen,P107,Parkeergarage Triade,P1,52.997976,6.560816,550,2.0,8.0,True,"Neptunusplein 16, 9401 CZ Assen",https://www.p1.nl/parkeerplaats/parkeergarage-triade/,EUR
Netherlands,Bergen op Zoom,QP01,P+R Parallelweg,Q-Park,51.494916,4.29678,116,1.95,7.5,False,"Parallelweg, 4621 CB Bergen op Zoom",https://www.q-park.nl/nl-nl/parkeren/bergen-op-zoom/p-r-parallelweg/,EUR
Netherlands,Bergen op Zoom,PBZ01,De Parade,Parkeerbeheer Bergen op Zoom,51.4935952,4.291837,400,2.1,13.5,True,"Wassenaarstraat 66, Bergen op Zoom",https://www.parkerenbergenopzoom.nl/parkeergarages/,EUR
Netherlands,Bergen op Zoom,PBZ02,Grote Markt,Parkeerbeheer Bergen op Zoom,51.4927928,4.2850709,150,2.1,13.5,True,"Koepelstraat 50, Bergen op Zoom",https://www.parkerenbergenopzoom.nl/parkeergarages/,EUR
Netherlands,Beverwijk,QP01,P+R Meerplein,Q-Park,52.479441,4.656883,121,1.35,6.5,,"Wijckermolen, 1941 JA Beverwijk",https://www.q-park.nl/nl-nl/parkeren/beverwijk/p-r-meerplein/,EUR
Netherlands,Gouda,QP01,Bolwerk,Q-Park,52.009997,4.703319,337,2.61,18.0,True,"Sint Mariewal 41, 2801 WS Gouda",https://www.q-park.nl/nl-nl/parkeren/gouda/bolwerk/,EUR
Netherlands,Gouda,QP02,Nieuwe Markt,Q-Park,52.01438,4.711289,472,,16.0,True,"Conventstraat 154, 2801 HZ Gouda",https://www.q-park.nl/nl-nl/parkeren/gouda/nieuwe-markt/,EUR
Netherlands,Gouda,GA01,Stationsgarage,Cooperatie ParkeerService,52.017789,4.707987,400,2.0,10.0,True,"Burg. Jamesplein 1C, 2803 PG Gouda",https://gouda.parkeerservice.nl/parkeren-in-garages/parkeergarages/,EUR
Netherlands,Gouda,PB01,Burgemeester Jamessingel,ParkBee,52.0185,4.7006,,,,False,"Burgemeester Jamessingel 33, 2803 WV Gouda",https://parkbee.com/en/city/gouda,EUR
Netherlands,Deventer,QP01,De Boreel,Q-Park,52.25262,6.16564,604,2.4,10.0,True,"Boreelplein 32, 7411 EH Deventer",https://www.q-park.nl/nl-nl/parkeren/deventer/de-boreel/,EUR
Netherlands,Deventer,QP02,P+R Handelskade,Q-Park,52.254652,6.166144,247,2.85,11.5,,"Handelskade, 7417 DE Deventer",https://www.q-park.nl/nl-nl/parkeren/deventer/p-r-handelskade/,EUR
Netherlands,Deventer,P101,Brink,P1,52.250263,6.160773,280,2.22,10.0,True,"Emmastraat, 7411 GG Deventer",https://www.p1.nl/parkeerplaats/parkeergarage-brink/,EUR
Netherlands,Deventer,P102,Stadspoort,P1,52.256574,6.152519,259,2.22,10.0,True,"Binnensingel 8 / T.G. Gibsonstraat, 7411 PM Deventer",https://www.p1.nl/parkeren/deventer/parkeergarage-stadspoort,EUR
Netherlands,Deventer,P103,Stationsplein,P1,52.2567,6.161797,147,2.22,10.0,True,"Stationsplein 1, 7411 HB Deventer",https://www.p1.nl/parkeerplaats/parkeergarage-stationsplein/,EUR
Netherlands,Deventer,P104,Beestenmarkt,P1,52.257239,6.16353,60,0.0,0.0,,"Hoge Rij 95, 7413 WX Deventer",https://www.p1.nl/parkeren/deventer/parkeergarage-beestenmarkt,EUR
Netherlands,Deventer,CG01,Centrumgarage,Centrumgarage,52.254895,6.159213,575,2.22,12.0,True,"Op de Keizer 1, 7411 TC Deventer",https://centrumgaragedeventer.nl/tarieven/,EUR
Netherlands,Sittard,QP01,P+R Transferium,Q-Park,51.001691,5.857022,525,2.48,11.0,True,"Geerweg 4, 6135 KC Sittard",https://www.q-park.nl/nl-nl/parkeren/sittard/p-r-transferium/,EUR
Netherlands,Sittard,IP01,ODA Parking,Interparking,51.000666,5.867213,640,1.9,5.0,True,"Haspelsestraat 41, 6131 GD Sittard",https://www.interparking.nl/en/parkings/sittard/oda-parking/,EUR
Netherlands,Sittard,IP02,ABC,Interparking,50.997437,5.86627,275,1.9,10.0,,"De Wieer 2b, 6131 CV Sittard",https://www.interparking.nl/en/parkings/sittard/abc-sittard/,EUR
Netherlands,Sittard,IP03,Hub Dassenplein,Interparking,50.995872,5.867339,285,1.9,10.0,,"Hub Dassenplein 7, 6131 LB Sittard",https://www.interparking.nl/en/parkings/sittard/hub-dassenplein/,EUR
Netherlands,Sittard,LP01,Ligne,Ligne Parking,51.000673,5.866959,386,1.75,6.0,True,"Haspelsestraat 42, 6131 GB Sittard",https://ligneparking.nl/,EUR
Netherlands,Boxtel,boxtel_01,Q-Park P+R Van Salmstraat,Q-Park,51.583123,5.319014,193,2.85,11.5,no,"Salmstraat, 5281 RS Boxtel",https://www.q-park.nl/nl-nl/parkeren/boxtel/p-r-van-salmstraat/,EUR
Netherlands,Diemen,QP01,P+R Diemen,Q-Park,52.34556,4.96761,114,2.0,8.5,,"Dokter A.J.J. van Gemertplein 1, 1111 LZ Diemen",https://www.q-park.nl/nl-nl/parkeren/diemen/p-r-diemen/,EUR
Netherlands,Diemen,AR01,Parkeergarage Diemerplein,Arrivee,52.341701,4.961966,400,2.31,13.5,True,"René Cassinlaan 3, 1111 HB Diemen",https://arrivee.nl/diemerplein/,EUR
Netherlands,Diemen,PB01,OurDomain Amsterdam Diemen,ParkBee,52.32946,4.956506,,,,True,"Dalsteindreef 6002, 1112 XJ Diemen",https://parkbee.com/en/city/diemen,EUR
Netherlands,Diemen,PB02,Dalsteindreef,ParkBee,52.3289745,4.9543028,,,,False,"Dalsteindreef 141, 1112 XJ Diemen",https://parkbee.com/en/city/diemen,EUR
Netherlands,Diemen,PB03,Diemen Zuid,ParkBee,52.326878,4.952719,,,,False,"Wisselwerking 2, 1112 XK Diemen",https://parkbee.com/en/city/diemen,EUR
Netherlands,Duivendrecht,QP01,P+R Stationsplein,Q-Park,52.322849,4.936174,137,3.49,19.0,,"Stationsplein, 1115 BZ Duivendrecht",https://www.q-park.nl/nl-nl/parkeren/duivendrecht/p-r-stationsplein/,EUR
Netherlands,Duivendrecht,PB01,Entrada (P+R Mobihub Amstel Business Park),ParkBee,52.329815,4.931499,,,,,"Entrada 600, 1114 AA Duivendrecht",https://www.mobian.global/en/product/mobihub-pr-amstel-business-park-bbaea41a75904d65953abf27b15aa2dc,EUR
Netherlands,Gorinchem,SP01,Kazerneplein,Stadsparkeren,51.8296655,4.9701134,385,2.0,,True,"Pompstraat 27, 4201 HB Gorinchem",https://www.gorinchem.nl/parkeren-verkeer-en-vervoer/parkeren-voor-bezoekers,EUR
Netherlands,Gorinchem,SP02,Kweeklust,Stadsparkeren,51.8329928,4.9736024,246,2.0,,True,"Kweeklust 1, 4201 LC Gorinchem",https://www.gorinchem.nl/parkeren-verkeer-en-vervoer/parkeren-voor-bezoekers,EUR
Netherlands,Gorinchem,QP01,P+R Stationsweg,Q-Park,51.833656,4.968052,127,1.49,7.0,False,"Stationsweg, 4205 AA Gorinchem",https://www.q-park.nl/nl-nl/parkeren/gorinchem/p-r-stationsweg/,EUR
Netherlands,Halfweg,QP01,P+R Halfweg-Zwanenburg,Q-Park,52.38693,4.74507,140,1.5,9.0,,"Houtrakkerweg 10, 1165 MX Halfweg",https://www.q-park.nl/nl-nl/parkeren/halfweg/p-r-halfweg-zwanenburg/,EUR
Netherlands,Halfweg,SC01,Amsterdam The Style Outlets,Amsterdam The Style Outlets,52.386092,4.739146,1470,2.0,4.5,True,"SugarCity Ring 1, 1165 PB Halfweg",https://amsterdam.thestyleoutlets.nl/en/articles/car-parking,EUR
Netherlands,Heemstede,QP01,P+R Roemer Visscherplein,Q-Park,52.359584,4.605644,147,2.45,10.5,,"Roemer Visscherplein, 2106 AZ Heemstede",https://www.q-park.nl/nl-nl/parkeren/heemstede/p-r-roemer-visscherplein/,EUR
Netherlands,Heemstede,VM01,Parkeergarage Vomar Binnenweg,Vomar,52.3519986,4.6218708,100,,,,"Binnenweg 78, 2101 JM Heemstede",https://www.vomar.nl/actueel/vomar-opent-100ste-winkel-in-heemstede,EUR
Netherlands,Heerenveen,GH01,Geerts Willigengarage,Gemeente Heerenveen,52.9610513,5.9235154,328,1.9,7.0,,"Geerts Willigenplein 1, 8441 GV Heerenveen",https://lokaleregelgeving.overheid.nl/CVDR754356/1,EUR
Netherlands,Heerenveen,QP01,P+R Stationsplein,Q-Park,52.9628232,5.9139073,144,1.49,8.0,,"Stationsplein, 8411 HT Heerenveen",https://www.q-park.nl/nl-nl/parkeren/heerenveen/p-r-stationsplein/,EUR
Netherlands,Heerenveen,GH02,P+R Westzijde Station (Beugel),Gemeente Heerenveen,52.9602868,5.9136818,,0.63,5.0,,"Beugel, 8447 AK Heerenveen",https://www.heerenveen.nl/parkeren/betaald-parkeren/,EUR
Netherlands,Middelburg,GM01,Het Groene Woud,Gemeente Middelburg,51.495166,3.609613,,2.3,11.3,,"Het Groene Woud 1, 4331 NB Middelburg",https://www.middelburg.nl/parkeren-in-middelburg,EUR
Netherlands,Middelburg,GM02,Geere,Gemeente Middelburg,51.496379,3.609393,,2.3,11.3,,"Kalverstraat 4, 4331 LZ Middelburg",https://www.middelburg.nl/parkeren-in-middelburg,EUR
Netherlands,Middelburg,GM03,Kousteensedijk,Gemeente Middelburg,51.495876,3.615032,,2.3,11.3,,"Kousteensedijk 1, 4331 JE Middelburg",https://www.middelburg.nl/parkeren-in-middelburg,EUR
Netherlands,Middelburg,GM04,Achter de Houttuinen,Gemeente Middelburg,51.497969,3.606047,194,2.3,11.3,True,"Achter de Houttuinen 12, 4331 NJ Middelburg",https://www.centrumparkeren.nl/middelburg/parkeergarages/achter-de-houttuinen,EUR
Netherlands,Middelburg,GM05,Kanaalweg,Gemeente Middelburg,51.497034,3.623534,,2.3,11.3,,"Kanaalweg, 4337 Middelburg",https://www.middelburg.nl/parkeren-in-middelburg,EUR
Netherlands,Middelburg,GM06,Hof van Tange,Gemeente Middelburg,51.497077,3.60495,,3.2,16.0,,"Hof van Tange, 4331 NH Middelburg",https://www.middelburg.nl/parkeren-in-middelburg,EUR
Netherlands,Middelburg,GM07,Damplein,Gemeente Middelburg,51.500212,3.616723,,3.2,,,"Damplein, 4331 GC Middelburg",https://www.middelburg.nl/parkeren-in-middelburg,EUR
Netherlands,Middelburg,GM08,Loskade,Gemeente Middelburg,51.497564,3.620858,,3.2,16.0,,"Loskade, 4331 VC Middelburg",https://www.middelburg.nl/parkeren-in-middelburg,EUR
Netherlands,Middelburg,GM09,Molenwater,Gemeente Middelburg,51.504129,3.613943,,3.2,16.0,,"Molenwater, 4331 SE Middelburg",https://www.middelburg.nl/parkeren-in-middelburg,EUR
Netherlands,Middelburg,GM10,Oude Veerseweg,Gemeente Middelburg,51.502223,3.631598,,0.0,,True,"Oude Veerseweg, 4332 SH Middelburg",https://www.middelburg.nl/parkeren-in-middelburg,EUR
Netherlands,Middelburg,QP01,P+R Segeersingel,Q-Park,51.493889,3.615232,240,1.89,9.0,,"Segeersingel, 4337 LE Middelburg",https://www.q-park.nl/nl-nl/parkeren/middelburg/p-r-segeersingel/,EUR
Netherlands,Driebergen-Rijsenburg,QP01,P+R Driebergen-Zeist,Q-Park,52.065293,5.257563,582,1.25,7.5,True,"Stationsweg 15 B, 3972KA Driebergen-Rijsenburg",https://www.q-park.nl/nl-nl/parkeren/driebergen-rijsenburg/p-r-driebergen-zeist/,EUR
Netherlands,Leiderdorp,QP01,Rijnland Vierzicht P1,Q-Park,52.154283,4.538795,325,2.07,9.0,True,"Simon Smitweg 1, 2353 GA Leiderdorp",https://www.q-park.nl/nl-nl/parkeren/leiderdorp/rijnland-vierzicht-p1/,EUR
Netherlands,Leiderdorp,QP02,Rijnland Vierzicht P2,Q-Park,52.154283,4.538795,200,2.07,9.0,,"Simon Smitweg 1, 2353 GA Leiderdorp",https://www.q-park.nl/nl-nl/parkeren/leiderdorp/rijnland-vierzicht-p2/,EUR
Netherlands,Leiderdorp,QP03,Rijnland Vierzicht P3,Q-Park,52.154283,4.538795,550,2.07,9.0,True,"Simon Smitweg 6, 2353 GA Leiderdorp",https://www.q-park.nl/nl-nl/parkeren/leiderdorp/rijnland-vierzicht-p3/,EUR
Netherlands,Leiderdorp,WH01,Winkelhof Leiderdorp,Urban Interest Vastgoed,52.163046,4.533272,825,0.0,0.0,True,"Winkelhof 55, 2353 TV Leiderdorp",https://winkelhof-leiderdorp.nl/services/parkeren/,EUR
Netherlands,Naarden,QP01,P+R Slochterenlaan,Q-Park,52.2810519,5.1563267,98,1.3,7.0,,"Slochterenlaan, 1405 AL Naarden",https://www.q-park.nl/nl-nl/parkeren/naarden/p-r-slochterenlaan/,EUR
Netherlands,Nieuwegein,GN01,Cityplaza,Gemeente Nieuwegein,52.029319,5.082718,770,3.3,18.8,,"Bankstede, 3431 HN Nieuwegein",https://nieuwegein.parkeerservice.nl/parkeren-in-garages/parkeergarages/cityplaza/,EUR
Netherlands,Nieuwegein,GN02,Stadshuis,Gemeente Nieuwegein,52.026912,5.085356,530,3.3,18.8,True,"Tinnegieterstede 1, 3431 HW Nieuwegein",https://nieuwegein.parkeerservice.nl/parkeren-in-garages/parkeergarages/stadshuis/,EUR
Netherlands,Nieuwegein,GN03,Theater,Gemeente Nieuwegein,52.02694,5.084043,592,3.3,18.8,True,"Nachtwachtstede, 3431 HL Nieuwegein",https://nieuwegein.parkeerservice.nl/parkeren-in-garages/parkeergarages/theater/,EUR
Netherlands,Nieuwegein,QP01,St. Antonius Ziekenhuis,Q-Park,52.024834,5.081567,1450,2.81,10.0,True,"Koekoekslaan 1, 3435 CM Nieuwegein",https://www.q-park.nl/nl-nl/parkeren/nieuwegein/st-antonius-ziekenhuis/,EUR
Netherlands,Oisterwijk,QP01,P+R Spoorlaan,Q-Park,51.582643,5.196962,140,1.35,7.5,,"Spoorlaan, 5061 HD Oisterwijk",https://www.q-park.nl/nl-nl/parkeren/oisterwijk/p-r-spoorlaan/,EUR
Netherlands,Oisterwijk,GM01,Parkeergarage Tiliander/Lindeplein,Gemeente Oisterwijk,51.5821481,5.1965535,79,1.7,20.0,,"Spoorlaan 82c, 5061 HD Oisterwijk",https://www.oisterwijk.nl/parkeren/betaald-parkeren,EUR
Netherlands,Oss,QP01,P+R Gasstraat,Q-Park,51.765131,5.53196,246,1.99,8.5,,"Gasstraat, 5349 AV Oss",https://www.q-park.nl/nl-nl/parkeren/oss/p-r-gasstraat/,EUR
Netherlands,Oss,GM01,Bergoss,Gemeente Oss,51.7681848,5.5288132,270,2.0,6.0,True,"Oostwal 177, 5341 KS Oss",https://loket.oss.nl/parkeertarieven-en-belparkeren-in-oss,EUR
Netherlands,Oss,GM02,Oostwal-Oost,Gemeente Oss,51.7697725,5.5280922,114,2.0,6.0,,"Oostwal 241, 5341 KN Oss",https://loket.oss.nl/parkeertarieven-en-belparkeren-in-oss,EUR
Netherlands,Oss,GM03,Jurgensplein,Gemeente Oss,51.7661242,5.5255615,193,2.0,12.0,True,"Boterstraat 1, 5341 KR Oss",https://loket.oss.nl/parkeertarieven-en-belparkeren-in-oss,EUR
Netherlands,Oud-Beijerland,QP01,De Veiling,Q-Park,51.82571,4.41313,124,1.7,5.0,True,"Wilhelminastraat 23, 3262 SV Oud-Beijerland",https://www.q-park.nl/nl-nl/parkeren/oud-beijerland/de-veiling/,EUR
Netherlands,Oud-Beijerland,DK01,Dirk Parkeergarage/Parkeerdek (Vierwiekenplein),Dirk van den Broek,51.828241,4.409898,173,0.5,,,"Vierwiekenplein 46-48, 3262 AN Oud-Beijerland",https://www.parkopedia.nl/parking/carpark/dirk_parkeerdek/3262/oud_beijerland/,EUR
Netherlands,Ridderkerk,QP01,Ridderhof,Q-Park,51.868348,4.601469,224,2.22,5.0,,"Ridderhof 105, 2981 ET Ridderkerk",https://www.q-park.nl/nl-nl/parkeren/ridderkerk/ridderhof/,EUR
Netherlands,Ridderkerk,QP02,Jorishof,Q-Park,51.870199,4.601328,141,2.22,7.5,,"Jorishof 92, 2981 GG Ridderkerk",https://www.q-park.nl/nl-nl/parkeren/ridderkerk/jorishof/,EUR
Netherlands,Ridderkerk,IP01,Koningsplein,Interparking,51.872216,4.599101,228,1.2,5.0,True,"Klaas Katerstraat 60, 2982 XG Ridderkerk",https://www.interparking.nl/en/parkings/ridderkerk/koningsplein/,EUR
Netherlands,Rijswijk,QP01,Bogaardplein,Q-Park,52.03501,4.315535,832,2.6,18.0,True,"Prinses Beatrixlaan 969, 2284 BK Rijswijk",https://www.q-park.nl/nl-nl/parkeren/rijswijk/bogaardplein/,EUR
Netherlands,Rijswijk,QP02,In de Bogaard P2,Q-Park,52.03501,4.315535,668,2.6,18.0,,"Prinses Beatrixlaan 914, 2284 BK Rijswijk",https://www.q-park.nl/nl-nl/parkeren/rijswijk/in-de-bogaard-p2/,EUR
Netherlands,Rijswijk,QP03,In de Bogaard P7,Q-Park,52.046802,4.327428,47,2.6,18.0,,"Steenvoordelaan 370, 2284 BK Rijswijk",https://www.q-park.nl/nl-nl/parkeren/rijswijk/in-de-bogaard-p7/,EUR
Netherlands,Rijswijk,QP04,P+R Hoornwijck,Q-Park,52.051155,4.349131,446,2.1,11.5,True,"Laan van Zuid Hoorn 38, 2289 DE Rijswijk",https://www.q-park.nl/nl-nl/parkeren/rijswijk/p-r-hoornwijck/,EUR
Netherlands,Rijswijk,P101,Bogaard Stadscentrum P5,P1,52.0471,4.32941,230,2.31,17.0,True,"Generaal Spoorlaan 85B, 2284 BK Rijswijk",https://www.p1.nl/parkeerplaats/bogaard-stadscentrum-p5/,EUR
Netherlands,Rijswijk,PB01,Parking At the Park,ParkBee,52.037163,4.324813,,,,True,"Kessler Park 1, 2288 GS Rijswijk",https://parkbee.com/en/city/rijswijk,EUR
Netherlands,Rijswijk,PB02,Volmerlaan 7,ParkBee,52.037933,4.327472,,,,,"Volmerlaan 7, 2288 GC Rijswijk",https://parkbee.com/en/city/rijswijk,EUR
Netherlands,Rijswijk,PB03,De Bruyn Kopsstraat,ParkBee,52.042221,4.334877,,,,,"De Bruyn Kopstraat 15, 2288 EC Rijswijk",https://parkbee.com/en/city/rijswijk,EUR
Netherlands,Rijswijk,PB04,Braillelaan,ParkBee,52.046285,4.344113,,,,,"Braillelaan 9, 2289 CL Rijswijk",https://parkbee.com/en/city/rijswijk,EUR
Netherlands,Rijswijk,PB05,Laan van Hoornwijck,ParkBee,52.048218,4.349408,,,,True,"Laan van Hoornwijck 29, 2289 DG Rijswijk",https://parkbee.com/en/city/rijswijk,EUR
Netherlands,Roermond,QP01,De Oranjerie,Q-Park,51.191046,5.990299,585,2.61,21.0,True,"Achter de Oranjerie 1, 6041 JX Roermond",https://www.q-park.nl/nl-nl/parkeren/roermond/de-oranjerie/,EUR
Netherlands,Roermond,QP02,Roercenter,Q-Park,51.193626,5.98374,415,3.0,14.0,True,"Roersingel 13, 6041 KX Roermond",https://www.q-park.nl/nl-nl/parkeren/roermond/roercenter/,EUR
Netherlands,Roermond,QP03,P+R Godsweerdersingel,Q-Park,51.194729,5.993793,95,2.19,13.0,,"Godsweerdersingel, 6041 GJ Roermond",https://www.q-park.nl/nl-nl/parkeren/roermond/p-r-godsweerdersingel/,EUR
Netherlands,Roermond,QP04,P+R Veeladingstraat,Q-Park,51.189585,5.992162,151,2.19,13.0,,"Veeladingstraat, 6041 HW Roermond",https://www.q-park.nl/nl-nl/parkeren/roermond/p-r-veeladingstraat/,EUR
Netherlands,Roermond,P101,Kazerneplein,P1,51.198509,5.984995,400,1.8,6.5,True,"Maashaven 144, 6041 TB Roermond",https://www.p1.nl/parkeerplaats/parkeergarage-kazerneplein/,EUR
Netherlands,Roermond,P102,Stationspark,P1,51.192278,5.995532,350,1.8,6.5,True,"Maria Theresialaan 12, 6042 AL Roermond",https://www.p1.nl/parkeerplaats/parkeergarage-stationspark/,EUR
Netherlands,Sneek,GS01,Boschplein (P-Zuid Waterpoort),Gemeente Súdwest-Fryslân,53.027646,5.657969,470,0.0,,,"Louw Doniastraat 16, 8607 CD Sneek",https://www.centrumparkeren.nl/sneek/parkeergarages/boschplein,EUR
Netherlands,Sneek,GS02,Normandiaplein (P-Oost),Gemeente Súdwest-Fryslân,53.03516,5.666371,160,0.0,,,"Normandiaplein 7, 8603 CS Sneek",https://www.centrumparkeren.nl/sneek/parkeergarages/normandiaplein,EUR
Netherlands,Sneek,QP01,P+R Station Sneek,Q-Park,53.031142,5.649202,126,0.99,4.0,,"Kanaalstraat, 8601 GA Sneek",https://www.q-park.nl/nl-nl/parkeren/sneek/p-r-station-sneek/,EUR
Netherlands,Valkenburg aan de Geul,QP01,P+R Spoorlaan,Q-Park,50.869444,5.831944,203,1.39,7.0,,"Spoorlaan, 6301 GB Valkenburg aan de Geul",https://www.q-park.nl/nl-nl/parkeren/valkenburg-aan-de-geul/p-r-spoorlaan/,EUR
Netherlands,Valkenburg aan de Geul,GM01,Parkeergarage Aan de Kei,Gemeente Valkenburg aan de Geul,50.865574,5.834782,258,2.0,16.0,True,"Sint Pieterstraat 26-32, 6301 DR Valkenburg aan de Geul",https://www.valkenburg.nl/data/downloadables/2/2/3/8/flyer-parkeertarieven-valkenburg-2025.pdf,EUR
Netherlands,Valkenburg aan de Geul,GM02,Parkeerterrein Cauberg,Gemeente Valkenburg aan de Geul,50.861859,5.828311,258,2.0,12.0,,"Cauberg 28, 6301 BT Valkenburg aan de Geul",https://www.valkenburg.nl/data/downloadables/2/2/3/8/flyer-parkeertarieven-valkenburg-2025.pdf,EUR
Netherlands,Valkenburg aan de Geul,GM03,Parkeerterrein Berkelplein,Gemeente Valkenburg aan de Geul,50.861028,5.834255,256,3.0,,,"Berkelplein 6, 6301 ZD Valkenburg aan de Geul",https://www.valkenburg.nl/data/downloadables/2/2/3/8/flyer-parkeertarieven-valkenburg-2025.pdf,EUR
Netherlands,Valkenburg aan de Geul,GM04,Parkeerterrein Geulpark,Gemeente Valkenburg aan de Geul,50.858712,5.836409,182,1.0,6.0,,"Van Stockheym Hof 18, 6301 CG Valkenburg aan de Geul",https://www.valkenburg.nl/data/downloadables/2/2/3/8/flyer-parkeertarieven-valkenburg-2025.pdf,EUR
Netherlands,Valkenburg aan de Geul,GM05,Parkeerterrein Par'Course II,Gemeente Valkenburg aan de Geul,50.866584,5.827811,111,1.0,6.0,True,"Prins Bernhardlaan, 6301 GV Valkenburg aan de Geul",https://www.valkenburg.nl/data/downloadables/2/2/3/8/flyer-parkeertarieven-valkenburg-2025.pdf,EUR
Netherlands,Valkenburg aan de Geul,GM06,Parkeerterrein Burgemeester Henssingel,Gemeente Valkenburg aan de Geul,50.863541,5.83691,184,2.0,12.0,,"Burgemeester Henssingel 3, 6301 DG Valkenburg aan de Geul",https://www.valkenburg.nl/data/downloadables/2/2/3/8/flyer-parkeertarieven-valkenburg-2025.pdf,EUR
Netherlands,Valkenburg aan de Geul,GM07,Parkeerterrein Spoorlaan,Gemeente Valkenburg aan de Geul,50.870342,5.829117,53,2.0,12.0,,"Spoorlaan 21, 6301 GB Valkenburg aan de Geul",https://www.valkenburg.nl/data/downloadables/2/2/3/8/flyer-parkeertarieven-valkenburg-2025.pdf,EUR
Netherlands,Valkenburg aan de Geul,GM08,Parkeerterrein Walramplein,Gemeente Valkenburg aan de Geul,50.863049,5.833971,175,4.0,,True,"Walramplein, Valkenburg aan de Geul",https://www.valkenburg.nl/data/downloadables/2/2/3/8/flyer-parkeertarieven-valkenburg-2025.pdf,EUR
Netherlands,Valkenburg aan de Geul,PC01,Parking 't Centrum,Parking 't Centrum,50.861681,5.829064,200,2.5,15.0,True,"Daalhemerweg 8, 6301 BK Valkenburg aan de Geul",https://parkingcentrum.nl/,EUR
Netherlands,Valkenburg aan de Geul,DV01,De Valkenier,De Valkenier,50.867564,5.824591,,,,,"Koningswinkelstraat 53, 6301 WH Valkenburg aan de Geul",https://www.valkenburg.nl/data/downloadables/2/2/3/8/flyer-parkeertarieven-valkenburg-2025.pdf,EUR
Netherlands,Valkenburg aan de Geul,PB01,Palankastraat,ParkBee,50.862207,5.833488,,,,False,"Palankastraat 6, 6301 ZM Valkenburg aan de Geul",https://maps-api.parkbee.net/v1/garages?latitude=50.8654&longitude=5.8306&searchradius=8000,EUR
Netherlands,Veenendaal,QP01,Corridor,Q-Park,52.024211,5.555896,302,2.5,8.0,True,"J.G. Sandbrinkstraat 31, 3901 AC Veenendaal",https://www.q-park.nl/nl-nl/parkeren/veenendaal/corridor/,EUR
Netherlands,Veenendaal,QP02,Passage,Q-Park,52.025127,5.557059,550,2.5,8.0,True,"Passage 54, 3901 AZ Veenendaal",https://www.q-park.nl/nl-nl/parkeren/veenendaal/passage/,EUR
Netherlands,Veenendaal,GV01,Gemeentehuis,Gemeente Veenendaal,52.023644,5.557087,210,2.5,8.0,True,"J.G. Sandbrinkstraat 53, 3901 EX Veenendaal",https://www.veenendaal.nl/info-over-de-gemeente/parkeergarages-en-terreinen,EUR
Netherlands,Veenendaal,GV02,Tricotage,Gemeente Veenendaal,52.026792,5.559251,305,2.5,8.0,True,"Wolweg 195, 3901 TD Veenendaal",https://www.veenendaal.nl/info-over-de-gemeente/parkeergarages-en-terreinen,EUR
Netherlands,Veenendaal,GV03,Arie van Hensbergen,Gemeente Veenendaal,52.027929,5.560067,275,2.5,8.0,True,"Verlaat 12a, 3901 RD Veenendaal",https://www.veenendaal.nl/info-over-de-gemeente/parkeergarages-en-terreinen,EUR
Netherlands,Veenendaal,SC01,Scheepjeshof,De Scheepjeshof,52.029402,5.555771,400,1.76,6.0,True,"Scheepjeshof 50, 3901 CV Veenendaal",https://www.descheepjeshof.nl/service-info/overdekt-parkeren/,EUR
Netherlands,Weert,GW01,Poort van Limburg,Gemeente Weert,51.256456,5.703764,76,1.7,6.6,True,"Beekpoort / Penitentenstraat, 6001 GZ Weert",https://www.weert.nl/parkeermogelijkheden-en-tarieven,EUR
Netherlands,Weert,GW02,Muntgarage,Gemeente Weert,51.255757,5.706874,149,1.7,6.6,True,"Oud Gasthuisplein / Hogesteenweg, 6001 EW Weert",https://www.weert.nl/parkeermogelijkheden-en-tarieven,EUR
Netherlands,Weert,GW03,Ursulinengarage,Gemeente Weert,51.253062,5.705256,228,1.7,6.6,True,"Nieuwe Markt 5, 6001 EL Weert",https://www.weert.nl/parkeermogelijkheden-en-tarieven,EUR
Netherlands,Weert,GW04,Walburgpassage,Gemeente Weert,51.251455,5.706779,128,1.7,6.6,True,"Kromstraat 16, 6001 CX Weert",https://www.weert.nl/parkeermogelijkheden-en-tarieven,EUR
Netherlands,Weert,GW05,Centrumgarage,Gemeente Weert,51.25126,5.704031,276,1.7,6.6,True,"Wilhelminasingel 101, 6001 GS Weert",https://www.weert.nl/parkeermogelijkheden-en-tarieven,EUR
Netherlands,Weert,GW06,Stationspleingarage,Gemeente Weert,51.249016,5.704266,97,1.7,6.6,False,"Stationsplein, 6001 CC Weert",https://www.weert.nl/parkeermogelijkheden-en-tarieven,EUR
Netherlands,Weert,QP01,P+R Parallelweg,Q-Park,51.249517,5.69562,295,1.59,7.5,False,"Parallelweg, 6001 HM Weert",https://www.q-park.nl/nl-nl/parkeren/weert/p-r-parallelweg/,EUR
Netherlands,Woerden,GW01,Castellum,Cooperatie ParkeerService,52.086131,4.882009,520,2.5,18.6,True,"Meulmansweg 8s, 3441 AT Woerden",https://woerden.parkeerservice.nl/garageparkeren/parkeergarages/,EUR
Netherlands,Woerden,GW02,Defensie-eiland,Cooperatie ParkeerService,52.084505,4.888353,80,2.5,18.6,True,"Defensie-eiland 93a, 3441 VG Woerden",https://woerden.parkeerservice.nl/garageparkeren/parkeergarages/,EUR
Netherlands,Woerden,QP01,P+R Spoorlaan,Q-Park,52.085737,4.8931,172,2.09,11.0,,"Spoorlaan, 3445 AE Woerden",https://www.q-park.nl/nl-nl/parkeren/woerden/p-r-spoorlaan/,EUR
Netherlands,Zutphen,QP01,P+R Station Zutphen,Q-Park,52.145053,6.192111,375,1.9,9.5,,"Lijmerij 2, 7202 AZ Zutphen",https://www.q-park.nl/nl-nl/parkeren/zutphen/p-r-station-zutphen/,EUR
Netherlands,Zutphen,IP01,Gelre ziekenhuis,Interparking,52.122817,6.216019,250,2.0,7.0,,"Den Elterweg 77, 7207 AE Zutphen",https://www.interparking.nl/nl/parkeren/zutphen/gelre-ziekenhuis---zutphen/,EUR
Netherlands,Zwijndrecht,QP01,P+R Westelijke Parallelweg,Q-Park,51.8144033,4.6422727,119,1.49,9.0,,"Westelijke Parallelweg, 3331 EW Zwijndrecht",https://www.q-park.nl/nl-nl/parkeren/zwijndrecht/p-r-westelijke-parallelweg/,EUR
Ireland,Dublin,QP01,Bloomfields,Q-Park,53.292272,-6.136026,311,2.8,18.5,True,"Dun Laoghaire, Dublin, A96 C3W7",https://www.q-park.ie/en-gb/cities/dublin/bloomfields/,EUR
Ireland,Dublin,QP02,Christchurch,Q-Park,53.342846,-6.26991,213,5.6,53.0,True,"2 Werburgh Street, Dublin, D08 X981",https://www.q-park.ie/en-gb/cities/dublin/christchurch/,EUR
Ireland,Dublin,QP03,Dawson Street,Q-Park,53.340508,-6.256434,370,5.0,,,"School House Lane, Dublin, D02 WF63",https://www.q-park.ie/en-gb/cities/dublin/dawson-street/,EUR
Ireland,Dublin,QP04,Fleet Street,Q-Park,53.345387,-6.260577,393,4.5,40.0,,"52-57 Fleet Street, Dublin, D02 A375",https://www.q-park.ie/en-gb/cities/dublin/fleet-street/,EUR
Ireland,Dublin,QP05,Four Courts,Q-Park,53.345147,-6.277764,385,4.3,33.0,True,"Usher Quay, Dublin, D08 VP9C",https://www.q-park.ie/en-gb/cities/dublin/four-courts/,EUR
Ireland,Dublin,QP06,Grand Canal Square,Q-Park,53.343044,-6.239891,163,7.2,59.0,,"Chimney View, Dublin",https://www.q-park.ie/en-gb/cities/dublin/grand-canal-square/,EUR
Ireland,Dublin,QP07,IFSC,Q-Park,53.348724,-6.245992,370,5.0,48.0,True,"Commons Street, Dublin, D01 DA34",https://www.q-park.ie/en-gb/cities/dublin/ifsc/,EUR
Ireland,Dublin,QP08,ILAC,Q-Park,53.350633,-6.265446,1000,4.0,41.0,,"Parnell Street, Dublin, D01 KH76",https://www.q-park.ie/en-gb/cities/dublin/ilac/,EUR
Ireland,Dublin,QP09,Irish Life,Q-Park,53.349836,-6.25421,290,4.0,40.0,True,"Gardiner Street Lower, Dublin, D01 Y7V2",https://www.q-park.ie/en-gb/cities/dublin/irish-life/,EUR
Ireland,Dublin,QP10,Parnell,Q-Park,53.35074,-6.268346,500,4.3,39.0,True,"Loftus Lane, Dublin, D01 W7P4",https://www.q-park.ie/en-gb/cities/dublin/parnell/,EUR
Ireland,Dublin,QP11,Pavilion Shopping Centre,Q-Park,53.293707,-6.132755,322,3.0,,,"Queen's Road, Dun Laoghaire, Dublin, A96 K657",https://www.q-park.ie/en-gb/cities/dublin/pavilion-shopping-centre/,EUR
Ireland,Dublin,QP12,Setanta,Q-Park,53.341773,-6.256177,166,5.2,53.0,True,"1 Setanta Place, Dublin, D02 V968",https://www.q-park.ie/en-gb/cities/dublin/setanta/,EUR
Ireland,Dublin,QP13,Smithfield,Q-Park,53.349044,-6.279623,350,4.3,38.0,True,"Queen Street, Dublin, D07 NX33",https://www.q-park.ie/en-gb/cities/dublin/smithfield/,EUR
Ireland,Dublin,QP14,St Stephens Green,Q-Park,53.339286,-6.262503,1061,4.8,48.0,True,"Glover's Alley, Dublin, D02 HC81",https://www.q-park.ie/en-gb/cities/dublin/st-stephens-green/,EUR
Ireland,Dublin,QP15,Swords Central,Q-Park,53.45555,-6.221055,320,2.2,12.5,,"Dublin Road, Swords, Dublin, K67 D892",https://www.q-park.ie/en-gb/cities/dublin/swords-central/,EUR
Ireland,Dublin,QP16,The Spire,Q-Park,53.352468,-6.258591,577,4.4,46.0,True,"Cathal Brugha Street, Dublin, D01 W207",https://www.q-park.ie/en-gb/cities/dublin/the-spire/,EUR
Ireland,Dublin,AP01,Trinity Street,APCOA,53.343596,-6.262463,,5.0,35.0,,"14-15 Trinity Street, Dublin 2, D02 C588",https://www.apcoa.ie/parking/dublin/trinity-street-car-park/,EUR
Ireland,Dublin,AP02,Jervis Street,APCOA,53.34715,-6.266372,246,3.7,28.0,True,"61-66 Jervis Street, Dublin 1, D01 X8C6",https://www.apcoa.ie/location-overview/location/dublin/jervis-street-dublin,EUR
Ireland,Dublin,AP03,Drury Street (APCOA),APCOA,53.341504,-6.263991,465,4.5,,,"59-62 Drury Street, Dublin 2, D02 V261",https://www.apcoa.ie/location-overview/location/dublin/apcoa-drury-street-dublin,EUR
Ireland,Dublin,EC01,CCD Parking,Euro Car Parks,53.348865,-6.235928,320,4.2,30.0,,"1 Mayor Street Upper, North Wall, Dublin 1",https://www.eurocarparks.ie/ccdparking,EUR
Ireland,Dublin,EC02,Moore Lane,Euro Car Parks,53.351111,-6.262206,321,4.2,30.0,True,"Moore Lane, Dublin 1",https://www.eurocarparks.ie/,EUR
Ireland,Dublin,EC03,Mater Parking,Euro Car Parks,53.359034,-6.269061,440,3.2,15.0,,"Eccles Street, Dublin 7",https://www.eurocarparks.ie/materparking,EUR
Ireland,Dublin,EC04,Dun Laoghaire Shopping Centre,Euro Car Parks,53.292261,-6.134426,350,2.8,14.0,,"Marine Road, Dun Laoghaire, Dublin, A96 N5YD",https://dlsc.ie/parking/,EUR
Ireland,Dublin,CR01,Drury Street Underground,Croftville Property Co,53.342832,-6.263253,120,,,,"36-37 Drury Street, Dublin 2, D02 YK20",https://www.drurystreetcarpark.ie/,EUR
Ireland,Dublin,DT01,Red Car Park,Dundrum Town Centre,53.287034,-6.242188,2371,,9.7,True,"Sandyford Road, Dundrum, Dublin 16, D16 X4K7",https://www.dundrum.ie/getting-here,EUR
Ireland,Dublin,DT02,Green Car Park,Dundrum Town Centre,53.287034,-6.242188,454,,9.7,True,"Sandyford Road, Dundrum, Dublin 16, D16 X4K7",https://www.dundrum.ie/getting-here,EUR
Ireland,Cork,QP01,Carroll's Quay,Q-Park,51.901722,-8.472167,369,4.0,37.0,True,"Carroll's Quay, Cork, T23 P2TX",https://www.q-park.ie/en-gb/cities/cork/carrolls-quay/,EUR
Ireland,Cork,QP02,City Hall,Q-Park,51.89675,-8.464316,388,4.2,45.0,True,"City Hall, Eglinton Street, Cork, T12 H795",https://www.q-park.ie/en-gb/cities/cork/city-hall/,EUR
Ireland,Cork,QP03,Grand Parade,Q-Park,51.89757,-8.475106,350,4.5,45.0,True,"Grafton Mall, Cork, T12 PXR5",https://www.q-park.ie/en-gb/cities/cork/grand-parade/,EUR
Ireland,Cork,QP04,St Finbarr's,Q-Park,51.8964571,-8.4812431,344,4.2,36.0,,"Sharman Crawford St., Cork, T12 WC78",https://www.q-park.ie/en-gb/cities/cork/st-finbarr's/,EUR
Ireland,Cork,APC01,Merchants Quay,APCOA,51.899435,-8.467845,710,3.8,22.8,True,"Parnell Place, Cork, T12 H299",https://www.apcoa.ie/location-overview/location/cork/merchants-quay-cork,EUR
Ireland,Cork,APC02,St Patrick's Quay,APCOA,51.90076,-8.46748,,2.5,9.0,,"St Patrick's Quay, Cork",https://www.apcoa.ie/location-overview/location/cork/st-patricks-quay-cork,EUR
Ireland,Cork,APC03,Douglas East Village,APCOA,51.877399,-8.4345876,100,1.6,,,"East Douglas Street, Cork, T12 KCF2",https://www.apcoa.ie/location-overview/location/cork/douglas-east-village-cork,EUR
Ireland,Cork,APC04,St Patricks Woollen Mills Douglas,APCOA,51.877,-8.44,150,,1.9,,"West Douglas, Cork, T12 EW44",https://www.apcoa.ie/location-overview/location/cork/st-patricks-woollen-mills-douglas-cork,EUR
Ireland,Cork,APC05,Monkey Maze,APCOA,51.91819,-8.39645,70,3.4,16.0,,"Dunkettle, Glanmire Business Park, Cork, T45 WY07",https://www.apcoa.ie/location-overview/location/cork/monkey-maze-cork,EUR
Ireland,Cork,APC06,Motor Tax Office Model Farm Road,APCOA,51.89768,-8.5285,150,1.5,4.0,,"Model Farm Road, Cork, T12 XP80",https://www.apcoa.ie/location-overview/location/cork/motor-tax-office-model-farm-road-cork,EUR
Ireland,Cork,APC07,The Village Centre P&D Ballincollig,APCOA,51.88764,-8.59269,50,1.5,7.0,,"The Village Centre, Ballincollig, Cork, P31",https://www.apcoa.ie/location-overview/location/cork/the-village-centre-pd-ballincollig-cork,EUR
Ireland,Cork,APC08,The Wilton Pub,APCOA,51.88119,-8.5104,15,2.2,,,"Cardinal Way, Cork, T12 XV21",https://www.apcoa.ie/location-overview/location/cork/the-wilton-pub-cork,EUR
Ireland,Cork,APC09,Highfield Rugby Club (Lot 1),APCOA,51.88617,-8.51939,15,,5.0,,"Woodleigh Park, Glasheen, Cork",https://www.apcoa.ie/location-overview/location/cork/highfield-rugby-club-cork,EUR
Ireland,Cork,APC10,Highfield Rugby Club (Lot 2),APCOA,51.88748706,-8.51749207,15,,5.4,,"Woodleigh Park, Cork, T12 T027",https://www.apcoa.ie/location-overview/location/cork/highfield-rugby-club-cork-1,EUR
Ireland,Cork,CCC01,Paul Street Car Park,Cork City Council,51.900542,-8.475415,749,3.0,,,"Paul Street, Cork",https://www.corkcity.ie/en/council-services/services/parking-services/parking-news/revised-multi-storey-car-park-charges,EUR
Ireland,Cork,CCC02,North Main Street Car Park,Cork City Council,51.901008,-8.477804,330,3.0,,,"North Main Street, Cork",https://www.corkcity.ie/en/council-services/services/parking-services/parking-news/revised-multi-storey-car-park-charges,EUR
Ireland,Cork,CCC03,Black Ash Park & Ride,Cork City Council,51.878279,-8.466956,935,,5.0,,"Black Ash, South Ring Road, Cork",https://www.corkcity.ie/en/council-services/services/parking-services/i-need-a-city-centre-car-park/cork-city-centre-parking-map/,EUR
Ireland,Limerick,QP01,Cornmarket Square,Q-Park,52.6633895,-8.6234147,490,2.9,16.0,True,"Upper Denmark Street, Limerick, V94 KH58",https://www.q-park.ie/en-gb/cities/limerick/cornmarket-square/,EUR
Ireland,Limerick,QP02,Cruises Street,Q-Park,52.6642466,-8.6249925,320,2.9,13.0,False,"Denmark Street, Limerick, V94 EC44",https://www.q-park.ie/en-gb/cities/limerick/cruises-street/,EUR
Ireland,Limerick,QP03,Harveys Quay,Q-Park,52.663591,-8.629739,634,3.3,29.0,True,"Harveys Quay, Limerick, V94 KHD6",https://www.q-park.ie/en-gb/cities/limerick/harveys-quay/,EUR
Ireland,Limerick,QP04,Henry Street,Q-Park,52.660617,-8.633354,256,3.2,27.0,True,"Mount Kenneth Place, Limerick, V94 P9F4",https://www.q-park.ie/en-gb/cities/limerick/henry-street/,EUR
Ireland,Limerick,AQ01,Arthur's Quay Multi-Storey Car Park,TCE Management CP Limited,52.6654718,-8.6262608,570,2.5,,,"Arthurs Quay Shopping Centre, Patrick Street, Limerick, V94 HCV4",https://www.arthursquay.ie/car-park/,EUR
Ireland,Limerick,ECP01,Cleeves,Euro Car Parks,52.6624331,-8.6353991,,,,,"Cleeves site, Condell Road, Limerick",https://www.easytrip.ie/parking/limerick/cleeves/,EUR
Ireland,Limerick,ECP02,Charlotte's Quay,Euro Car Parks,52.6663632,-8.6219429,,,,,"Charlotte's Quay, Limerick",https://www.easytrip.ie/parking/limerick/charlottes-quay/,EUR
Ireland,Limerick,IP01,The Courthouse Public Car Park (Summer Street),I Páirc,52.6622235,-8.6200465,300,2.6,12.0,True,"Summer Street, Limerick",https://www.limerick.ie/discover/living/in-your-community/local-services/car-parks/the-courthouse-public-car-park-summer,EUR
Ireland,Limerick,AP01,St Nessans Road P&D,APCOA,52.63301,-8.65617,30,2.2,10.5,,"St Nessans Road, Dooradoyle, Limerick",https://www.apcoa.ie/parking/limerick/st-nessans-road-pd/,EUR
Ireland,Limerick,HQ01,Howley's Quay Car Park,Howley's Quay Car Park,52.6629025,-8.6304953,320,2.7,25.0,True,"Howley's Quay, Henry Street, Limerick, V94 A9NX",https://howleysquay.com/,EUR
Ireland,Limerick,AV01,Barrington's Car Park,Aviary,52.668104,-8.6212248,,,,,"Sheep Street, Limerick",https://aviary.ie/aviary-carpark,EUR
Ireland,Limerick,CC01,City Centre Car Park,City Centre Car Park,52.6619086,-8.6254536,,,,,"15 Anne Street, Limerick",https://www.limerick.ie/discover/living/in-your-community/local-services/car-parks/city-centre-car-park,EUR
Ireland,Galway,QP01,Eyre Square,Q-Park,53.27246,-9.050019,444,3.6,30.0,True,"Merchants Road, Galway H91 F38Y",https://www.q-park.ie/en-gb/cities/galway/eyre-square/,EUR
Ireland,Galway,QP02,Hynes Yard,Q-Park,53.2714373,-9.0513223,650,,29.0,True,"Merchants Road, Galway H91 XA6P",https://www.q-park.ie/en-gb/cities/galway/hynes-yard/,EUR
Ireland,Galway,AP01,Galway Cathedral,APCOA,53.2751,-9.0575,,1.5,8.0,,"Galway Cathedral, H91 A780, Galway",https://www.apcoa.ie/location-overview/location/galway/galway-cathedral-galway,EUR
Ireland,Galway,AP02,Claddagh Church,APCOA,53.268226,-9.056167,80,1.9,1.9,False,"Claddagh, H91 CD36, Galway",https://www.apcoa.ie/location-overview/location/galway/claddagh-church-galway-galway,EUR
Ireland,Galway,AP03,Headford Road,APCOA,53.278645,-9.050391,50,2.0,2.0,False,"Headford Road, N84, Galway",https://www.apcoa.ie/location-overview/location/galway/headford-road-galway,EUR
Ireland,Galway,AP04,The Mercy College,APCOA,53.274311,-9.05412,66,,2.4,False,"The Mercy College, Galway",https://www.apcoa.ie/location-overview/location/galway/the-mercy-college-galway-galway,EUR
Ireland,Galway,AP05,NUI Galway South Campus,APCOA,53.290631,-9.071001,2270,1.4,,False,"University Road, H91 TK33, Galway",https://www.apcoa.ie/location-overview/location/galway/nui-galway-south-campus-galway,EUR
Ireland,Galway,AP06,NUI Galway Sector L Arus Moyola,APCOA,53.27929601,-9.06170502,1500,1.5,6.0,False,"University Road, H91 TK33, Galway",https://www.apcoa.ie/location-overview/location/galway/nui-galway-sector-l-arus-moyola-galway,EUR
Ireland,Galway,AP07,Westwood Student Accommodation,APCOA,53.28862,-9.0715,20,1.2,6.6,,"Newcastle Road, H91 R7XN, Galway",https://www.apcoa.ie/location-overview/location/galway/westwood-student-accommodation-galway,EUR
Ireland,Galway,CP01,City Centre,City Park,53.2735485,-9.0452487,410,3.2,25.0,,"Fairgreen Road, Galway",https://www.citypark.ie/,EUR
Ireland,Galway,CP02,Coach Station,City Park,53.2735485,-9.0452487,168,3.2,25.0,,"Fairgreen Road, Galway",https://www.citypark.ie/,EUR
Ireland,Galway,CP03,Market Street,City Park,53.2730825,-9.0535,83,3.2,25.0,,"13 Market Street, Galway",https://www.citypark.ie/,EUR
Ireland,Galway,GC01,Dyke Road,Galway City Council,53.2783771,-9.0505663,390,,10.0,,"Dyke Road, Galway H91 C9PP",https://www.galwaycity.ie/services/roads-and-transport/roads-and-transport-services/parking-in-galway-city,EUR
Ireland,Galway,GC02,Mill Street,Galway City Council,53.2710782,-9.0576523,82,2.5,,,"Mill Street, Galway H91 FX61",https://www.galwaycity.ie/services/roads-and-transport/roads-and-transport-services/parking-in-galway-city,EUR
Ireland,Galway,GC03,Bowling Green,Galway City Council,53.2738516,-9.0542358,40,2.5,,,"Bowling Green / Newtownsmith, Galway H91 DP11",https://www.galwaycity.ie/services/roads-and-transport/roads-and-transport-services/parking-in-galway-city,EUR
Ireland,Bray,QP01,Q-Park Bray,Q-Park,53.20009,-6.11196,162,2.9,13.0,True,"Killarney Road, Bray A98 KW13",https://www.q-park.ie/en-gb/cities/bray/bray/,EUR
Ireland,Bray,AP01,Royal Hotel - Bray,APCOA,53.20504,-6.108521,,1.0,10.0,,"Main Street, Bray, Co. Wicklow",https://www.apcoa.ie/parking/bray/royal-hotel-bray/,EUR
Ireland,Kilkenny,QP01,Q-Park MacDonagh Junction,Q-Park,52.6557965,-7.2452183,950,2.0,13.0,True,"Hebron Road, Highhays, Kilkenny, R95 CP8N",https://www.q-park.ie/en-gb/cities/kilkenny/macdonagh-junction/,EUR
Ireland,Kilkenny,OS01,Ormonde Street Car Park,Ormonde Street Car Park,52.6502081,-7.2531206,800,2.4,8.0,,"Ormonde Street, Kilkenny, R95 A0FR",https://ormondestreetcarpark.com/charges/,EUR
Ireland,Kilkenny,MC01,Market Cross Shopping Centre Car Park,Market Cross Shopping Centre,52.6524154,-7.2548811,500,2.0,,,"High Street / James's Street, Kilkenny, R95 V32A",https://marketcross.ie/parking/,EUR
Belgium,Antwerpen,QP01,Steendok,Q-Park,51.2078238,4.3865608,902,3.35,24.5,True,"Waalsekaai 69 A, 2000 Antwerpen",https://www.q-park.be/nl-be/parkeren/antwerpen/steendok/,EUR
Belgium,Antwerpen,QP02,Astridplein,Q-Park,51.218335,4.421005,392,4.6,30.5,True,"Koningin Astridplein 41, 2018 Antwerpen",https://www.q-park.be/nl-be/parkeren/antwerpen/astridplein/,EUR
Belgium,Antwerpen,QP03,Kooldok,Q-Park,51.2115899,4.3912148,1094,3.35,24.5,True,"Waalsekaai 1 A, 2000 Antwerpen",https://www.q-park.be/nl-be/parkeren/antwerpen/kooldok/,EUR
Belgium,Antwerpen,QP04,Godefriduskaai,Q-Park,51.227682,4.409467,445,5.0,29.0,True,"Zeevaartstraat 11, 2000 Antwerpen",https://www.q-park.be/nl-be/parkeren/antwerpen/godefriduskaai/,EUR
Belgium,Antwerpen,QP05,Handelsbeurs,Q-Park,51.219617,4.405334,282,5.4,32.0,True,"Sint Katelijnevest 55, 2000 Antwerpen",https://www.q-park.be/nl-be/parkeren/antwerpen/handelsbeurs/,EUR
Belgium,Antwerpen,QP06,Shopping Meir,Q-Park,51.219127,4.40735,137,4.6,30.5,True,"Korte Klarenstraat 10, 2000 Antwerpen",https://www.q-park.be/nl-be/parkeren/antwerpen/shopping-meir/,EUR
Belgium,Antwerpen,QP07,Berchem Station,Q-Park,51.201594,4.434688,451,4.2,32.5,True,"Burgemeester E. Ryckaertsplein 2, 2600 Antwerpen",https://www.q-park.be/nl-be/parkeren/antwerpen/berchem-station/,EUR
Belgium,Antwerpen,QP08,Century Center,Q-Park,51.216407,4.419269,168,4.2,24.0,True,"Vestingstraat 45, 2000 Antwerpen",https://www.q-park.be/nl-be/parkeren/antwerpen/century-center/,EUR
Belgium,Antwerpen,QP09,Emerald,Q-Park,51.215812,4.41723,24,,,,"Lange Herentalsestraat 20, 2018 Antwerpen",https://www.q-park.be/nl-be/parkeren/antwerpen/emerald/,EUR
Belgium,Antwerpen,QP10,Infiniti,Q-Park,51.197694,4.432657,240,,,,"Posthofbrug 24, 2600 Antwerpen",https://www.q-park.be/nl-be/parkeren/antwerpen/inf%C3%ADniti/,EUR
Belgium,Antwerpen,QP11,Keyserlei,Q-Park,51.215759,4.416092,91,4.6,31.5,,"Quellinstraat 39, 2018 Antwerpen",https://www.q-park.be/nl-be/parkeren/antwerpen/keyserlei/,EUR
Belgium,Antwerpen,QP12,Kievit,Q-Park,51.211859,4.425328,48,3.9,29.5,,"Somersstraat 21, 2018 Antwerpen",https://www.q-park.be/nl-be/parkeren/antwerpen/kievit/,EUR
Belgium,Antwerpen,QP13,Middelheim,Q-Park,51.183631,4.422677,942,1.9,9.5,,"Lindendreef 1, 2020 Antwerpen",https://www.q-park.be/nl-be/parkeren/antwerpen/middelheim/,EUR
Belgium,Antwerpen,QP14,Centrum Antwerpen,Q-Park,51.217629,4.401423,222,4.8,30.5,True,"Lombardenvest, 2000 Antwerpen",https://www.q-park.be/nl-be/parkeren/antwerpen/centrum-antwerpen/,EUR
Belgium,Antwerpen,QP15,'t Stad,Q-Park,51.219211,4.410446,124,4.6,30.5,True,"Eikenstraat 9, 2000 Antwerpen",https://www.q-park.be/nl-be/parkeren/antwerpen/t-stad/,EUR
Belgium,Antwerpen,QP16,Zoo,Q-Park,51.219559,4.422481,62,3.85,28.0,,"Lange Winkelhaakstraat 33, 2060 Antwerpen",https://www.q-park.be/nl-be/parkeren/antwerpen/zoo/,EUR
Belgium,Antwerpen,IP01,Arenberg,Interparking,51.21522,4.408961,385,3.6,26.8,True,"Oudevaartplaats 2-4, 2000 Antwerpen",https://www.interparking.be/en/parkings/antwerp/arenberg/,EUR
Belgium,Antwerpen,IP02,Breidel,Interparking,51.21863,4.419506,281,3.7,25.0,,"Breydelstraat 15-17, 2018 Antwerpen",https://www.interparking.be/en/parkings/antwerp/breidel/,EUR
Belgium,Antwerpen,IP03,Centraal,Interparking,51.213054,4.422963,1224,3.6,28.0,True,"Van Immerseelstraat 2, 2018 Antwerpen",https://www.interparking.be/en/parkings/antwerp/centraal/,EUR
Belgium,Antwerpen,IP04,De Keyser,Interparking,51.218672,4.417298,223,3.6,28.0,True,"Van Ertbornstraat 13, 2060 Antwerpen",https://www.interparking.be/en/parkings/antwerp/de-keyser/,EUR
Belgium,Antwerpen,IP05,Hopland,Interparking,51.216562,4.412234,222,3.6,28.0,True,"Hopland 38-40, 2000 Antwerpen",https://www.interparking.be/en/parkings/antwerp/hopland/,EUR
Belgium,Antwerpen,IP06,Horta,Interparking,51.216589,4.411225,288,3.2,16.0,True,"Hopland 24, 2000 Antwerpen",https://www.interparking.be/en/parkings/antwerp/horta/,EUR
Belgium,Antwerpen,IP07,Lombardia,Interparking,51.217718,4.401977,124,4.0,28.0,True,"Lombardenvest 11, 2000 Antwerpen",https://www.interparking.be/en/parkings/antwerp/lombardia/,EUR
Belgium,Antwerpen,IP08,Meir,Interparking,51.219115,4.404445,501,4.0,28.0,,"Eiermarkt 33-35, 2000 Antwerpen",https://www.interparking.be/en/parkings/antwerp/meir/,EUR
Belgium,Antwerpen,IP09,Meir-Opera,Interparking,51.22006,4.414583,202,3.2,22.0,True,"Sint-Jacobsmarkt 81-83, 2000 Antwerpen",https://www.interparking.be/en/parkings/antwerp/meir-opera/,EUR
Belgium,Antwerpen,IP10,Oudaen,Interparking,51.216064,4.40378,365,4.8,40.0,True,"Oudaan 3, 2000 Antwerpen",https://www.interparking.be/en/parkings/antwerp/oudaen/,EUR
Belgium,Antwerpen,IP11,Roosevelt,Interparking,51.219451,4.417673,379,3.6,28.0,,"F. Rooseveltplaats 12, 2060 Antwerpen",https://www.interparking.be/en/parkings/antwerp/roosevelt/,EUR
Belgium,Antwerpen,IP12,Slachthuissite,Interparking,51.22873,4.43493,120,1.2,20.0,,"Lange Lobroekstraat 120, 2060 Antwerpen",https://www.interparking.be/en/parkings/antwerp/slachthuissite/,EUR
Belgium,Antwerpen,IP13,Stadsschouwburg,Interparking,51.215688,4.410517,270,3.6,25.0,True,"Meistraat 4, 2000 Antwerpen",https://www.interparking.be/en/parkings/antwerp/stadsschouwburg/,EUR
Belgium,Antwerpen,IP14,Vesting,Interparking,51.216639,4.418748,213,4.0,28.0,,"Vestingstraat 30, 2018 Antwerpen",https://www.interparking.be/en/parkings/antwerp/vesting/,EUR
Belgium,Antwerpen,IN01,Groenplaats,Indigo Neo,51.21874,4.401197,,3.7,,True,"Groenplaats 46, 2000 Antwerpen",https://www.indigoneo.be/nl/parkings/12803/parking-groenplaats,EUR
Belgium,Antwerpen,IN02,Inno Antwerpen,Indigo Neo,51.216802,4.411412,,3.0,,True,"Hopland 45, 2000 Antwerpen",https://www.indigoneo.be/nl/parkings/18753/parking-inno-antwerpen,EUR
Belgium,Antwerpen,IN03,Leopold,Indigo Neo,51.21392,4.40797,,2.7,,True,"Henri van Heurckstraat 9, 2000 Antwerpen",https://www.indigoneo.be/nl/parkings/12804/parking-leopold,EUR
Belgium,Antwerpen,IN04,Zuiderplein,Indigo Neo,51.204472,4.382511,,3.0,,True,"Michel de Braeystraat 55, 2000 Antwerpen",https://www.indigoneo.be/nl/parkings/13457/parking-zuiderplein,EUR
Belgium,Antwerpen,IN05,Station-Zoo,Indigo Neo,51.2201,4.421694,,3.0,,,"Van Schoonhovenstraat 25, 2060 Antwerpen",https://www.indigoneo.be/nl/parkings/16356/parking-zoo,EUR
Belgium,Antwerpen,IN06,Opera,Indigo Neo,51.217101,4.414901,,3.3,,True,"Frankrijklei 31, 2018 Antwerpen",https://www.indigoneo.be/nl/parkings/18153/parking-opera,EUR
Belgium,Antwerpen,IN07,Nationale Bank,Indigo Neo,51.21018,4.407016,,3.2,,True,"Britselei 9, 2000 Antwerpen",https://www.indigoneo.be/nl/parkings/11954/parking-nationale-bank,EUR
Belgium,Antwerpen,IN08,Sint-Jansplein,Indigo Neo,51.226266,4.418279,,2.9,,True,"Sint-Jansplein 1, 2060 Antwerpen",https://www.indigoneo.be/nl/parkings/29467/parking-sint-jansplein,EUR
Belgium,Antwerpen,IN09,'t Zuid Zillion,Indigo Neo,51.206185,4.386594,,3.25,,True,"Vlaamsekaai 92, 2000 Antwerpen",https://www.indigoneo.be/nl/parkings/29468/parking-t-zuid-zillion,EUR
Belgium,Antwerpen,IN10,Hangar 26,Indigo Neo,51.229272,4.401386,,2.8,,,"Rijnkaai 94, 2000 Antwerpen",https://www.indigoneo.be/nl/parkings/26915/parking-hangar-26,EUR
Belgium,Antwerpen,IN11,Grote Markt,Indigo Neo,51.222101,4.398079,,4.5,,True,"Ernest Van Dijckkaai 3, 2000 Antwerpen",https://www.indigoneo.be/nl/parkings/31815/parking-grote-markt-antwerpen,EUR
Belgium,Antwerpen,EF01,Brabo,Effia,51.21875,4.40027,476,3.4,24.5,True,"Kammenstraat 2, 2000 Antwerpen",https://www.effia.be/parking/parking-brabo/zoeken?id=51734335-4a5e-4dd2-bf56-c33fcc2e2483/parking-brabo,EUR
Belgium,Antwerpen,EF02,Diamant,Effia,51.21654,4.41725,660,3.2,22.0,,"Appelmansstraat 35-38, 2018 Antwerpen",https://www.effia.be/parking/parking-diamant/zoeken?id=6bd5a033-668a-44f6-8ce2-fe67d0b40fad/parking-diamant,EUR
Belgium,Antwerpen,EF03,Stuivenberg,Effia,51.2223097,4.4376204,455,2.6,12.0,,"Somméstraat 12A, 2060 Antwerpen",https://www.effia.be/parking/parking-stuivenberg/zoeken?id=711d377e-1701-462a-a4ad-1dadf92b0dad/parking-stuivenberg,EUR
Belgium,Antwerpen,EF04,Antwerp Shopping,Effia,51.2202931,4.4151128,120,3.3,22.7,,"Molenbergstraat 9, 2000 Antwerpen",https://www.effia.be/parking/parking-antwerp-shopping/zoeken?id=e2372f55-9594-4e11-a9cf-261e28981cd5/parking-antwerp-shopping,EUR
Belgium,Antwerpen,EF05,Cammerpoorte,Effia,51.2167221,4.3991573,152,3.6,26.0,,"Nationalestraat 38-40, 2000 Antwerpen",https://www.effia.be/parking/parking-cammerpoorte/zoeken?id=f4b70913-df24-494e-906b-fa51a632c9cf/parking-cammerpoorte,EUR
Belgium,Brussel,QP01,Dansaert,Q-Park,50.851114,4.345504,204,,30.0,True,"Nieuwe Graanmarkt 2, 1000 Brussel",https://www.q-park.be/nl-be/parkeren/brussel/dansaert/,EUR
Belgium,Brussel,QP02,Lepage,Q-Park,50.851953,4.345204,691,,30.0,True,"Leon Lepagestraat, 1000 Brussel",https://www.q-park.be/nl-be/parkeren/brussel/lepage/,EUR
Belgium,Brussel,QP03,Brussel Centrum,Q-Park,50.853017,4.357954,517,,24.0,True,"Dambordstraat 26, 1000 Brussel",https://www.q-park.be/nl-be/parkeren/brussel/centrum/,EUR
Belgium,Brussel,QP04,Pacheco,Q-Park,50.851493,4.362608,339,2.5,19.0,,"Pachecolaan 7, 1000 Brussel",https://www.q-park.be/nl-be/parkeren/brussel/pacheco/,EUR
Belgium,Brussel,QP05,Zuidstation,Q-Park,50.837562,4.335656,1597,5.5,45.0,True,"Frankrijkstraat 40, 1060 Brussel",https://www.q-park.be/nl-be/parkeren/brussel/bru---zuid/midi/,EUR
Belgium,Brussel,QP06,Louise,Q-Park,50.835196,4.357641,107,3.2,22.0,,"Kapitein Crespelstraat 27, 1050 Brussel",https://www.q-park.be/nl-be/parkeren/brussel/louise/,EUR
Belgium,Brussel,QP07,Bascule,Q-Park,50.815829,4.366799,451,3.15,22.0,,"Waterloosesteenweg 715, 1180 Brussel",https://www.q-park.be/nl-be/parkeren/brussel/bascule/,EUR
Belgium,Brussel,QP08,Esplanade | Hippocrate,Q-Park,50.852727,4.455429,865,1.9,,,"Hippocrateslaan 11, 1200 Brussel",https://www.q-park.be/nl-be/parkeren/brussel/esplanade---hippocrate/,EUR
Belgium,Brussel,IP01,2 Portes,Interparking,50.83852,4.360681,915,4.0,30.0,True,"Boulevard de Waterloo 2a, 1000 Brussels",https://www.interparking.be/en/parkings/brussels/2-portes/,EUR
Belgium,Brussel,IP02,Albertine-Square,Interparking,50.84354,4.35493,698,4.0,30.0,True,"Place de la Justice 16, 1000 Brussels",https://www.interparking.be/en/parkings/brussels/albertine-square/,EUR
Belgium,Brussel,IP03,Alhambra,Interparking,50.85245,4.35319,192,3.6,30.0,,"Boulevard Emile Jacqmain 14, 1000 Brussels",https://www.interparking.be/en/parkings/brussels/alhambra/,EUR
Belgium,Brussel,IP04,Bordet - Erasme,Interparking,50.813148,4.262822,876,2.8,18.0,True,"Rue Meylemeersch, 1070 Brussels",https://www.interparking.be/en/parkings/brussels/bordet/,EUR
Belgium,Brussel,IP05,Botanique - Saint-Jean,Interparking,50.8549,4.36,328,3.6,30.0,True,"Boulevard du Jardin Botanique 29-31, 1000 Brussels",https://www.interparking.be/en/parkings/brussels/botanique-saint-jean/,EUR
Belgium,Brussel,IP06,Brabant Gare du Nord,Interparking,50.861506,4.362955,158,3.6,20.0,True,"Rue de Quatrecht 38, 1030 Brussels",https://www.interparking.be/en/parkings/brussels/brabantgaredunord/,EUR
Belgium,Brussel,IP07,Brucity,Interparking,50.850813,4.350604,451,4.0,30.0,True,"Rue de l'Eveque 1, 1000 Brussels",https://www.interparking.be/en/parkings/brussels/brucity/,EUR
Belgium,Brussel,IP08,Chazal-Dailly,Interparking,50.853244,4.388165,39,2.0,12.0,,"Avenue Chazal 14, 1030 Brussels",https://www.interparking.be/en/parkings/brussels/chazal/,EUR
Belgium,Brussel,IP09,City 2,Interparking,50.8538,4.3588,381,3.6,30.0,True,"Rue des Cendres 8, 1000 Brussels",https://www.interparking.be/en/parkings/brussels/city-2/,EUR
Belgium,Brussel,IP10,De Brouckere,Interparking,50.850929,4.352201,449,4.0,30.0,True,"Rue des Augustins 14-16, 1000 Brussels",https://www.interparking.be/en/parkings/brussels/debrouckere/,EUR
Belgium,Brussel,IP11,Ecuyer,Interparking,50.84926,4.353379,482,3.6,25.0,True,"Rue de l'Ecuyer 11-17, 1000 Brussels",https://www.interparking.be/en/parkings/brussels/ecuyer/,EUR
Belgium,Brussel,IP12,Entre Deux Portes,Interparking,50.83711,4.358315,156,3.6,30.0,True,"Avenue de la Toison d'Or 28, 1000 Brussels",https://www.interparking.be/en/parkings/brussels/entredeuxportes/,EUR
Belgium,Brussel,IP13,Grand Place,Interparking,50.846874,4.356525,913,4.0,30.0,True,"Rue du Marche aux Herbes 104, 1000 Brussels",https://www.interparking.be/en/parkings/brussels/grand-place/,EUR
Belgium,Brussel,IP14,Industrie,Interparking,50.843,4.3698,311,3.6,30.0,True,"Rue de l'Industrie 26-38, 1000 Brussels",https://www.interparking.be/en/parkings/brussels/industrie/,EUR
Belgium,Brussel,IP15,Loi,Interparking,50.8454,4.3695,780,3.1,25.1,True,"Rue de la Loi 19, 1040 Brussels",https://www.interparking.be/en/parkings/brussels/loi/,EUR
Belgium,Brussel,IP16,Monnaie,Interparking,50.85046,4.35391,593,3.6,30.0,True,"Place de la Monnaie 25, 1000 Brussels",https://www.interparking.be/en/parkings/brussels/monnaie/,EUR
Belgium,Brussel,IP17,Passage 44,Interparking,50.8525,4.3614,501,2.8,15.0,True,"Rue de l'Ommegang 16, 1000 Brussels",https://www.interparking.be/en/parkings/brussels/passage-44/,EUR
Belgium,Brussel,IP18,Porte de Hal - Parvis,Interparking,50.83338,4.349859,520,3.6,30.0,True,"Boulevard de Waterloo 103a, 1000 Brussels",https://www.interparking.be/en/parkings/brussels/porte-de-hal/,EUR
Belgium,Brussel,IP19,Rogier,Interparking,50.855291,4.359165,509,3.6,30.0,True,"Place Charles Rogier, 1000 Brussels",https://www.interparking.be/en/parkings/brussels/rogier/,EUR
Belgium,Brussel,IP20,Sablon-Poelaert,Interparking,50.83794,4.35284,499,4.0,27.0,True,"Place Poelaert, 1000 Brussels",https://www.interparking.be/en/parkings/brussels/sablon-poelaert/,EUR
Belgium,Brussel,IP21,Stephanie-Louise (Wiltchers),Interparking,50.832,4.3585,590,4.0,30.0,True,"Avenue Louise 83a, 1060 Brussels",https://www.interparking.be/en/parkings/brussels/stephanie-louise/,EUR
Belgium,Brussel,IP22,Stockel Square,Interparking,50.8411131,4.4643993,400,2.0,12.5,True,"Rue de l'Eglise 96a, 1150 Brussels",https://www.interparking.be/en/parkings/brussels/stockel-square/,EUR
Belgium,Brussel,IP23,Toison d'Or,Interparking,50.83715,4.35886,337,2.8,15.0,True,"Avenue de la Toison d'Or 20, 1000 Brussels",https://www.interparking.be/en/parkings/brussels/toison-d-or/,EUR
Belgium,Brussel,IP24,Westland Shopping Center,Interparking,50.837669,4.288978,2240,2.0,14.4,True,"Boulevard Sylvain Dupuis 433, 1070 Brussels",https://www.interparking.be/en/parkings/brussels/westlandshoppingcenter/,EUR
Belgium,Brussel,IP25,Woluwe Shopping Center,Interparking,50.8469643,4.4387687,1885,1.7,14.4,True,"Boulevard de la Woluwe 70, 1200 Brussels",https://www.interparking.be/en/parkings/brussels/woluwe-shopping-center/,EUR
Belgium,Brussel,IP26,ZIN,Interparking,50.861682,4.356204,349,3.6,27.0,True,"Antwerpsesteenweg 59, 1000 Brussels",https://www.interparking.be/en/parkings/brussels/zin/,EUR
Belgium,Brussel,IN01,Royal,Indigo,50.849052,4.362625,,3.6,28.0,True,"Rue de Ligne 27, 1000 Brussels",https://www.indigoneo.be/en/parkings/14563/parking-royal,EUR
Belgium,Brussel,IN02,Spectrum,Indigo,50.849718,4.368189,,3.6,28.0,,"Pt Rue de N 6, 1000 Brussels",https://www.indigoneo.be/en/parkings/20816/parking-spectrum,EUR
Belgium,Brussel,IN03,Up-site,Indigo,50.86316,4.35227,,3.6,28.0,True,"Willebroekkaai 35, 1000 Brussels",https://www.indigoneo.be/en/parkings/14915/parking-up-site,EUR
Belgium,Brussel,IN04,Thon,Indigo,50.84354,4.37545,,3.6,45.0,,"Rue de Treves 120, 1040 Brussels",https://www.indigoneo.be/en/parkings/11453/parking-thon,EUR
Belgium,Brussel,IN05,Gare du Midi 2,Indigo,50.835677,4.331091,,3.8,30.0,True,"Rue Bara 101, 1070 Brussels",https://www.indigoneo.be/en/parkings/14512/parking-gare-du-midi-2,EUR
Belgium,Brussel,IN06,Flagey,Indigo,50.828318,4.372615,,3.8,23.0,True,"Place Eugene Flagey, 1050 Brussels",https://www.indigoneo.be/en/parkings/11403/parking-flagey,EUR
Belgium,Brussel,PB01,Ceria-Coovi,parking.brussels,50.8159279,4.2700201,1263,1.0,15.0,True,"Boulevard Josse Leemans 110, 1070 Anderlecht",https://www.parking.brussels/en/park-your-car/parkride,EUR
Belgium,Brussel,PB02,Crainhem-Kraainem,parking.brussels,50.8491789,4.4583358,193,,,,"Avenue de Wezembeek, 1200 Woluwe-Saint-Lambert",https://www.parking.brussels/en/park-your-car/parkride,EUR
Belgium,Brussel,PB03,Lennik,parking.brussels,50.8157472,4.2647148,675,1.5,6.0,True,"Route de Lennik, 1070 Anderlecht",https://www.parking.brussels/en/park-your-car/parkride,EUR
Belgium,Brussel,PB04,Heysel-Heizel,parking.brussels,50.8973863,4.3329343,100,,,,"Avenue Imperatrice Charlotte, 1020 Bruxelles",https://www.parking.brussels/en/park-your-car/parkride,EUR
Belgium,Brussel,PB05,UZ Brussel,parking.brussels,50.8895867,4.3068339,20,,,,"Avenue de l'Arbre Ballon 253, 1090 Jette",https://www.parking.brussels/en/park-your-car/parkride,EUR
Belgium,Brussel,PB06,Stalle,parking.brussels,50.7952335,4.3156456,380,0.0,0.0,,"Rue de Stalle, 1180 Uccle",https://www.parking.brussels/en/park-your-car/parkride,EUR
Belgium,Brussel,PB07,Herrmann-Debroux,parking.brussels,50.8126752,4.4258026,103,0.0,0.0,,"Avenue Herrmann-Debroux, 1160 Auderghem",https://www.parking.brussels/en/park-your-car/parkride,EUR
Belgium,Brussel,PB08,Delta,parking.brussels,50.8172824,4.3872557,385,0.0,0.0,,"Rue Jules Cockx 224, 1160 Auderghem",https://www.parking.brussels/en/park-your-car/parkride,EUR
Belgium,Brussel,PB09,Roodebeek,parking.brussels,50.8487499,4.4305292,150,0.0,0.0,,"Chaussee de Roodebeek, 1200 Woluwe-Saint-Lambert",https://www.parking.brussels/en/park-your-car/parkride,EUR
Belgium,Hasselt,QP01,Luikerpoort,Q-Park,50.926985,5.337723,224,3.5,21.0,True,"Welvaartstraat 21, 3500 Hasselt",https://www.q-park.be/nl-be/parkeren/hasselt/luikerpoort/,EUR
Belgium,Hasselt,QP02,Molenpoort,Q-Park,50.933424,5.33767,395,,21.0,True,"Kattegatstraat, 3500 Hasselt",https://www.q-park.be/nl-be/parkeren/hasselt/molenpoort/,EUR
Belgium,Hasselt,QP03,Dusart,Q-Park,50.931642,5.343845,809,,21.0,True,"Boudewijnlaan, 3500 Hasselt",https://www.q-park.be/nl-be/parkeren/hasselt/dusart/,EUR
Belgium,Hasselt,QP04,TT (Twee Torens),Q-Park,50.928309,5.339728,510,,21.0,True,"Capucienenstraat 17, 3500 Hasselt",https://www.q-park.be/nl-be/parkeren/hasselt/tt/,EUR
Belgium,Hasselt,SH01,Blauwe Boulevard,Stad Hasselt,50.937348,5.335694,1842,1.5,10.0,True,"Gelatineboulevard, 3500 Hasselt",https://www.hasselt.be/nl/parking-blauwe-boulevard,EUR
Belgium,Hasselt,SH02,Astrid,Stad Hasselt,50.932787,5.330011,104,2.0,15.0,,"Koningin Astridlaan 67, 3500 Hasselt",https://www.hasselt.be/nl/parking-p-astrid,EUR
Belgium,Hasselt,SH03,Cultuurcentrum,Stad Hasselt,50.925976,5.347851,200,2.0,15.0,,"Kunstlaan 5, 3500 Hasselt",https://www.hasselt.be/nl/parking-cultuurcentrum,EUR
Belgium,Hasselt,SH04,Dusartplein (bovengronds),Stad Hasselt,50.932231,5.343854,160,2.0,15.0,,"Kolonel Dusartplein, 3500 Hasselt",https://www.hasselt.be/nl/parking-p-dusartplein-bovengronds,EUR
Belgium,Hasselt,SH05,Truierbrug-Noord,Stad Hasselt,50.926343,5.335005,70,2.0,15.0,,"Sint-Truidersteenweg, 3500 Hasselt",https://www.hasselt.be/nl/parking-p-truierbrug-noord,EUR
Belgium,Hasselt,SH06,Truierbrug-Zuid,Stad Hasselt,50.925543,5.333763,150,2.0,15.0,,"Sint-Truidersteenweg, 3500 Hasselt",https://www.hasselt.be/nl/parking-p-truierbrug-zuid,EUR
Belgium,Hasselt,NM01,Station P1,NMBS,50.932577,5.326711,570,,,True,"Grote Breemstraat, 3500 Hasselt",https://www.belgiantrain.be/nl/station-information/car-or-bike-at-station/b-parking/my-b-parking/hasselt,EUR
Belgium,Tongeren-Borgloon,QP01,Centrum Tongeren,Q-Park,50.78301,5.462765,245,2.3,14.5,True,"Sint-Maternuswal 18, 3700 Tongeren",https://www.q-park.be/nl-be/parkeren/tongeren-borgloon/centrum-tongeren/,EUR
Belgium,Tongeren-Borgloon,QP02,Grote Markt,Q-Park,50.779613,5.461906,124,2.3,14.5,True,"Hondsstraat, 3700 Tongeren",https://www.q-park.be/nl-be/parkeren/tongeren-borgloon/grote-markt/,EUR
Belgium,Tongeren-Borgloon,QP03,Julianus,Q-Park,50.781835,5.470094,230,2.3,14.5,True,"Clarissenstraat 41, 3700 Tongeren",https://www.q-park.be/nl-be/parkeren/tongeren-borgloon/julianus/,EUR
Belgium,Genk,QP01,Stadsplein,Q-Park,50.966355,5.493882,602,1.8,16.0,True,"Europalaan, 3600 Genk",https://www.q-park.be/nl-be/parkeren/genk/stadsplein/,EUR
Belgium,Genk,QP02,St-Martinus,Q-Park,50.964514,5.500657,207,1.8,16.0,True,"Stationstraat 2, 3600 Genk","https://www.q-park.be/nl-be/parkeren/genk/genk---st,-d-,-martinus/",EUR
Belgium,Genk,SG01,Portavida (P1),Stad Genk,50.972086,5.515593,565,1.0,5.0,,"Weg Naar As 50, 3600 Genk",https://www.genk.be/parking-portavida,EUR
Belgium,Genk,SG02,Toermalien (P2),Stad Genk,50.967531,5.512325,185,1.0,5.0,,"Welzijnscampus 15, 3600 Genk",https://www.genk.be/parking-toermalien,EUR
Belgium,Genk,SG03,De Villardel,Stad Genk,50.963146,5.504213,184,,,,"Burgemeester Gerard Bijnenslaan, 3600 Genk",https://www.genk.be/parking-de-villardel,EUR
Belgium,Genk,EF01,Shopping 1,Effia,50.964962,5.504626,1250,1.8,20.0,True,"Rootenstraat 8, 3600 Genk",https://shopping1.be/nl/services/90-minuten-gratis-parking,EUR
Belgium,Leuven,QP01,Heilig Hart,Q-Park,50.872502,4.700056,285,2.95,25.0,True,"Naamsestraat 102, 3000 Leuven",https://www.q-park.be/nl-be/parkeren/leuven/heilig-hart/,EUR
Belgium,Leuven,QP02,Leuven Centrum (Inno),Q-Park,50.881027,4.704611,39,4.4,36.5,,"Vital Decosterstraat 37, 3000 Leuven",https://www.q-park.be/nl-be/parkeren/leuven/centrum-leuven/,EUR
Belgium,Leuven,IND01,Minckelersparking,Indigo,50.883522,4.706765,750,2.3,16.0,,"J.P. Minckelersstraat 94, 3000 Leuven",https://www.leuven.be/parkings/nl/wagens/minckelersparking,EUR
Belgium,Leuven,IND02,Parking Diestsestraat,Indigo,50.88198,4.707424,249,2.8,22.4,True,"J.P. Minckelersstraat 35, 3000 Leuven",https://www.leuven.be/parkings/nl/wagens/parking-diestsestraat,EUR
Belgium,Leuven,OPC01,Parking De Bond,Optimal Parking Control,50.881321,4.714947,385,2.7,22.0,True,"Martelarenplein 18, 3000 Leuven",https://www.leuven.be/parkings/nl/wagens/parking-de-bond,EUR
Belgium,Leuven,OPC02,Parking Vaartkom,Optimal Parking Control,50.887913,4.705467,1000,2.0,10.0,True,"Engels Plein 32, 3000 Leuven",https://www.leuven.be/parkings/nl/wagens/parking-vaartkom,EUR
Belgium,Leuven,EFF01,Parking Ladeuze,Effia,50.878236,4.707022,750,,23.6,,"Mgr. Ladeuzeplein 20, 3000 Leuven",https://www.leuven.be/parkings/nl/wagens/parking-ladeuze,EUR
Belgium,Leuven,BPK01,P1 Parking Station,B-Parking,50.88028,4.718381,700,,27.5,True,"Spoordijk, 3010 Leuven",https://www.leuven.be/parkings/nl/wagens/p1-parking-station,EUR
Belgium,Leuven,ALF01,Parking Kinepolis,Alfapark,50.881329,4.711858,230,2.6,20.8,True,"Bondgenotenlaan 145, 3000 Leuven",https://www.leuven.be/parkings/nl/wagens/parking-kinepolis,EUR
Belgium,Leuven,VIR01,Parking Philipssite,Virix,50.867896,4.712321,1150,,,True,"Philipssite 2, 3001 Leuven",https://www.leuven.be/parkings/nl/wagens/parking-philipssite,EUR
Belgium,Leuven,TWW01,Parking Tweewaters,Parking Tweewaters,50.884681,4.705076,247,2.1,18.0,True,"Vaartkom 32, 3000 Leuven",https://www.leuven.be/parkings/nl/wagens/parking-tweewaters,EUR
Belgium,Mechelen,QP01,Bruul,Q-Park,51.02077,4.483608,350,2.6,18.5,,"Hendrik Speecqvest 1000, 2800 Mechelen",https://www.q-park.be/nl-be/parkeren/mechelen/bruul/,EUR
Belgium,Mechelen,QP02,Lamot,Q-Park,51.025461,4.477409,227,,28.0,,"Guldenstraat 18, 2800 Mechelen",https://www.q-park.be/nl-be/parkeren/mechelen/lamot/,EUR
Belgium,Mechelen,IN01,Grote Markt,Indigo Neo,51.02817,4.47939,155,3.4,,True,"Grote Markt 39, 2800 Mechelen",https://www.indigoneo.be/nl/parkings/2352/parking-grote-markt-mechelen,EUR
Belgium,Mechelen,IN02,Veemarkt,Indigo Neo,51.02896,4.48513,129,2.9,,True,"Veemarkt 19, 2800 Mechelen",https://www.indigoneo.be/nl/parkings/2353/parking-veemarkt,EUR
Belgium,Mechelen,IN03,Tinel,Indigo Neo,51.03326,4.48315,124,2.1,,True,"Edgard Tinellaan 5, 2800 Mechelen",https://www.indigoneo.be/nl/parkings/9101/parking-tinel,EUR
Belgium,Mechelen,IN04,Hoogstraat,Indigo Neo,51.023284,4.474822,170,2.9,,True,"Ganzendries 21, 2800 Mechelen",https://www.indigoneo.be/nl/parkings/2355/parking-hoogstraat,EUR
Belgium,Mechelen,IN05,Kathedraal,Indigo Neo,51.02951,4.47794,130,3.4,,True,"Sint-Romboutskerkhof 6, 2800 Mechelen",https://www.indigoneo.be/nl/parkings/2354/parking-kathedraal,EUR
Belgium,Mechelen,IN06,Keerdok,Indigo Neo,51.034555,4.470211,516,2.1,,True,"Antonia Wolversstraat 1, 2800 Mechelen",https://www.indigoneo.be/nl/parkings/24915/parking-mechelen-keerdok,EUR
Belgium,Mechelen,IN07,Komet,Indigo Neo,51.024305,4.470334,124,2.1,,True,"Koningin Astridlaan 134, 2800 Mechelen",https://www.indigoneo.be/nl/parkings/25665/parking-komet,EUR
Belgium,Mechelen,IN08,Maarten,Indigo Neo,51.020074,4.476836,189,2.1,,True,"Leopoldstraat 2, 2800 Mechelen",https://www.indigoneo.be/nl/parkings/25666/parking-maarten,EUR
Belgium,Mechelen,CM01,Zandpoortvest,City of Mechelen,51.0276125,4.4895704,622,2.1,12.5,True,"Zandpoortvest, 2800 Mechelen",https://www.mechelen.be/mobiliteit/parkeren/parkings/parking-zandpoortvest,EUR
Belgium,Mechelen,CM02,Douaneplein,City of Mechelen,51.0255038,4.4936745,150,0.0,,,"Douaneplein, 2800 Mechelen",https://www.mechelen.be/mobiliteit/parkeren/parkings/parking-douaneplein,EUR
Belgium,Mechelen,CM03,De Nekker,City of Mechelen,51.0252173,4.5041481,500,0.0,,,"Nekkerspoel-Borcht 19, 2800 Mechelen",https://www.mechelen.be/mobiliteit/parkeren/parkings/parking-de-nekker,EUR
Belgium,Charleroi,QP01,Tirou,Q-Park,50.408447,4.439019,484,2.15,12.5,True,"Boulevard Tirou 20, 6000 Charleroi",https://www.q-park.be/fr-be/villes/charleroi/tirou/,EUR
Belgium,Charleroi,QP02,Inno Centre Ville,Q-Park,50.40854,4.4437,288,2.15,12.5,,"Rue de Montigny 16, 6000 Charleroi",https://www.q-park.be/fr-be/villes/charleroi/inno-centre-ville/,EUR
Belgium,Charleroi,IN01,Rive Gauche,Indigo,50.408384,4.438737,1000,2.2,,True,"Boulevard Joseph Tirou 22, 6000 Charleroi",https://www.indigoneo.be/fr/parkings/16964/parking-rive-gauche,EUR
Belgium,Charleroi,RC01,Parking de la Digue,RCA Charleroi,50.409932,4.43706,270,2.1,16.8,True,"Rue du Grand Central 35, 6000 Charleroi",https://www.parkingmalin.be/,EUR
Belgium,Charleroi,RC02,Parking Campus,RCA Charleroi,50.417408,4.449697,200,1.0,10.0,True,"Boulevard Gustave Roullier, 6000 Charleroi",https://www.parkingmalin.be/,EUR
Belgium,Charleroi,RC03,Parking Zoé Drion,RCA Charleroi,50.414606,4.453733,670,1.9,14.0,,"Boulevard Zoé Drion 19, 6000 Charleroi",https://www.parkingmalin.be/,EUR
Belgium,Charleroi,RC04,Parking Caserne Trésignies,RCA Charleroi,50.411086,4.450944,60,2.0,16.0,True,"Avenue du Général Michel 3, 6000 Charleroi",https://www.parkingmalin.be/,EUR
Belgium,Braine-l'Alleud,QP01,Geve,Q-Park,50.713054,4.379182,65,1.2,12.0,,"Rue Fortemps, 1420 Braine-l'Alleud",https://www.q-park.be/fr-be/villes/braine-l'alleud/braine-l'alleud---geve/,EUR
Belgium,Braine-l'Alleud,BP01,Gare Braine-l'Alleud P1 (Croix du Feu),B-Parking,50.681454,4.374509,422,,17.0,True,"Rue des Croix du Feu, 1420 Braine-l'Alleud",https://www.belgiantrain.be/fr/station-information/car-or-bike-at-station/b-parking/my-b-parking/braine-alleud,EUR
Belgium,Braine-l'Alleud,BP02,Gare Braine-l'Alleud P2 (Pont Courbe),B-Parking,50.686313,4.376587,490,,17.0,,"Pont Courbe, 1420 Braine-l'Alleud",https://www.belgiantrain.be/fr/station-information/car-or-bike-at-station/b-parking/my-b-parking/braine-alleud,EUR
Belgium,Doornik,QP01,Fort Rouge (Centre-Ville),Q-Park,50.607255,3.384479,114,,10.0,,"Rue Perdue 8, 7500 Tournai",https://www.q-park.be/fr-be/villes/tournai/fort-rouge---centre-ville/,EUR
Belgium,Doornik,BPK01,Gare de Tournai - P2,B-Parking,50.612771,3.396828,264,,8.76,,"Boulevard Eisenhower, 7500 Tournai",https://www.belgiantrain.be/fr/station-information/car-or-bike-at-station/b-parking/my-b-parking/tournai,EUR
Belgium,Knokke-Heist,QP01,Duinenwater,Q-Park,51.3388541,3.2831589,412,1.8,18.0,True,"Duinenwater 28, 8300 Knokke-Heist",https://www.q-park.be/nl-be/parkeren/knokke-heist/duinenwater/,EUR
Belgium,Knokke-Heist,IP01,IJzerpark,Interparking,51.3523,3.2936,296,3.3,30.0,True,"Dumortierlaan 90A, 8300 Knokke-Heist",https://www.interparking.be/nl/parkeren/knokke-heist/ijzerpark/,EUR
Belgium,Knokke-Heist,IP02,Minigolf Zoute,Interparking,51.35508,3.30483,420,3.5,35.0,True,"Sparrendreef 103, 8300 Knokke-Heist",https://www.interparking.be/nl/parkeren/knokke-heist/minigolf/,EUR
Belgium,Knokke-Heist,OPC01,Parking Lippenslaan,Optimal Parking Control (OPC),51.3433278,3.289811,245,2.0,25.0,True,"Alfred Verweeplein 1, 8300 Knokke-Heist",https://parkeren.be/parkings/parking-lippenslaan/tarieven-en-abonnementen,EUR
Belgium,Knokke-Heist,AGSO01,Maes en Boereboomplein,AGSO Knokke-Heist,51.3371094,3.236769,125,1.8,12.0,True,"Marktstraat / Molenstraat, 8301 Knokke-Heist (Heist)",https://www.agsoknokke-heist.be/parkeren,EUR
Belgium,Oostende,QP01,Churchill,Q-Park,51.229257,2.924503,136,3.3,27.0,,"Natiënkaai 7, 8400 Oostende",https://www.q-park.be/nl-be/parkeren/oostende/churchill/,EUR
Belgium,Oostende,IND01,Zeeparking,Indigo Neo,51.228143,2.916943,450,5.0,,True,"Leopold II-laan / Hendrik Serruyslaan 30, 8400 Oostende",https://www.indigoneo.be/nl/parkings/18958/parking-zeeparking,EUR
Belgium,Oostende,IND02,Koninginnelaan,Indigo Neo,51.22529,2.90496,80,5.0,,True,"Koninginnelaan 65, 8400 Oostende",https://www.indigoneo.be/nl/parkings/12855/parking-koninginnelaan,EUR
Belgium,Oostende,IND03,Kursaal 1,Indigo Neo,51.23088,2.91319,251,,,,"Monaco-Plein 1, 8400 Oostende",https://www.indigoneo.be/nl/parkings/23777/parking-kursaal-1-oostende,EUR
Belgium,Oostende,IND04,Kursaal 2,Indigo Neo,51.23285,2.91491,140,5.0,,True,"Christinastraat 23f, 8400 Oostende",https://www.indigoneo.be/nl/parkings/12854/parking-kursaal-2,EUR
Belgium,Oostende,IND05,Mijnplein,Indigo Neo,51.232999,2.919106,127,,,True,"Kapucijnenstraat 1, 8400 Oostende",https://www.indigoneo.be/nl/parkings/18956/parking-mijnplein,EUR
Belgium,Oostende,IND06,Visserskaai,Indigo Neo,51.23044,2.92348,142,,,True,"Visserskaai 1, 8400 Oostende",https://www.indigoneo.be/nl/parkings/18957/parking-visserskaai,EUR
Belgium,Oostende,IND07,Zeedijk,Indigo Neo,51.234872,2.916935,244,3.0,,True,"Kapucijnenstraat 58, 8400 Oostende",https://www.indigoneo.be/nl/parkings/14565/parking-zeedijk,EUR
Belgium,Oostende,IND08,Sky,Indigo Neo,51.227293,2.923374,153,5.0,,True,"Leopold III-laan 6A, 8400 Oostende",https://www.indigoneo.be/nl/parkings/25816/parking-sky,EUR
Belgium,Oostende,CB01,Europacentrum,Citibee,51.232718,2.915209,200,4.0,27.5,True,"Christinastraat 18D, 8400 Oostende",https://www.citibee.be/citibeelocaties/citibee-oostende,EUR
Belgium,Oostende,BP01,Station-Zee,B-Parking (NMBS),51.219175,2.934804,920,,,,"Konterdamkaai, 8400 Oostende",https://www.oostende.be/producten/detail/604/parking-station-zee,EUR
Belgium,Oostende,KP01,Kinepolis,Kinepolis,51.223032,2.896899,,2.0,30.0,True,"Koningin Astridlaan 12, 8400 Oostende",https://www.oostende.be/parking-kinepolis,EUR
UK,London,QP01,Burlington,Q-Park,51.510612,-0.140875,311,12.5,67.5,,"Old Burlington Street, London, W1S 3AF",https://www.q-park.co.uk/en-gb/cities/london/burlington/,GBP
UK,London,QP02,Chinatown,Q-Park,51.512314,-0.129657,254,11.5,67.0,True,"Newport Place, London, WC2H 7PU",https://www.q-park.co.uk/en-gb/cities/london/chinatown/,GBP
UK,London,QP03,Covent Garden,Q-Park,51.510449,-0.126735,33,9.0,44.0,,"Bedfordbury, London, WC2N 4HX",https://www.q-park.co.uk/en-gb/cities/london/covent-garden/,GBP
UK,London,QP04,Gatwick,Q-Park,51.1424925,-0.2105948,3200,,,True,"Charlwood Road, London, RH11 0QB",https://www.q-park.co.uk/en-gb/cities/london/gatwick/,GBP
UK,London,QP05,Harley Street,Q-Park,51.517938,-0.1455005,214,11.5,67.0,True,"Queen Anne Mews, London, W1G 9HF",https://www.q-park.co.uk/en-gb/cities/london/harley-street/,GBP
UK,London,QP06,Heathrow,Q-Park,51.4797901,-0.4257516,2200,,,True,"Bath Road, London, TW6 2AL",https://www.q-park.co.uk/en-gb/cities/london/heathrow/,GBP
UK,London,QP07,Knightsbridge,Q-Park,51.499927,-0.156909,200,11.5,67.0,True,"Kinnerton Street, London, SW1X 8EA",https://www.q-park.co.uk/en-gb/cities/london/knightsbridge/,GBP
UK,London,QP08,Leicester Square,Q-Park,51.509606,-0.130967,247,11.5,67.0,True,"Whitcomb Street, London, WC2H 7DT",https://www.q-park.co.uk/en-gb/cities/london/leicester-square/,GBP
UK,London,QP09,Marble Arch,Q-Park,51.5122633,-0.1612373,981,11.0,58.0,True,"Cumberland Gate, London, W2 2ET",https://www.q-park.co.uk/en-gb/cities/london/marble-arch/,GBP
UK,London,QP10,Oxford Street,Q-Park,51.5166622,-0.1443238,432,11.5,66.0,,"Oxford Street, London, W1G 0PR",https://www.q-park.co.uk/en-gb/cities/london/oxford-street/,GBP
UK,London,QP11,Park Lane,Q-Park,51.50915,-0.15591,1017,11.0,58.0,True,"Park Lane, London, W1K 7AN",https://www.q-park.co.uk/en-gb/cities/london/park-lane/,GBP
UK,London,QP12,Pimlico,Q-Park,51.490134,-0.146234,195,6.5,46.0,True,"Cumberland Street, London, SW1V 4LR",https://www.q-park.co.uk/en-gb/cities/london/pimlico/,GBP
UK,London,QP13,Queensway,Q-Park,51.511031,-0.187166,171,6.5,40.0,True,"26 Queensway, London, W2 3RX",https://www.q-park.co.uk/en-gb/cities/london/queensway/,GBP
UK,London,QP14,Soho,Q-Park,51.514177,-0.136835,162,11.5,67.0,True,"Poland Street, London, W1F 7NQ",https://www.q-park.co.uk/en-gb/cities/london/soho/,GBP
UK,London,QP15,St John's Wood,Q-Park,51.534463,-0.17327,200,7.5,39.0,True,"Kingsmill Terrace, London, NW8 6AA",https://www.q-park.co.uk/en-gb/cities/london/st-john's-wood/,GBP
UK,London,QP16,Tower Bridge,Q-Park,51.502336,-0.0736088,502,8.0,45.0,True,"Gainsford Street, London, SE1 2NE",https://www.q-park.co.uk/en-gb/cities/london/tower-bridge/,GBP
UK,London,QP17,Victoria,Q-Park,51.4955311,-0.131987,359,11.0,56.0,,"Arneway Street, London, SW1P 2TX",https://www.q-park.co.uk/en-gb/cities/london/victoria/,GBP
UK,London,AP01,The O2 Centre,APCOA,51.54799,-0.181409,500,5.0,,True,"255 Finchley Road, London, NW3 6LU",https://www.apcoa.co.uk/find-parking/locations/london/the-o2-centre-london,GBP
UK,London,AP02,South Bank,APCOA,51.50623774,-0.11150845,500,,26.0,,"51 Cornwall Rd, London, SE1 9PU",https://www.apcoa.co.uk/find-parking/locations/london/south-bank-london,GBP
UK,London,AP03,Central Middlesex Hospital,APCOA,51.53162,-0.269769,,3.3,14.8,,"Acton Lane, London, NW10 7NS",https://www.apcoa.co.uk/find-parking/locations/london/central-middlesex-hospital-london,GBP
UK,London,AP04,London Paddington Station,APCOA,51.517896,-0.18121,81,5.15,35.2,,"Bishops Bridge Road, London, W2 6AA",https://www.apcoa.co.uk/find-parking/locations/london/london-paddington-station-london,GBP
UK,London,AP05,London Victoria Station,APCOA,51.495209,-0.144541,81,9.0,34.0,True,"Eccleston Bridge, London, SW1W 9SJ",https://www.apcoa.co.uk/find-parking/locations/london/london-victoria-station-london,GBP
UK,London,AP06,London Waterloo Station,APCOA,51.501538,-0.112655,20,9.2,30.0,True,"Station Approach, London, SE1 8SW",https://www.apcoa.co.uk/find-parking/locations/london/london-waterloo-station-london,GBP
UK,London,AP07,Clapham Junction Station,APCOA,51.4656,-0.17077,53,2.2,16.5,,"Grant Road, London, SW11 2NU",https://www.apcoa.co.uk/find-parking/locations/london/clapham-junction-station-clapham,GBP
UK,London,AP08,Wandsworth Southside 1,APCOA,51.453121,-0.193356,875,2.5,20.0,,"Garratt Lane, Southside Shopping Centre, Wandsworth, London, SW18 4AU",https://www.apcoa.co.uk/find-parking/locations/london/wandsworth-southside-1-london,GBP
UK,London,AP09,Wandsworth Southside 2,APCOA,51.455426,-0.195348,315,2.5,20.0,True,"Buckhold Road, Wandsworth, London, SW18 4BS",https://www.apcoa.co.uk/find-parking/locations/london/wandsworth-southside-2-london,GBP
UK,London,NC01,Marylebone Road,NCP,51.522,-0.15959,120,10.95,49.95,,"170 Marylebone Road, London, NW1 5AR",https://www.ncp.co.uk/find-a-car-park/car-parks/london-marylebone-road1/,GBP
UK,London,NC02,London Bridge,NCP,51.502,-0.0872,478,7.0,50.0,,"London Bridge, London, SE1 3RU",https://www.ncp.co.uk/find-a-car-park/car-parks/london-bridge/,GBP
UK,London,NC03,Finsbury Square,NCP,51.5215,-0.08678,171,8.95,39.95,,"Finsbury Square, London, EC2A 1RR",https://www.ncp.co.uk/find-a-car-park/car-parks/london-finsbury-square/,GBP
UK,London,NC04,Saffron Hill,NCP,51.521,-0.10678,353,8.0,30.0,True,"Saffron Hill, London, EC1N 8XA",https://www.ncp.co.uk/find-a-car-park/car-parks/london-saffron-hill/,GBP
UK,London,NC05,Thames Exchange,NCP,51.5103,-0.09249,215,4.95,36.95,True,"Thames Exchange, London, EC4R 3TB",https://www.ncp.co.uk/find-a-car-park/car-parks/london-vintry-thames-exchange/,GBP
UK,London,NC06,Whitechapel High Street,NCP,51.5155,-0.07121,90,6.95,39.95,,"Whitechapel High Street, London, E1 7RA",https://www.ncp.co.uk/find-a-car-park/car-parks/london-whitechapel-high-st/,GBP
UK,London,SB01,West India Quay,Saba (formerly Indigo),51.508055,-0.0231134,558,,24.0,True,"Hertsmere Road, London, E14 4AN",https://www.sabaparking.co.uk/en/car-park/west-india-quay-car-park,GBP
UK,London,SB02,Kensington High Street,Saba (formerly Indigo),51.5027125,-0.1948867,322,4.9,33.0,True,"Hornton Street, Kensington, London, W8 7NX",https://new.sabaparking.co.uk/en/car-park/kensington-high-street-car-park,GBP
UK,Manchester,QP01,Deansgate North,Q-Park,53.485926,-2.245835,455,,27.5,True,"2 Chapel Street, Manchester M3 7WJ",https://www.q-park.co.uk/en-gb/cities/manchester/deansgate-north/,GBP
UK,Manchester,QP02,First Street,Q-Park,53.472964,-2.245759,700,,23.0,True,"First Street, Manchester M15 4FN",https://www.q-park.co.uk/en-gb/cities/manchester/first-street/,GBP
UK,Manchester,QP03,Manchester Hospitals,Q-Park,53.4599053,-2.2222644,380,2.9,22.0,True,"Hathersage Road, Manchester M13 0JQ",https://www.q-park.co.uk/en-gb/cities/manchester/manchester-hospitals/,GBP
UK,Manchester,QP04,Palace,Q-Park,53.475555,-2.2396931,404,4.5,27.0,,"Atwood Street, Manchester M1 6NE",https://www.q-park.co.uk/en-gb/cities/manchester/palace/,GBP
UK,Manchester,QP05,Piazza,Q-Park,53.4777536,-2.2413839,225,,39.5,True,"St James Street, Manchester M1 4LX",https://www.q-park.co.uk/en-gb/cities/manchester/piazza/,GBP
UK,Manchester,QP06,Piccadilly Gardens,Q-Park,53.4799493,-2.2340545,712,3.2,27.5,,"Chatham Street, Manchester M1 3AY",https://www.q-park.co.uk/en-gb/cities/manchester/piccadilly-gardens/,GBP
UK,Manchester,QP07,Piccadilly Place,Q-Park,53.477149,-2.232814,583,,30.0,True,"Whitworth Street, Manchester M1 3BS",https://www.q-park.co.uk/en-gb/cities/manchester/piccadilly-place/,GBP
UK,Manchester,QP08,Sackville Street,Q-Park,53.4771964,-2.2382685,118,4.5,28.0,,"Sackville Street, Manchester M1 3LY",https://www.q-park.co.uk/en-gb/cities/manchester/sackville-street/,GBP
UK,Manchester,QP09,Waterside,Q-Park,53.4247928,-2.3172979,440,2.4,14.0,True,"5 Broad Road, Sale M33 2AE",https://www.q-park.co.uk/en-gb/cities/manchester/waterside/,GBP
UK,Manchester,QP10,Wilmslow Park,Q-Park,53.4591844,-2.2265065,49,2.9,22.0,True,"Hathersage Road, Manchester M13 0JQ",https://www.q-park.co.uk/en-gb/cities/manchester/wilmslow-park/,GBP
UK,Manchester,AP01,Ancoats Mobility Hub,APCOA,53.48624502,-2.22533986,,3.0,17.5,,"21 Poland Street, Manchester M4 6NE",https://www.apcoa.co.uk/find-parking/locations/manchester/ancoats-mobility-hub-manchester,GBP
UK,Manchester,AP02,Aquatics Centre,APCOA,53.46884,-2.23247,,,14.5,,"Booth Street East, Manchester M13 9SS",https://www.apcoa.co.uk/find-parking/locations/manchester/aquatics-centre-manchester,GBP
UK,Manchester,AP03,Arndale,APCOA,53.484133,-2.238739,,3.9,21.5,,"High Street/Nicholas Croft, Manchester M4 1AZ",https://www.apcoa.co.uk/find-parking/locations/manchester/arndale-manchester,GBP
UK,Manchester,AP04,Bloom Street,APCOA,53.4778082,-2.2369927,,4.7,15.8,,"Bloom Street (Fmr National Express Bus Station), Manchester M1 3LY",https://www.apcoa.co.uk/find-parking/locations/manchester/bloom-street-manchester,GBP
UK,Manchester,AP05,Bridge Street,APCOA,53.4817808,-2.2518015,,4.7,,,"4 Bridge Street, Manchester M60 1WJ",https://www.apcoa.co.uk/find-parking/locations/manchester/bridge-street-manchester,GBP
UK,Manchester,AP06,Bridgewater Hall,APCOA,53.47362,-2.24902,,3.4,19.5,,"Little Pepper Street, Manchester M15 4PS",https://www.apcoa.co.uk/find-parking/locations/manchester/bridgewater-hall-manchester,GBP
UK,Manchester,AP07,Chepstow Street,APCOA,53.475278,-2.2436,,,,,"5 Chepstow Street S, Manchester M1 5JN",https://www.apcoa.co.uk/find-parking/locations/manchester/chepstow-street-manchester,GBP
UK,Manchester,AP08,China Town,APCOA,53.478662,-2.239556,,3.9,26.5,,"41 Faulkner Street, Manchester M1 4EE",https://www.apcoa.co.uk/find-parking/locations/manchester/china-town-manchester,GBP
UK,Manchester,AP09,Hulme Street,APCOA,53.471976,-2.243847,,,11.1,,"19 Hulme Street, Manchester M1 5GL",https://www.apcoa.co.uk/find-parking/locations/manchester/hulme-street-manchester,GBP
UK,Manchester,AP10,King Street West,APCOA,53.482125,-2.249039,,6.1,34.5,,"Back South Parade, Manchester M2 6EG",https://www.apcoa.co.uk/find-parking/locations/manchester/king-street-west-manchester,GBP
UK,Manchester,AP11,Manchester Piccadilly Station (Long Stay),APCOA,53.478117,-2.228837,,,22.0,,"Boad Street, Manchester M1 2RP",https://www.apcoa.co.uk/find-parking/locations/manchester/manchester-piccadilly-station-long-stay,GBP
UK,Manchester,AP12,Manchester Piccadilly Station (Short Stay),APCOA,53.478117,-2.228837,,5.5,,,"Fairfield Street, Manchester M1 2QF",https://www.apcoa.co.uk/find-parking/locations/manchester/manchester-piccadilly-station-short-stay,GBP
UK,Manchester,AP13,Manchester Printworks,APCOA,53.485869,-2.238198,,4.0,26.0,,"77 Shudehill, Manchester M4 4BB",https://www.apcoa.co.uk/find-parking/locations/manchester/manchester-printworks-manchester,GBP
UK,Manchester,AP14,Northern Quarter,APCOA,53.483203,-2.235735,,3.4,21.5,,"Church Street, Manchester M4 1LX",https://www.apcoa.co.uk/find-parking/locations/manchester/northern-quarter-manchester,GBP
UK,Manchester,AP15,School Lane North,APCOA,53.417485,-2.230688,,,,,"4 School Lane, Didsbury, Manchester M20 6SA",https://www.apcoa.co.uk/find-parking/locations/manchester/school-lane-north-manchester,GBP
UK,Manchester,AP16,School Lane South,APCOA,53.417581,-2.230579,,,,,"3 School Lane, Didsbury, Manchester M20 6SA",https://www.apcoa.co.uk/find-parking/locations/manchester/school-lane-south-manchester,GBP
UK,Manchester,AP17,Sheffield Street,APCOA,53.477362,-2.22683,,,9.6,,"9 Sheffield Street, Manchester M1 2ND",https://www.apcoa.co.uk/find-parking/locations/manchester/sheffield-street-manchester,GBP
UK,Manchester,AP18,Stone Street,APCOA,53.4759,-2.25385,,4.2,14.3,,"Stone Street, Manchester M3 4NE",https://www.apcoa.co.uk/find-parking/locations/manchester/stone-street-manchester,GBP
UK,Manchester,AP19,Thurloe Street,APCOA,53.4545469,-2.2261052,,,11.8,,"5 Thurloe Street, Manchester M14 5AW",https://www.apcoa.co.uk/find-parking/locations/manchester/thurloe-street-manchester,GBP
UK,Manchester,NC01,Didsbury Wilmslow Road,NCP,53.4198244,-2.2319523,34,1.45,6.45,,"Wilmslow Road, Didsbury, Manchester M20 6QZ",https://www.ncp.co.uk/find-a-car-park/car-parks/didsbury-wilmslow-road/,GBP
UK,Manchester,NC02,Manchester Albion Street,NCP,53.4747555,-2.2476911,8,,18.95,,"19 Albion Street, Manchester M1 5LN",https://www.ncp.co.uk/find-a-car-park/car-parks/manchester-albion-street/,GBP
UK,Manchester,NC03,Manchester Central,NCP,53.4762107,-2.2456159,643,4.95,34.95,,"Lower Mosley Street, Manchester M2 3GX",https://www.ncp.co.uk/find-a-car-park/car-parks/manchester-central/,GBP
UK,Manchester,NC04,Manchester Chester Street,NCP,53.4717633,-2.241822,220,3.95,14.95,,"Chester Street, Manchester M1 5GE",https://www.ncp.co.uk/find-a-car-park/car-parks/manchester-chester-street/,GBP
UK,Manchester,NC05,Manchester Chorlton Street,NCP,53.4779795,-2.2367716,558,4.0,24.0,,"Chorlton Street, Manchester M1 3FY",https://www.ncp.co.uk/find-a-car-park/car-parks/manchester-chorlton-street/,GBP
UK,Manchester,NC06,Manchester Circle Square,NCP,53.47257,-2.239108,1018,3.95,17.95,,"Oxford Road, Circle Square, Manchester M1 7ED",https://www.ncp.co.uk/find-a-car-park/car-parks/manchester-circle-square/,GBP
UK,Manchester,NC07,Manchester Crown Industrial Estate,NCP,53.4869631,-2.2253944,22,,5.95,,"Crown Industrial Estate, Ancoats, Manchester M4 6BQ",https://www.ncp.co.uk/find-a-car-park/car-parks/manchester-crown-industrial-estate/,GBP
UK,Manchester,NC08,Manchester Great Northern Warehouse 2,NCP,53.4774577,-2.2483785,721,4.95,34.95,,"Watson Street, Gt Northern Warehouse 2, Manchester M3 4EE",https://www.ncp.co.uk/find-a-car-park/car-parks/manchester-gt-northern-warehouse-2-/,GBP
UK,Manchester,NC09,Manchester Jersey Street,NCP,53.4867276,-2.2224429,130,,3.45,,"Jersey Street, Manchester M4 6HB",https://www.ncp.co.uk/find-a-car-park/car-parks/manchester-jersey-street-ukt/,GBP
UK,Manchester,NC10,Manchester Trumpet Street,NCP,53.4746955,-2.247274,4,,15.95,,"8 Trumpet Street, Manchester M1 5LW",https://www.ncp.co.uk/find-a-car-park/car-parks/manchester-trumpet-street/,GBP
UK,Manchester,NC11,Salford New Bailey,NCP,53.4818759,-2.2562161,631,5.0,35.0,,"Irwell Street, New Bailey, Salford M3 5EN",https://www.ncp.co.uk/find-a-car-park/car-parks/salford-new-bailey/,GBP
UK,Manchester,NC12,Salford Stanley Street,NCP,53.4808075,-2.2568168,635,4.95,24.95,,"Stanley Street, Salford M3 5EX",https://www.ncp.co.uk/find-a-car-park/car-parks/salford-stanley-street-car-park/,GBP
UK,Manchester,NC13,Wilmslow Grove Way,NCP,53.3265531,-2.2318284,3,,4.95,,"1 Grove Avenue, Wilmslow SK9 1HB",https://www.ncp.co.uk/find-a-car-park/car-parks/wilmslow-grove-way/,GBP
UK,Manchester,NC14,Manchester Great Northern Warehouse 1,NCP,53.4774577,-2.2483785,527,5.5,33.0,,"Watson Street, Gt Northern Warehouse 1, Manchester M3 4EE",https://www.ncp.co.uk/find-a-car-park/car-parks/manchester-gt-northern-warehouse-1-/,GBP
UK,Manchester,NC15,Manchester Oxford Street,NCP,53.4751701,-2.2416546,443,4.95,24.95,,"Oxford Street, Manchester M1 5EJ",https://www.ncp.co.uk/find-a-car-park/car-parks/manchester-oxford-street/,GBP
UK,Manchester,NC16,Manchester Piccadilly Plaza,NCP,53.4801786,-2.2398933,160,4.95,25.95,,"New York Street, Piccadilly Plaza, Manchester M1 4AJ",https://www.ncp.co.uk/find-a-car-park/car-parks/manchester-piccadilly-plaza/,GBP
UK,Manchester,NC17,Manchester Richmond Street,NCP,53.4764757,-2.2365213,2,,19.95,,"37 Richmond Street, Manchester M1 3WB",https://www.ncp.co.uk/find-a-car-park/car-parks/manchester-richmond-street/,GBP
UK,Manchester,NC18,Manchester Spinningfields,NCP,53.4796314,-2.2543622,680,4.95,34.95,,"New Quay Street, Spinningfields, Manchester M3 3BE",https://www.ncp.co.uk/find-a-car-park/car-parks/manchester-spinningfields/,GBP
UK,Manchester,NC19,Manchester Store Street,NCP,53.4790803,-2.2286131,406,2.95,8.95,,"Store Street, Manchester M1 2WD",https://www.ncp.co.uk/find-a-car-park/car-parks/manchester-store-street/,GBP
UK,Manchester,NC20,Manchester Imperial War Museum,NCP,53.4697061,-2.299058,180,2.5,16.0,,"Trafford Wharf Road, Imperial War Museum North, Stretford M17 1TZ",https://www.ncp.co.uk/find-a-car-park/car-parks/manchester-imperial-war-museum/,GBP
UK,Birmingham,QP01,Birmingham City Hospital,Q-Park,52.4890962,-1.9283158,1870,3.5,10.0,True,"Dudley Road, Birmingham, B18 7QH",https://www.q-park.co.uk/en-gb/cities/birmingham/birmingham-city-hospital/,GBP
UK,Birmingham,QP02,Brindleyplace,Q-Park,52.477665,-1.914648,890,2.8,26.0,True,"Brunswick Street, Birmingham, B1 2JF",https://www.q-park.co.uk/en-gb/cities/birmingham/brindleyplace/,GBP
UK,Birmingham,QP03,Mailbox,Q-Park,52.4770012,-1.9034063,686,,26.0,True,"Royal Mail Street, Mailbox, Birmingham, B1 1QH",https://www.q-park.co.uk/en-gb/cities/birmingham/mailbox/,GBP
UK,Birmingham,QP04,Midland Metropolitan University Hospital,Q-Park,52.4899958,-1.9500363,1677,3.5,10.0,True,"Keen Street, Smethwick, Birmingham, B66 2RT",https://www.q-park.co.uk/en-gb/cities/birmingham/midland-metropolitan-university-hospital/,GBP
UK,Birmingham,QP05,Newhall Street,Q-Park,52.4845013,-1.9068167,500,3.0,28.0,,"Newhall Street, Birmingham, B3 1SW",https://www.q-park.co.uk/en-gb/cities/birmingham/newhall-street/,GBP
UK,Birmingham,QP06,QEMC,Q-Park,52.45012,-1.940342,4122,4.4,21.9,,"Main Drive, Birmingham, B15 2TH",https://www.q-park.co.uk/en-gb/cities/birmingham/qemc/,GBP
UK,Birmingham,QP07,Rowley Regis Hospital,Q-Park,52.4816666,-2.0525903,179,3.5,10.0,,"Moor Lane, Rowley Regis, Birmingham, B65 8DA",https://www.q-park.co.uk/en-gb/cities/birmingham/rowley-regis-hospital/,GBP
UK,Birmingham,QP08,Sandwell General Hospital,Q-Park,52.5275077,-1.98694,1352,3.5,10.0,,"Hallam Street, West Bromwich, Birmingham, B71 4HH",https://www.q-park.co.uk/en-gb/cities/birmingham/sandwell-general-hospital/,GBP
UK,Birmingham,NC01,Birmingham City Centre,NCP,52.4762,-1.89948,54,,,,"Hill Street / St Judes Passage, Birmingham, B5 4AN",https://www.ncp.co.uk/find-a-car-park/car-parks/birmingham-city-centre/,GBP
UK,Birmingham,NC02,Birmingham High Street,NCP,52.4809622,-1.8928988,977,,,,"High Street, Dale End, Birmingham, B4 7LN",https://www.ncp.co.uk/find-a-car-park/car-parks/birmingham-high-street/,GBP
UK,Birmingham,NC03,Birmingham New Street,NCP,52.4757,-1.90004,334,,,,"New Street / St Judes Passage, Birmingham, B5 4AN",https://www.ncp.co.uk/find-a-car-park/car-parks/birmingham-ncp-new-street/,GBP
UK,Birmingham,NC04,Birmingham Horsefair,NCP,52.4737958,-1.9004876,302,,,,"Horsefair MSCP, Bow Street, Birmingham, B1 1DW",https://www.ncp.co.uk/find-a-car-park/car-parks/birmingham-horsefair/,GBP
UK,Birmingham,NC05,Birmingham Royal Angus,NCP,52.4848545,-1.897224,600,,,,"Royal Angus, St Chads Queensway, Birmingham, B4 6HY",https://www.ncp.co.uk/find-a-car-park/car-parks/birmingham-royal-angus/,GBP
UK,Birmingham,NC06,Birmingham Londonderry House,NCP,52.4823571,-1.89307,720,,,,"Londonderry House, Dalton Street, Birmingham, B4 7LX",https://www.ncp.co.uk/find-a-car-park/car-parks/birmingham-londonderry-house/,GBP
UK,Birmingham,NC07,Birmingham Arthur Place,NCP,52.483,-1.91438,30,,,,"Arthur Place, Birmingham, B1 3DA",https://www.ncp.co.uk/find-a-car-park/car-parks/birmingham-arthur-place/,GBP
UK,Birmingham,NC08,Birmingham Gough Street,NCP,52.4752,-1.90289,51,,,,"Gough Street, Birmingham, B1 1HN",https://www.ncp.co.uk/find-a-car-park/car-parks/birmingham-gough-street/,GBP
UK,Birmingham,AP01,Birmingham New Street Short Stay Station,APCOA,52.47732,-1.900797,35,,,True,"Queens Drive, Birmingham, B2 4ND",https://www.apcoa.co.uk/find-parking/locations/birmingham/birmingham-new-street-short-stay-station,GBP
UK,Birmingham,AP02,Utilita Arena Birmingham,APCOA,52.47908311,-1.91709259,1412,,,,"Sheepcote Street, Birmingham, B16 8ET",https://www.apcoa.co.uk/find-parking/locations/birmingham/utilita-arena-birmingham,GBP
UK,Birmingham,AP03,Dudley Street Car Park,APCOA,52.4763,-1.89679,57,,,,"Dudley Street, Birmingham",https://www.apcoa.co.uk/find-parking/locations/birmingham/dudley-street-car-park-birmingham,GBP
UK,Birmingham,AP04,Town Hall Multi-Storey Car Park,APCOA,52.4779,-1.90339,387,,,,Birmingham,https://www.apcoa.co.uk/find-parking/locations/birmingham/town-hall-multi-storey-car-park-birmingham,GBP
UK,Birmingham,AP05,Great Charles Street Car Park,APCOA,52.48307,-1.90311,82,,,,"Great Charles Street, Birmingham",https://www.apcoa.co.uk/find-parking/locations/birmingham/great-charles-street-car-park-birmingham,GBP
UK,Birmingham,AP06,Navigation Street Car Park,APCOA,52.47726,-1.90368,,,,,"Navigation Street, Birmingham",https://www.apcoa.co.uk/find-parking/locations/birmingham/navigation-street-car-park-birmingham,GBP
UK,Birmingham,AP07,Snow Hill Multi-Storey Car Park,APCOA,52.48398,-1.89987,,,,,Birmingham,https://www.apcoa.co.uk/find-parking/locations/birmingham/snow-hill-multi-storey-car-park-birmingham,GBP
UK,Birmingham,AP08,Jewellery Quarter Multi-Storey Car Park,APCOA,52.4884,-1.9123,55,,,,Birmingham,https://www.apcoa.co.uk/find-parking/locations/birmingham/jewellery-quarter-multi-storey-car-park,GBP
UK,Birmingham,AP09,Millennium Point Multi-Storey Car Park,APCOA,52.48395,-1.88515,959,,,,"Millennium Point, Birmingham, B4 7AP",https://www.apcoa.co.uk/find-parking/locations/birmingham/millennium-point-multi-storey-car-park,GBP
UK,Birmingham,AP10,Duchess Road / Huntley Road Car Park,APCOA,52.4738,-1.92704,93,,,,"Duchess Road / Huntley Road, Birmingham",https://www.apcoa.co.uk/find-parking/locations/birmingham/duchess-road-/-huntley-road-car-park-birmingham,GBP
UK,Birmingham,AP11,"Cannon Hill Park, Russell Road Car Park",APCOA,52.45155,-1.89981,40,,,,"Russell Road, Cannon Hill Park, Birmingham",https://www.apcoa.co.uk/find-parking/locations/birmingham/cannon-hill-park-russell-road-car-park,GBP
UK,Birmingham,AP12,"Cannon Hill Park, Queens Ride South Car Park",APCOA,52.45116,-1.90703,220,,,,"Queens Ride, Cannon Hill Park, Birmingham",https://www.apcoa.co.uk/find-parking/locations/birmingham/cannon-hill-park-queens-ride-south-car-park,GBP
UK,Birmingham,AP13,"Cannon Hill Park, Queens Ride Car Park",APCOA,52.45416,-1.90276,109,,,,"Queens Ride, Cannon Hill Park, Birmingham",https://www.apcoa.co.uk/find-parking/locations/birmingham/cannon-hill-park-queens-ride-car-park,GBP
UK,Birmingham,AP14,"Cannon Hill Park, Wildlife Conservation Centre",APCOA,52.45089,-1.90954,149,,,,"Cannon Hill Park, Birmingham",https://www.apcoa.co.uk/find-parking/locations/birmingham/cannon-hill-park-wildlife-conservation-centre,GBP
UK,Sheffield,QP01,Castlegate,Q-Park,53.3838333,-1.4621856,403,2.8,25.0,True,"3 Broad Street West, Sheffield, S1 2BQ",https://www.q-park.co.uk/en-gb/cities/sheffield/castlegate/,GBP
UK,Sheffield,QP02,Charles Street,Q-Park,53.378483,-1.469464,530,3.4,25.5,True,"St Paul's Place, Sheffield, S1 2NA",https://www.q-park.co.uk/en-gb/cities/sheffield/charles-street/,GBP
UK,Sheffield,QP03,Durham Road,Q-Park,53.3802774,-1.4888808,561,2.5,21.0,,"Durham Road, Sheffield, S10 2JA",https://www.q-park.co.uk/en-gb/cities/sheffield/durham-road/,GBP
UK,Sheffield,QP04,Riverside,Q-Park,53.386566,-1.466631,533,3.9,25.0,True,"5 Millsands, Sheffield, S3 8NH",https://www.q-park.co.uk/en-gb/cities/sheffield/riverside/,GBP
UK,Sheffield,QP05,Rockingham Street,Q-Park,53.38146,-1.4773,531,2.8,21.0,True,"2 Holland Street, Sheffield, S1 4NL",https://www.q-park.co.uk/en-gb/cities/sheffield/rockingham-street/,GBP
UK,Sheffield,QP06,Sheffield Station,Q-Park,53.376685,-1.463504,678,3.7,27.5,True,"Turner Street, Sheffield, S2 4AA",https://www.q-park.co.uk/en-gb/cities/sheffield/sheffield-station/,GBP
UK,Sheffield,QP07,Solly Street,Q-Park,53.3847264,-1.4731325,552,2.5,11.0,,"Solly Street, Sheffield, S1 4DE",https://www.q-park.co.uk/en-gb/cities/sheffield/solly-street/,GBP
UK,Sheffield,NCP01,Campo Lane,NCP,53.3836707,-1.4693034,150,4.0,15.0,,"Campo Lane, Sheffield, S1 2EF",https://www.ncp.co.uk/find-a-car-park/car-parks/sheffield-campo-lane/,GBP
UK,Sheffield,NCP02,Wellington Street,NCP,53.3784949,-1.4748754,449,2.5,15.0,True,"Wellington Street, Sheffield, S1 4HF",https://www.ncp.co.uk/find-a-car-park/car-parks/sheffield-wellington-street/,GBP
UK,Sheffield,NCP03,Furnival Gate,NCP,53.3775677,-1.4708699,449,2.5,15.0,,"Furnival Gate, Matilda Way, Sheffield, S1 4QJ",https://www.ncp.co.uk/find-a-car-park/car-parks/sheffield-furnival-gate/,GBP
UK,Sheffield,NCP04,Sidney Street,NCP,53.374834,-1.4695367,71,2.5,12.5,,"Sidney Street, Sheffield, S1 4RG",https://www.ncp.co.uk/find-a-car-park/car-parks/sheffield-sidney-street/,GBP
UK,Sheffield,AP01,The Moor,APCOA,53.37592196,-1.47161736,670,3.0,24.0,True,"Eyre Street, Sheffield, S1 4QW",https://www.apcoa.co.uk/find-parking/locations/sheffield/the-moor-sheffield,GBP
UK,Sheffield,AP02,Atkinson's,APCOA,53.376101,-1.47502,433,2.0,12.0,True,"Charter Row, Sheffield, S1 4HS",https://www.apcoa.co.uk/find-parking/locations/sheffield/atkinsons-sheffield,GBP
UK,Sheffield,AP03,New Era Square,APCOA,53.372266,-1.474563,86,2.5,,,"4 New Era Square, Sheffield, S2 4BF",https://www.apcoa.co.uk/find-parking/locations/sheffield/new-era-square-sheffield,GBP
UK,Sheffield,SCC01,Carver Lane,Sheffield City Council,53.3807451,-1.4734616,,1.55,5.95,,"Carver Lane, Sheffield, S1 2GT",https://www.sheffield.gov.uk/sites/default/files/2024-02/Parking%20Tariff%20Public%20Variation%20Notice%202024.pdf,GBP
UK,Sheffield,SCC02,Devonshire Green,Sheffield City Council,53.3788792,-1.4783978,,1.55,5.95,,"Devonshire Green, Sheffield",https://www.sheffield.gov.uk/sites/default/files/2024-02/Parking%20Tariff%20Public%20Variation%20Notice%202024.pdf,GBP
UK,Sheffield,SCC03,Milton Street,Sheffield City Council,53.3750727,-1.4800515,,1.55,5.95,,"Milton Street, Sheffield, S3 7WH",https://www.sheffield.gov.uk/sites/default/files/2024-02/Parking%20Tariff%20Public%20Variation%20Notice%202024.pdf,GBP
UK,Sheffield,SCC04,West Street Lane,Sheffield City Council,53.3812226,-1.4734732,,1.55,5.95,,"West Street Lane, Sheffield, S1 4UA",https://www.sheffield.gov.uk/sites/default/files/2024-02/Parking%20Tariff%20Public%20Variation%20Notice%202024.pdf,GBP
UK,Sheffield,SCC05,Rockingham Street (council),Sheffield City Council,53.3790186,-1.4749601,,1.55,7.85,,"Rockingham Street, Sheffield, S1 4US",https://www.sheffield.gov.uk/sites/default/files/2024-02/Parking%20Tariff%20Public%20Variation%20Notice%202024.pdf,GBP
UK,Sheffield,SCC06,Workhouse Lane,Sheffield City Council,53.3858285,-1.469577,,1.55,7.85,,"Workhouse Lane, Sheffield, S3 8PS",https://www.sheffield.gov.uk/sites/default/files/2024-02/Parking%20Tariff%20Public%20Variation%20Notice%202024.pdf,GBP
UK,Sheffield,SCC07,Eldon Street,Sheffield City Council,53.3798013,-1.4779773,,1.55,19.4,,"Eldon Street, Sheffield, S3 7SF",https://www.sheffield.gov.uk/sites/default/files/2024-02/Parking%20Tariff%20Public%20Variation%20Notice%202024.pdf,GBP
UK,Sheffield,SCC08,Fitzwilliam Street,Sheffield City Council,53.3769524,-1.477329,,1.55,19.4,,"Fitzwilliam Street, Sheffield, S1 4JP",https://www.sheffield.gov.uk/sites/default/files/2024-02/Parking%20Tariff%20Public%20Variation%20Notice%202024.pdf,GBP
UK,Sheffield,SCC09,Brook Hill,Sheffield City Council,53.3814,-1.4870238,,1.55,19.4,,"Brook Hill, Sheffield, S10 2TG",https://www.sheffield.gov.uk/sites/default/files/2024-02/Parking%20Tariff%20Public%20Variation%20Notice%202024.pdf,GBP
UK,Sheffield,SCC10,Broad Lane,Sheffield City Council,53.3825015,-1.4794876,,1.55,19.4,,"Broad Lane, Sheffield, S3 7HQ",https://www.sheffield.gov.uk/sites/default/files/2024-02/Parking%20Tariff%20Public%20Variation%20Notice%202024.pdf,GBP
UK,Sheffield,SCC11,Ebenezer Street,Sheffield City Council,53.3878108,-1.4751175,,1.0,3.9,,"Ebenezer Street, Sheffield, S3 8UH",https://www.sheffield.gov.uk/sites/default/files/2024-02/Parking%20Tariff%20Public%20Variation%20Notice%202024.pdf,GBP
UK,Sheffield,SCC12,Stanley Lane,Sheffield City Council,53.3879895,-1.4634696,,1.0,3.9,,"Stanley Lane, Sheffield, S3 8HQ",https://www.sheffield.gov.uk/sites/default/files/2024-02/Parking%20Tariff%20Public%20Variation%20Notice%202024.pdf,GBP
UK,Sheffield,SCC13,Trinity Street,Sheffield City Council,53.3865239,-1.4737291,,1.0,3.9,,"Trinity Street, Sheffield, S3 7AJ",https://www.sheffield.gov.uk/sites/default/files/2024-02/Parking%20Tariff%20Public%20Variation%20Notice%202024.pdf,GBP
UK,Sheffield,SCC14,Windrush Way,Sheffield City Council,53.3868391,-1.4622379,,1.0,3.9,,"Windrush Way, Sheffield, S3 8JU",https://www.sheffield.gov.uk/sites/default/files/2024-02/Parking%20Tariff%20Public%20Variation%20Notice%202024.pdf,GBP
UK,Sheffield,SCC15,Silver Street,Sheffield City Council,53.3849496,-1.4706088,,1.55,4.65,,"Silver Street, Sheffield, S1 2FQ",https://www.sheffield.gov.uk/sites/default/files/2024-02/Parking%20Tariff%20Public%20Variation%20Notice%202024.pdf,GBP
UK,Sheffield,SCC16,Copper Street,Sheffield City Council,53.3871045,-1.4730114,,1.0,7.8,,"Copper Street, Sheffield, S3 7AG",https://www.sheffield.gov.uk/sites/default/files/2024-02/Parking%20Tariff%20Public%20Variation%20Notice%202024.pdf,GBP
UK,Sheffield,SCC17,Wicker Lane,Sheffield City Council,53.3870714,-1.4635669,,,3.45,,"Wicker Lane, Sheffield, S3 8HJ",https://www.sheffield.gov.uk/sites/default/files/2024-02/Parking%20Tariff%20Public%20Variation%20Notice%202024.pdf,GBP
UK,Liverpool,QP01,Dale Street,Q-Park,53.408811,-2.987975,279,,27.5,True,"Vernon Street, Off Dale Street, Liverpool, L2 2HJ",https://www.q-park.co.uk/en-gb/cities/liverpool/dale-street/,GBP
UK,Liverpool,QP02,Hanover Street,Q-Park,53.402956,-2.983718,554,2.9,26.0,True,"44 Hanover Street, Liverpool, L1 4AF",https://www.q-park.co.uk/en-gb/cities/liverpool/hanover-street/,GBP
UK,Liverpool,QP03,John Lewis,Q-Park,53.401504,-2.9868232,581,2.9,26.0,True,"17 Liver Street, Liverpool, L1 8LJ",https://www.q-park.co.uk/en-gb/cities/liverpool/john-lewis/,GBP
UK,Liverpool,QP04,Liverpool ONE,Q-Park,53.4024738,-2.9900133,1900,2.9,26.0,True,"35 Strand Street, Liverpool, L1 8LT",https://www.q-park.co.uk/en-gb/cities/liverpool/liverpool-one/,GBP
UK,Liverpool,QP05,Queen Square,Q-Park,53.40827,-2.983482,537,,21.0,True,"Queen Square, Liverpool, L1 1RH",https://www.q-park.co.uk/en-gb/cities/liverpool/queen-square/,GBP
UK,Liverpool,QP06,Royal Liverpool Hospital,Q-Park,53.4109611,-2.9667264,479,2.7,17.5,True,"Epworth Street, Liverpool, L6 1LY",https://www.q-park.co.uk/en-gb/cities/liverpool/royal-liverpool-hospital/,GBP
UK,Liverpool,NCP01,Liverpool Capital,NCP,53.408,-2.9953,881,,,,"Fazakerley Street, Liverpool, L3 9DL",https://www.ncp.co.uk/find-a-car-park/car-parks/liverpool-capital-car-park/,GBP
UK,Liverpool,NCP02,Liverpool Tithebarn Street,NCP,53.4102274,-2.9891516,21,,,,"69 Tithebarn Street, Liverpool, L2 2EE",https://www.ncp.co.uk/find-a-car-park/car-parks/liverpool-tithebarn-street/,GBP
UK,Liverpool,NCP03,Liverpool Smithfield,NCP,53.4108544,-2.9896839,58,,,,"Smithfield, Smithfield Street, Liverpool, L3 6AF",https://www.ncp.co.uk/find-a-car-park/car-parks/liverpool-smithfield/,GBP
UK,Liverpool,NCP04,Liverpool Primrose Hill,NCP,53.410867,-2.984275,11,,,,"Primrose Hill SP, off Truman Street, Liverpool, L3 2BA",https://www.ncp.co.uk/find-a-car-park/car-parks/liverpool-primrose-hill/,GBP
UK,Liverpool,AP01,101 Old Hall Street,Apex Parking,53.4108359,-2.9985996,38,,,,"101 Old Hall Street, Liverpool, L3 9BD",https://apex-parking.co.uk/car-parks/101-old-hall-street/,GBP
UK,Liverpool,AP02,Moorfields,Apex Parking,53.4089892,-2.9885512,577,,5.0,,"Moorfields, Liverpool, L2 2AY",https://apex-parking.co.uk/car-parks/moorfields-liverpool/,GBP
UK,Liverpool,AP03,Pall Mall,Apex Parking,53.4112886,-2.9930881,645,,8.0,,"Pall Mall, Liverpool, L3 6AL",https://apex-parking.co.uk/car-parks/pall-mall-liverpool/,GBP
UK,Liverpool,AP04,Rumford Street,Apex Parking,53.4073251,-2.9933651,78,3.5,21.0,,"Rumford Street, Liverpool, L2 8SZ",https://apex-parking.co.uk/car-parks/rumford-street-liverpool/,GBP
UK,Liverpool,AP05,St Johns Shopping Centre,Apex Parking,53.4066122,-2.9826401,607,2.5,20.0,,"St Johns Shopping Centre, Skelhorn Street, Liverpool, L1 1NQ",https://apex-parking.co.uk/car-parks/st-johns-shopping-centre-liverpool/,GBP
UK,Liverpool,LCC01,Dale Street,Liverpool City Council,53.4096791,-2.9844163,51,3.4,11.6,,"Dale Street, Liverpool, L2 2AH",https://liverpool.gov.uk/parking-roads-and-travel/find-parking/council-car-parks,GBP
UK,Liverpool,LCC02,Fontenoy Street,Liverpool City Council,53.4107428,-2.9834285,30,3.4,11.6,,"Fontenoy Street, Liverpool, L3 2BE",https://liverpool.gov.uk/parking-roads-and-travel/find-parking/council-car-parks,GBP
UK,Liverpool,LCC03,Hunter Street,Liverpool City Council,53.4107504,-2.9815871,63,3.4,11.6,,"Cuerden Street, Liverpool, L3 2AT",https://liverpool.gov.uk/parking-roads-and-travel/find-parking/council-car-parks,GBP
UK,Liverpool,LCC04,Kempston Street,Liverpool City Council,53.4104408,-2.9721586,45,2.8,9.6,,"Kempston Street, Liverpool, L3 8NG",https://liverpool.gov.uk/parking-roads-and-travel/find-parking/council-car-parks,GBP
UK,Liverpool,LCC05,Lambert Street,Liverpool City Council,53.4098903,-2.9736892,69,2.8,9.6,,"Lambert Street, Liverpool, L3 8NG",https://liverpool.gov.uk/parking-roads-and-travel/find-parking/council-car-parks,GBP
UK,Liverpool,LCC06,Fraser Street,Liverpool City Council,53.4099349,-2.9765056,82,1.8,8.5,,"Islington, Fraser Street, Liverpool, L3 8JX",https://liverpool.gov.uk/parking-roads-and-travel/find-parking/council-car-parks,GBP
UK,Liverpool,LCC07,Finch Place,Liverpool City Council,53.4108569,-2.9688552,22,,,,"Finch Place, Liverpool, L3 8HJ",https://liverpool.gov.uk/parking-roads-and-travel/find-parking/council-car-parks,GBP
UK,Liverpool,LCC08,King's Dock,Liverpool City Council,53.3964072,-2.9892791,1500,4.4,28.2,True,"Monarchs Quay, Liverpool, L3 4BX",https://liverpool.gov.uk/parking-roads-and-travel/find-parking/council-car-parks,GBP
UK,Liverpool,LCC09,Mount Pleasant,Liverpool City Council,53.4038845,-2.973382,1535,,,True,"38 Mount Pleasant, Liverpool, L3 5TB",https://liverpool.gov.uk/parking-roads-and-travel/find-parking/council-car-parks,GBP
UK,Liverpool,LCC10,Paddington Village,Liverpool City Council,53.4055742,-2.960073,1249,2.3,20.9,True,"Elm Grove, Liverpool, L7 3FA",https://liverpool.gov.uk/parking-roads-and-travel/find-parking/council-car-parks,GBP
UK,Liverpool,LCC11,Victoria Street,Liverpool City Council,53.4078787,-2.9851236,333,,20.9,True,"Victoria Street, Liverpool, L1 6BX",https://liverpool.gov.uk/parking-roads-and-travel/find-parking/council-car-parks,GBP
UK,Glasgow,QP01,Candleriggs,Q-Park,55.85743,-4.244853,365,3.0,25.0,True,"37 Albion Street, Glasgow, G1 1LH",https://www.q-park.co.uk/en-gb/cities/glasgow/candleriggs/,GBP
UK,Glasgow,QP02,Jamaica Street,Q-Park,55.85722,-4.256322,493,2.5,26.5,False,"15 Adams Court Lane, Glasgow, G1 4NL",https://www.q-park.co.uk/en-gb/cities/glasgow/jamaica-street/,GBP
UK,Glasgow,QP03,Sauchiehall Street,Q-Park,55.864415,-4.260174,372,,29.5,True,"Sauchiehall Street, Glasgow, G2 3ER",https://www.q-park.co.uk/en-gb/cities/glasgow/sauchiehall-street/,GBP
UK,Glasgow,QP04,St Enoch,Q-Park,55.8558293,-4.2534735,360,2.5,24.0,True,"Maxwell Street, Glasgow, G1 4EQ",https://www.q-park.co.uk/en-gb/cities/glasgow/st-enoch/,GBP
UK,Glasgow,QP05,Waterloo Street,Q-Park,55.860645,-4.2638405,660,3.0,29.0,True,"99 Waterloo Street, Glasgow, G2 6HS",https://www.q-park.co.uk/en-gb/cities/glasgow/waterloo-street/,GBP
UK,Glasgow,AP01,Buchanan Galleries,APCOA,55.86466329,-4.25037683,2000,2.2,26.0,,"220 Buchanan Street, Glasgow, G1 2FF",https://www.apcoa.co.uk/find-parking/locations/glasgow/buchanan-galleries-glasgow,GBP
UK,Glasgow,NC01,King Street,NCP,55.8556604,-4.2469019,620,2.8,10.0,,"King Street, Glasgow, G1 5QT",https://www.ncp.co.uk/find-a-car-park/car-parks/glasgow-king-street/,GBP
UK,Glasgow,NC02,The Glasshouse,NCP,55.8592894,-4.2487669,504,1.95,,,"Glassford Street, Glasgow, G1 1UP",https://www.ncp.co.uk/find-a-car-park/car-parks/glasgow-the-glasshouse/,GBP
UK,Glasgow,NC03,George Street,NCP,55.861151,-4.2442385,274,,,,"68 Montrose Street, Glasgow, G1 1RS",https://www.ncp.co.uk/find-a-car-park/car-parks/glasgow-george-street/,GBP
UK,Glasgow,NC04,Central Station (Oswald Street),NCP,55.8581165,-4.259761,555,,,,"Oswald Street, Glasgow, G1 4PA",https://www.ncp.co.uk/find-a-car-park/car-parks/glasgow-central-station/,GBP
UK,Glasgow,NC05,Mitchell Street,NCP,55.8601801,-4.2556709,197,,,,"81 Mitchell Street, Glasgow, G1 3LN",https://www.ncp.co.uk/find-a-car-park/car-parks/glasgow-mitchell-street/,GBP
UK,Glasgow,NC06,Ingram Street,NCP,55.8595819,-4.2461643,70,,,,"Ingram Street, Glasgow, G1 1DJ",https://www.ncp.co.uk/find-a-car-park/car-parks/glasgow-ingram-street/,GBP
UK,Glasgow,NC07,Laidlaw Street,NCP,55.8524862,-4.2678122,33,,,,"Laidlaw Street, Glasgow, G5 8NT",https://www.ncp.co.uk/find-a-car-park/car-parks/glasgow-laidlaw-street/,GBP
UK,Glasgow,GC01,Cadogan Square,Glasgow City Council,55.8597026,-4.2653107,325,3.5,30.0,,"25 Douglas Street, Glasgow, G2 7PA",https://www.cityparkingglasgow.co.uk/multistoreycarparks,GBP
UK,Glasgow,GC02,Cambridge Street,Glasgow City Council,55.8665072,-4.2596832,812,3.5,30.0,,"Cambridge Street, Glasgow, G2 3HN",https://www.cityparkingglasgow.co.uk/multistoreycarparks,GBP
UK,Glasgow,GC03,Charing Cross,Glasgow City Council,55.8646397,-4.2695777,433,3.5,30.0,,"Charing Cross, Glasgow, G2 4PR",https://www.cityparkingglasgow.co.uk/multistoreycarparks,GBP
UK,Glasgow,GC04,Concert Square,Glasgow City Council,55.8649491,-4.2528043,592,3.5,30.0,,"Concert Square, Killermont Street, Glasgow, G4 0LU",https://www.cityparkingglasgow.co.uk/multistoreycarparks,GBP
UK,Glasgow,GC05,Duke Street,Glasgow City Council,55.8596002,-4.2356795,1170,2.5,,,"Duke Street, Collegelands, Glasgow, G4 0UW",https://www.cityparkingglasgow.co.uk/multistoreycarparks,GBP
UK,Glasgow,GC06,Dundasvale,Glasgow City Council,55.8689364,-4.2586804,460,2.5,,,"Dundasvale, Cowcaddens, Glasgow, G4 0SY",https://www.cityparkingglasgow.co.uk/multistoreycarparks,GBP
UK,Glasgow,GC07,SEC Car Park,Glasgow City Council,55.8603822,-4.2832087,1600,6.0,12.0,,"10 Stobcross Road, Glasgow, G3 8GS",https://www.sec.co.uk/visitor-information/how-to-get-here/car-parking,GBP
UK,Leeds,QP01,Albion Street,Q-Park,53.79819,-1.54589,378,,30.0,True,"Butts Court, off Albion Street, Leeds, LS1 5JS",https://www.q-park.co.uk/en-gb/cities/leeds/albion-street/,GBP
UK,Leeds,QP02,Sovereign Square,Q-Park,53.79438,-1.54485,502,,37.0,True,"Swinegate, Leeds, LS1 4AG",https://www.q-park.co.uk/en-gb/cities/leeds/sovereign-square/,GBP
UK,Leeds,QP03,St Johns Centre,Q-Park,53.800634,-1.543399,282,,31.0,,"Merrion Street, Leeds, LS2 8LQ",https://www.q-park.co.uk/en-gb/cities/leeds/st-johns-centre/,GBP
UK,Leeds,QP04,The Light,Q-Park,53.800384,-1.54606,402,3.8,35.0,,"The Light, Headrow, Leeds, LS1 8TL",https://www.q-park.co.uk/en-gb/cities/leeds/the-light/,GBP
UK,Leeds,QP05,Wellington Street,Q-Park,53.797744,-1.555993,370,,21.0,True,"Castle Street (off Lisbon St), Leeds, LS1 4LT",https://www.q-park.co.uk/en-gb/cities/leeds/wellington-street/,GBP
UK,Leeds,NCP01,The Markets,NCP,53.796697,-1.537662,646,2.5,15.0,,"The Markets, York Street, Leeds, LS2 7EA",https://www.ncp.co.uk/find-a-car-park/car-parks/leeds-the-markets/,GBP
UK,Leeds,NCP02,Wellington Place,NCP,53.796263,-1.558331,509,5.0,25.0,True,"Wellington Place, Leeds, LS1 4AJ",https://www.ncp.co.uk/find-a-car-park/car-parks/leeds-wellington-place/,GBP
UK,Leeds,APX01,The Core,Apex Parking,53.798444,-1.544999,258,4.0,24.0,,"78 Albion Street, Leeds, LS1 6AD",https://apex-parking.co.uk/car-parks/the-core-leeds/,GBP
UK,Leeds,T2401,Water Lane,Times24 UK Limited,53.791972,-1.548373,26,2.0,18.0,,"5 Water Lane, Holbeck, Leeds, LS11 5QA",https://www.times24.co.uk/locations/leeds-water-lane,GBP
UK,Leeds,T2402,Lovell Park Hill,Times24 UK Limited,53.804661,-1.538731,34,,5.0,,"92 Lovell Park Hill, Leeds, LS7 1DE",https://www.times24.co.uk/locations/leeds-lovell-park-hill,GBP
UK,Leeds,AP01,Leeds Station,APCOA,53.794877,-1.549563,307,,25.8,True,"Aire Street, Leeds, LS1 4HT",https://www.apcoa.co.uk/find-parking/locations/leeds/leeds-station,GBP
UK,Leeds,AP02,Trinity Leeds,APCOA,53.79461123,-1.54390285,400,,38.6,,"Albion Street, Leeds, LS1 4AG",https://www.apcoa.co.uk/find-parking/locations/leeds/trinity-leeds,GBP
UK,Leeds,LCC01,Hunslet Lane,Leeds City Council,53.792901,-1.540848,35,,9.0,,"Hunslet Lane, Leeds, LS10 1ES",https://www.leeds.gov.uk/parking-roads-and-travel/parking/city-centre-car-parks/hunslet-lane-car-park,GBP
UK,Leeds,LCC02,West Street,Leeds City Council,53.798356,-1.560304,238,,9.5,,"Wellington Street, Leeds, LS1 4PD",https://www.leeds.gov.uk/parking-roads-and-travel/parking/city-centre-car-parks/west-street-car-park,GBP
UK,Leeds,LCC03,Woodhouse Lane,Leeds City Council,53.804986,-1.546969,1240,,16.0,True,"Woodhouse Lane, Leeds, LS2 3AX",https://www.leeds.gov.uk/parking-roads-and-travel/parking/city-centre-car-parks/woodhouse-lane-car-park,GBP
UK,Edinburgh,QP01,Capital Square,Q-Park,55.94663,-3.20975,166,4.9,36.0,True,"West Approach Road, EH3 8BP Edinburgh",https://www.q-park.co.uk/en-gb/cities/edinburgh/capital-square/,GBP
UK,Edinburgh,QP02,OMNI,Q-Park,55.9555805,-3.185308,1000,3.9,30.0,True,"Greenside Row, EH1 3AN Edinburgh",https://www.q-park.co.uk/en-gb/cities/edinburgh/omni/,GBP
UK,Edinburgh,QP03,Quartermile,Q-Park,55.943562,-3.192594,374,4.5,30.5,,"Simpson Loan, EH3 9AU Edinburgh",https://www.q-park.co.uk/en-gb/cities/edinburgh/quartermile/,GBP
UK,Edinburgh,NCP01,Castle Terrace,NCP,55.9475372,-3.2032391,750,6.95,35.95,True,"Castle Terrace, EH1 2EW Edinburgh",https://www.ncp.co.uk/find-a-car-park/car-parks/edinburgh-castle-terrace/,GBP
UK,Edinburgh,NCP02,Holyrood (St Johns Hill),NCP,55.94904,-3.1815097,297,4.45,25.95,,"2 Viewcraig Gardens, EH8 9UL Edinburgh",https://www.ncp.co.uk/find-a-car-park/car-parks/edinburgh-st-johns-hill/,GBP
UK,Edinburgh,APC01,Edinburgh Park,APCOA,55.93037234,-3.31703784,480,,12.0,True,"2 Airborne Place, EH12 9GR Edinburgh",https://www.apcoa.co.uk/parking-in/edinburgh/edinburgh-park/,GBP
UK,Edinburgh,APC02,Edinburgh Waverley Station (Long Stay),APCOA,55.952486,-3.183116,537,5.0,25.0,True,"New Street, EH8 8BH Edinburgh",https://www.apcoa.co.uk/parking-in/edinburgh/edinburgh-waverley-station-long-stay/,GBP
UK,Edinburgh,SJQ01,St James Quarter,Westfield (URW),55.9550048,-3.1876187,1600,4.2,28.2,True,"St James Crescent, EH1 3AD Edinburgh",https://www.westfield.com/en/united-kingdom/stjamesquarter/parking,GBP
UK,Bristol,QP01,Harbourside,Q-Park,51.4493392,-2.6025336,605,3.0,17.0,True,"10 Canons Way, BS1 5LF Bristol",https://www.q-park.co.uk/en-gb/cities/bristol/harbourside/,GBP
UK,Bristol,QP02,Rupert Street,Q-Park,51.4570027,-2.5943117,498,4.0,28.0,,"Rupert Street, BS1 2PY Bristol",https://www.q-park.co.uk/en-gb/cities/bristol/rupert-street/,GBP
UK,Bristol,QP03,St James Barton,Q-Park,51.4595928,-2.5890729,319,4.0,28.0,,"Bond Street, BS1 3LJ Bristol",https://www.q-park.co.uk/en-gb/cities/bristol/st-james-barton/,GBP
UK,Bristol,AP01,Bristol Parkway - Main,APCOA,51.514199,-2.54326,1789,,,True,"Stoke Gifford, BS34 8PU Bristol",https://www.apcoa.co.uk/find-parking/locations/bristol/bristol-parkway-main-bristol/,GBP
UK,Bristol,AP02,Bristol Parkway - Short Stay,APCOA,51.514199,-2.54326,29,,,,"Stoke Gifford, BS34 8PU Bristol",https://www.apcoa.co.uk/find-parking/locations/bristol/bristol-parkway-short-stay-bristol/,GBP
UK,Bristol,AP03,Bristol Temple Meads,APCOA,51.448604,-2.583357,309,,,,"Temple Gate, BS1 6QF Bristol",https://www.apcoa.co.uk/find-parking/locations/bristol/bristol-temple-meads-bristol/,GBP
UK,Bristol,NCP01,Broadmead,NCP,51.4566,-2.58559,435,,,,"Broadmead, Lower Castle Street, BS1 3AF Bristol",https://www.ncp.co.uk/find-a-car-park/car-parks/bristol-broadmead/,GBP
UK,Bristol,NCP02,Clifton Down,NCP,51.4622874,-2.6127901,339,,,,"Clifton Down, Alma Road, BS8 2DB Bristol",https://www.ncp.co.uk/find-a-car-park/car-parks/bristol-clifton-down/,GBP
UK,Bristol,NCP03,Temple Way,NCP,51.4507538,-2.5848727,405,,,,"Temple Way, Rose Street, BS1 6HG Bristol",https://www.ncp.co.uk/find-a-car-park/car-parks/bristol-temple-way/,GBP
UK,Bristol,NCP04,Tollgate,NCP,51.4604,-2.5797056,1100,,,,"Tollgate, Wellington Road, BS2 9DQ Bristol",https://www.ncp.co.uk/find-a-car-park/car-parks/bristol-tollgate/,GBP
UK,Bristol,NCP05,Avon Street,NCP,51.4499,-2.57647,26,,,,"68-72 Avon Street, BS2 0QH Bristol",https://www.ncp.co.uk/find-a-car-park/car-parks/bristol-avon-street/,GBP
UK,Bristol,NCP06,Cumberland Place,NCP,51.4502745,-2.6224024,96,,,,"Cumberland Place, BS8 4NA Bristol",https://www.ncp.co.uk/find-a-car-park/car-parks/bristol-cumberland-place/,GBP
UK,Bristol,NCP07,Montague Street,NCP,51.4601452,-2.593311,80,,,,"Montague Street, BS1 3NW Bristol",https://www.ncp.co.uk/find-a-car-park/car-parks/bristol-montague-street/,GBP
UK,Bristol,NCP08,Wilder Street,NCP,51.4617143,-2.5873775,35,,,,"Wilder Street, St Paul's, BS2 8QX Bristol",https://www.ncp.co.uk/find-a-car-park/car-parks/bristol-wilder-street/,GBP
UK,Bristol,BCC01,Bristol First Hotel short stay car park,Bristol City Council,51.4553611,-2.5896933,33,2.7,10.8,,"Church Street, Temple, BS1 6BQ Bristol",https://www.bristol.gov.uk/residents/parking/where-to-park-in-bristol/bristol-first-hotel-short-stay-car-park,GBP
UK,Bristol,BCC02,Brunswick Square short stay car park,Bristol City Council,51.4599322,-2.5877952,44,3.5,,,"Brunswick Square, St Pauls, BS2 8PE Bristol",https://www.bristol.gov.uk/residents/parking/where-to-park-in-bristol/brunswick-square-short-stay-car-park,GBP
UK,Bristol,BCC03,College Street short stay car park,Bristol City Council,51.4523052,-2.6035518,214,2.7,,True,"St George's Road, BS1 5UU Bristol",https://www.bristol.gov.uk/residents/parking/where-to-park-in-bristol/college-street-short-stay-car-park,GBP
UK,Bristol,BCC04,Frog Lane short stay car park,Bristol City Council,51.4531008,-2.601987,10,2.7,,,"Frog Lane, BS1 5UY Bristol",https://www.bristol.gov.uk/residents/parking/where-to-park-in-bristol/frog-lane-short-stay-car-park,GBP
UK,Bristol,BCC05,Lower Guinea Street long stay car park,Bristol City Council,51.4464803,-2.5941991,17,2.7,19.6,,"Lower Guinea Street, BS1 6SY Bristol",https://www.bristol.gov.uk/residents/parking/where-to-park-in-bristol/lower-guinea-street-long-stay-car-park,GBP
UK,Bristol,BCC06,Mardyke Wharf long stay car park,Bristol City Council,51.4500834,-2.6164441,12,2.7,19.6,,"Hotwell Road, BS8 4UR Bristol",https://www.bristol.gov.uk/residents/parking/where-to-park-in-bristol/mardyke-wharf-long-stay-car-park,GBP
UK,Bristol,BCC07,Maritime Heritage Centre short stay car park,Bristol City Council,51.4485818,-2.6068907,167,,13.5,,"Gasferry Road, Harbourside, BS1 6TY Bristol",https://www.bristol.gov.uk/residents/parking/where-to-park-in-bristol/maritime-heritage-centre-short-stay-car-park,GBP
UK,Bristol,BCC08,Portwall Lane long stay car park,Bristol City Council,51.4495092,-2.5890844,130,2.7,19.6,,"Portwall Lane, BS1 6NB Bristol",https://www.bristol.gov.uk/residents/parking/where-to-park-in-bristol/portwall-lane-long-stay-car-park,GBP
UK,Bristol,BCC09,Queen Square short stay car park,Bristol City Council,51.4504525,-2.5935739,159,3.5,,,"Queen Square, BS1 4NT Bristol",https://www.bristol.gov.uk/residents/parking/where-to-park-in-bristol/queen-square-short-stay-car-park,GBP
UK,Bristol,BCC10,Redcliffe Parade long stay car park,Bristol City Council,51.4482768,-2.5922874,33,2.7,19.6,,"Redcliffe Parade, BS1 6SW Bristol",https://www.bristol.gov.uk/residents/parking/where-to-park-in-bristol/redcliffe-parade-long-stay-car-park,GBP
UK,Bristol,BCC11,Temple Gate long stay car park,Bristol City Council,51.4485344,-2.5835838,263,2.7,19.6,True,"Temple Gate, Temple, BS1 6PL Bristol",https://www.bristol.gov.uk/residents/parking/where-to-park-in-bristol/temple-gate-long-stay-car-park,GBP
UK,Bristol,BCC12,The Grove long stay car park,Bristol City Council,51.449365,-2.596067,138,2.7,19.6,True,"The Grove, Harbourside, BS1 4RB Bristol",https://www.bristol.gov.uk/residents/parking/where-to-park-in-bristol/the-grove-long-stay-car-park,GBP
UK,Bristol,BCC13,Trenchard Street long stay car park,Bristol City Council,51.4553882,-2.598016,936,2.7,19.6,True,"Trenchard Street, West End, BS1 5AN Bristol",https://www.bristol.gov.uk/residents/parking/where-to-park-in-bristol/trenchard-street-long-stay-car-park,GBP
UK,Bristol,BCC14,Wapping Wharf short stay car park,Bristol City Council,51.4478261,-2.5967205,39,2.7,13.5,,"Wapping Road, BS1 6JL Bristol",https://www.bristol.gov.uk/residents/parking/where-to-park-in-bristol/wapping-wharf-short-stay-car-park,GBP
UK,Bristol,BCC15,West End long stay car park,Bristol City Council,51.4557062,-2.6088927,750,2.7,19.6,True,"Berkeley Place, BS8 1EH Bristol",https://www.bristol.gov.uk/residents/parking/where-to-park-in-bristol/west-end-long-stay-car-park,GBP
UK,Bristol,EC01,Wapping Wharf (long stay),Euro Car Parks,51.446944,-2.5966307,600,,12.0,,"7 Wapping Road, BS1 4RH Bristol",https://opendata.bristol.gov.uk/datasets/car-parks,GBP
UK,Cardiff,QP01,Cardiff Bay,Q-Park,51.46587,-3.161651,1239,2.0,15.0,,"Pierhead Street, Cardiff, CF10 4PH",https://www.q-park.co.uk/en-gb/cities/cardiff/cardiff-bay/,GBP
UK,Cardiff,QP02,Greyfriars,Q-Park,51.4833225,-3.1759306,254,6.5,35.0,,"Greyfriars Road, Cardiff, CF10 3AD",https://www.q-park.co.uk/en-gb/cities/cardiff/greyfriars/,GBP
UK,Cardiff,QP03,Westgate Street,Q-Park,51.4799869,-3.1805983,330,6.0,32.0,,"Quay Street, Cardiff, CF10 1DZ",https://www.q-park.co.uk/en-gb/cities/cardiff/westgate-street/,GBP
UK,Cardiff,NCP01,Dumfries Place,NCP,51.4840347,-3.1714909,955,2.5,25.0,,"Dumfries Place, Off St Andrews Lane, Cardiff, CF10 3FN",https://www.ncp.co.uk/find-a-car-park/car-parks/cardiff-dumfries-place/,GBP
UK,Cardiff,NCP02,Knox Road,NCP,51.4822571,-3.1679971,747,3.0,25.0,,"1 Knox Road, Cardiff, CF24 0EA",https://www.ncp.co.uk/find-a-car-park/car-parks/cardiff-knox-road/,GBP
UK,Cardiff,NCP03,Stadium (Castle Court),NCP,51.4799792,-3.182134,82,5.95,32.95,,"Castle Court, Westgate Street, Cardiff, CF10 1DB",https://www.ncp.co.uk/find-a-car-park/car-parks/cardiff-stadium/,GBP
UK,Cardiff,NCP04,Oxford Lane,NCP,51.4857,-3.16483,37,,9.95,,"Oxford Lane, Cardiff, CF24 3DU",https://www.ncp.co.uk/find-a-car-park/car-parks/cardiff-oxford-lane/,GBP
UK,Cardiff,NCP05,Park Place,NCP,51.4863,-3.17624,13,,10.95,,"2 Museum Place, Cardiff, CF10 3BG",https://www.ncp.co.uk/find-a-car-park/car-parks/cardiff-park-place/,GBP
UK,Cardiff,AP01,Capitol Shopping Centre,APCOA,51.481923,-3.171709,388,,,,"North Edward Street, Cardiff, CF10 2HH",https://www.apcoa.co.uk/find-parking/locations/cardiff/capitol-shopping-centre-cardiff,GBP
UK,Cardiff,AP02,Cardiff Central Quay Station,APCOA,51.473722,-3.179366,681,,,True,"Crawshay Street, Cardiff, CF10 5DS",https://www.apcoa.co.uk/find-parking/locations/cardiff/cardiff-central-quay-station,GBP
UK,Cardiff,AP03,Llandaff Station,APCOA,51.50815224,-3.22820207,99,0.0,,,"Station Road, Llandaff, Cardiff, CF4 2EZ",https://www.apcoa.co.uk/find-parking/locations/cardiff/llandaff-station-cardiff,GBP
UK,Cardiff,CC01,Castle Mews,Cardiff Council,51.4858409,-3.1852962,48,3.5,,True,"Castle Mews, Cardiff, CF10 3ER",https://www.cardiff.gov.uk/ENG/resident/Parking-roads-and-travel/parking/Car-parks/Pages/Car-Parks.aspx,GBP
UK,Cardiff,CC02,North Road,Cardiff Council,51.48884,-3.18554,189,3.0,12.0,True,"North Road, Cardiff, CF10 3DU",https://www.cardiff.gov.uk/ENG/resident/Parking-roads-and-travel/parking/Car-parks/Pages/Car-Parks.aspx,GBP
UK,Cardiff,CC03,Sophia Gardens,Cardiff Council,51.48199,-3.18905,284,3.5,24.5,True,"Sophia Gardens, Cardiff, CF11 9FH",https://www.cardiff.gov.uk/ENG/resident/Parking-roads-and-travel/parking/Car-parks/Pages/Car-Parks.aspx,GBP
UK,Cardiff,CC04,Cardiff Bay Havannah Street,Cardiff Council,51.46116,-3.16732,238,2.5,24.0,,"Havannah Street, Cardiff Bay, Cardiff, CF10 5SG",https://www.cardiff.gov.uk/ENG/resident/Parking-roads-and-travel/parking/Car-parks/Pages/Car-Parks.aspx,GBP
UK,Cardiff,CC05,The Barrage,Cardiff Council,51.4457969,-3.1669268,119,2.2,,,"The Barrage, Cardiff Bay, Cardiff, CF64 1LQ",https://www.cardiff.gov.uk/ENG/resident/Parking-roads-and-travel/parking/Car-parks/Pages/Car-Parks.aspx,GBP
UK,Cardiff,CC06,Gray Street,Cardiff Council,51.4818049,-3.2012413,89,,,,"Gray Street, Canton, Cardiff, CF11 9NE",https://www.cardiff.gov.uk/ENG/resident/Parking-roads-and-travel/parking/Car-parks/Pages/Car-Parks.aspx,GBP
UK,Cardiff,CC07,Harvey Street,Cardiff Council,51.4824399,-3.20487,64,,,,"Harvey Street, Canton, Cardiff, CF5 1QW",https://www.cardiff.gov.uk/ENG/resident/Parking-roads-and-travel/parking/Car-parks/Pages/Car-Parks.aspx,GBP
UK,Cardiff,CC08,Severn Road,Cardiff Council,51.48163,-3.1979559,79,,,True,"Severn Road, Canton, Cardiff, CF11 9DX",https://www.cardiff.gov.uk/ENG/resident/Parking-roads-and-travel/parking/Car-parks/Pages/Car-Parks.aspx,GBP
UK,Cardiff,CC09,Wellington Street,Cardiff Council,51.48069,-3.1932603,33,,,,"Wellington Street, Canton, Cardiff, CF11 9BL",https://www.cardiff.gov.uk/ENG/resident/Parking-roads-and-travel/parking/Car-parks/Pages/Car-Parks.aspx,GBP
UK,Cardiff,CC10,Heathwood Lane,Cardiff Council,51.51455,-3.18368,35,,,,"Heathwood Lane, Heath, Cardiff, CF14 4EL",https://www.cardiff.gov.uk/ENG/resident/Parking-roads-and-travel/parking/Car-parks/Pages/Car-Parks.aspx,GBP
UK,Cardiff,CC11,Heath Park Model Railway,Cardiff Council,51.5120099,-3.1830599,36,,,,"Heath Park, Cardiff, CF14 4EN",https://www.cardiff.gov.uk/ENG/resident/Parking-roads-and-travel/parking/Car-parks/Pages/Car-Parks.aspx,GBP
UK,Cardiff,CC12,Heath Park Main,Cardiff Council,51.5106776,-3.1863653,236,,5.0,True,"Heath Park, Cardiff, CF14 4EP",https://www.cardiff.gov.uk/ENG/resident/Parking-roads-and-travel/parking/Car-parks/Pages/Car-Parks.aspx,GBP
UK,Cardiff,CC13,Llandaff High Street,Cardiff Council,51.49405,-3.21866,82,,,True,"Llandaff High Street, Cardiff, CF5 2DX",https://www.cardiff.gov.uk/ENG/resident/Parking-roads-and-travel/parking/Car-parks/Pages/Car-Parks.aspx,GBP
UK,Cardiff,CC14,Llandaff Fields and Turning Head,Cardiff Council,51.49011,-3.2033299,80,,,True,"Llandaff Fields, Cardiff, CF11 9JQ",https://www.cardiff.gov.uk/ENG/resident/Parking-roads-and-travel/parking/Car-parks/Pages/Car-Parks.aspx,GBP
UK,Cardiff,CC15,Pontcanna Fields,Cardiff Council,51.4916399,-3.2019,149,,5.0,True,"Pontcanna Fields, Cardiff, CF11 9HY",https://www.cardiff.gov.uk/ENG/resident/Parking-roads-and-travel/parking/Car-parks/Pages/Car-Parks.aspx,GBP
UK,Cardiff,CC16,Whitchurch Merthyr Road,Cardiff Council,51.512507,-3.2190414,64,,,,"Merthyr Road, Whitchurch, Cardiff, CF14 1DB",https://www.cardiff.gov.uk/ENG/resident/Parking-roads-and-travel/parking/Car-parks/Pages/Car-Parks.aspx,GBP
UK,Cardiff,CC17,Penylan Library,Cardiff Council,51.49653,-3.16579,52,,5.0,True,"Penylan Library, Cardiff, CF23 5EE",https://www.cardiff.gov.uk/ENG/resident/Parking-roads-and-travel/parking/Car-parks/Pages/Car-Parks.aspx,GBP
UK,Cardiff,CC18,Penlline Road,Cardiff Council,51.5139077,-3.2213628,55,,,True,"Penlline Road, Cardiff, CF14 2AA",https://www.cardiff.gov.uk/ENG/resident/Parking-roads-and-travel/parking/Car-parks/Pages/Car-Parks.aspx,GBP
UK,Nottingham,QP01,Nottingham Central,Q-Park,52.9571295,-1.1548664,152,3.0,24.5,,"Chaucer Street, Nottingham, NG1 5LP",https://www.q-park.co.uk/en-gb/cities/nottingham/nottingham-central/,GBP
UK,Nottingham,QP02,Stoney Street,Q-Park,52.952575,-1.143396,289,5.0,21.0,,"Stoney Street, Nottingham, NG1 1LS",https://www.q-park.co.uk/en-gb/cities/nottingham/stoney-street/,GBP
UK,Nottingham,QP03,Talbot Street,Q-Park,52.9562212,-1.1548044,440,3.0,24.5,True,"Stanley Place, Nottingham, NG1 5GS",https://www.q-park.co.uk/en-gb/cities/nottingham/talbot-street/,GBP
UK,Nottingham,NCP01,St James Street,NCP,52.9519492,-1.1536319,338,4.0,16.0,,"5 St James Street, Nottingham, NG1 6EY",https://www.ncp.co.uk/find-a-car-park/car-parks/nottingham-st-james-street/,GBP
UK,Nottingham,NCP02,Mount Street,NCP,52.9531166,-1.1542057,455,4.95,19.95,,"Mount Street, Nottingham, NG1 6HG",https://www.ncp.co.uk/find-a-car-park/car-parks/nottingham-mount-street/,GBP
UK,Nottingham,NCP03,Maid Marian Way,NCP,52.9496325,-1.1503766,412,2.95,9.95,,"Arndale Centre, Maid Marian Way, Nottingham, NG1 6AE",https://www.ncp.co.uk/find-a-car-park/car-parks/nottingham-arndale-centre/,GBP
UK,Nottingham,AP01,Nottingham Station Car Park,APCOA,52.94658474,-1.14414156,880,,10.5,,"Queen's Road, Nottingham, NG2 3AQ",https://www.apcoa.co.uk/find-parking/locations/nottingham/nottingham-station-car-park-nottingham,GBP
UK,Nottingham,NCC01,Broad Marsh,Nottingham City Council,52.9480233,-1.1476268,1304,,18.0,True,"Carrington Street, Nottingham, NG1 7EL",https://parking.nottinghamcity.gov.uk/uploads/generic/NCC-Parking-Leaflet-Update-August-2025_WEB.pdf,GBP
UK,Nottingham,NCC02,Trinity Square,Nottingham City Council,52.956881,-1.1497693,440,,20.0,,"North Church Street, Nottingham, NG1 4BT",https://parking.nottinghamcity.gov.uk/uploads/generic/NCC-Parking-Leaflet-Update-August-2025_WEB.pdf,GBP
UK,Nottingham,NCC03,Lace Market,Nottingham City Council,52.9523464,-1.1452303,524,,19.5,True,"Pilcher Gate, Nottingham, NG1 1QE",https://parking.nottinghamcity.gov.uk/uploads/generic/NCC-Parking-Leaflet-Update-August-2025_WEB.pdf,GBP
UK,Nottingham,NCC04,Curzon Street,Nottingham City Council,52.9578638,-1.1429906,100,,18.5,,"Curzon Street, Nottingham, NG3 1DG",https://parking.nottinghamcity.gov.uk/uploads/generic/NCC-Parking-Leaflet-Update-August-2025_WEB.pdf,GBP
UK,Nottingham,NCC05,Nottingham Castle,Nottingham City Council,52.948648,-1.1495564,55,,15.0,,"Canal Street, Nottingham, NG1 7EH",https://parking.nottinghamcity.gov.uk/uploads/generic/NCC-Parking-Leaflet-Update-August-2025_WEB.pdf,GBP
UK,Nottingham,NCC06,Sneinton Market Square,Nottingham City Council,52.9549967,-1.1366395,49,2.0,12.0,True,"Aberdeen Street, Nottingham, NG3 1JB",https://parking.nottinghamcity.gov.uk/uploads/generic/NCC-Parking-Leaflet-Update-August-2025_WEB.pdf,GBP
UK,Nottingham,NCC07,Manvers Street,Nottingham City Council,52.9526948,-1.1362897,45,,,,"Manvers Street, Nottingham, NG2 4BP",https://parking.nottinghamcity.gov.uk/uploads/generic/NCC-Parking-Leaflet-Update-August-2025_WEB.pdf,GBP
UK,Newcastle-Upon-Tyne,QP01,John Dobson Street,Q-Park,54.9762185,-1.6114099,527,3.0,18.0,,"John Dobson Street, Newcastle-Upon-Tyne, NE1 8HL",https://www.q-park.co.uk/en-gb/cities/newcastle-upon-tyne/john-dobson-street/,GBP
UK,Newcastle-Upon-Tyne,QP02,Stowell Street,Q-Park,54.9730941,-1.6194269,266,,24.0,True,"Stowell Street, Newcastle-Upon-Tyne, NE1 4YB",https://www.q-park.co.uk/en-gb/cities/newcastle-upon-tyne/stowell-street/,GBP
UK,Newcastle-Upon-Tyne,NCC01,Eldon Square car park,Newcastle City Council,54.976058,-1.615535,497,2.9,,True,"Percy Street, Newcastle upon Tyne, NE1 7RZ",https://new.newcastle.gov.uk/parking/car-parks/find/eldon-square,GBP
UK,Newcastle-Upon-Tyne,NCC02,Quayside car park,Newcastle City Council,54.971336,-1.605238,499,1.5,11.0,True,"City Road, Newcastle upon Tyne, NE1 2AQ",https://new.newcastle.gov.uk/parking/car-parks/find/quayside,GBP
UK,Newcastle-Upon-Tyne,NCC03,Manors car park,Newcastle City Council,54.972723,-1.606598,486,1.4,10.0,,"Trafalgar Street, Newcastle upon Tyne, NE1 2LA",https://new.newcastle.gov.uk/parking/car-parks/find/manors,GBP
UK,Newcastle-Upon-Tyne,NCC04,Eldon Garden car park,Newcastle City Council,54.975617,-1.617011,445,2.6,13.0,True,"Percy Street, Newcastle upon Tyne, NE1 7RA",https://new.newcastle.gov.uk/parking/car-parks/find/eldon-garden,GBP
UK,Newcastle-Upon-Tyne,NCC05,Grainger Town car park,Newcastle City Council,54.969333,-1.622255,401,1.7,11.0,True,"Waterloo Street, Newcastle upon Tyne, NE1 4DP",https://new.newcastle.gov.uk/parking/car-parks/find/grainger-town-car-park,GBP
UK,Newcastle-Upon-Tyne,NCC06,NUFC Stadium car park,Newcastle City Council,54.975902,-1.624431,545,1.4,,,"Barrack Road, Newcastle upon Tyne, NE1 4ST",https://new.newcastle.gov.uk/parking/car-parks/find/nufc-stadium,GBP
UK,Newcastle-Upon-Tyne,NCC07,Civic Centre car park,Newcastle City Council,54.979492,-1.610489,267,2.1,,True,"Civic Centre, Newcastle upon Tyne, NE1 8PB",https://new.newcastle.gov.uk/parking/car-parks/find/civic-centre,GBP
UK,Newcastle-Upon-Tyne,NCC08,Dean Street car park,Newcastle City Council,54.970239,-1.60904,257,2.3,,True,"22 Dean Street, Newcastle upon Tyne, NE1 1PG",https://new.newcastle.gov.uk/parking/car-parks/find/dean-street,GBP
UK,Newcastle-Upon-Tyne,NCC09,Spillers car park,Newcastle City Council,54.970613,-1.586996,144,0.7,,,"Quayside, Newcastle upon Tyne, NE6 1AP",https://new.newcastle.gov.uk/parking/car-parks/find/spillers,GBP
UK,Newcastle-Upon-Tyne,NCC10,St Georges car park,Newcastle City Council,54.979861,-1.60512,139,1.5,,,"Sandyford Road, Newcastle upon Tyne, NE2 1DF",https://new.newcastle.gov.uk/parking/car-parks/find/st-georges,GBP
UK,Newcastle-Upon-Tyne,NCC11,Oxford car park,Newcastle City Council,54.975026,-1.608111,139,2.1,,,"Oxford Street, Newcastle upon Tyne, NE1 8AN",https://new.newcastle.gov.uk/parking/car-parks/find/oxford,GBP
UK,Newcastle-Upon-Tyne,NCC12,Ellison Place car park,Newcastle City Council,54.975889,-1.608243,119,2.3,,,"Ellison Place, Newcastle upon Tyne, NE1 8ST",https://new.newcastle.gov.uk/parking/car-parks/find/ellison-place,GBP
UK,Newcastle-Upon-Tyne,T2401,Newcastle Corporation Street,Times24,54.971857,-1.626932,9,,,,"Cross Villa Place No 4, Newcastle upon Tyne, NE4 5QF",https://www.times24.co.uk/our-car-parks,GBP
UK,Newcastle-Upon-Tyne,T2402,Newcastle Framlington Place,Times24,54.982571,-1.621573,3,,,,"1 Framlington Place, Newcastle upon Tyne, NE2 4AD",https://www.times24.co.uk/our-car-parks,GBP
UK,Newcastle-Upon-Tyne,T2403,Newcastle Jesmond Dun Cow,Times24,54.985061,-1.60978,22,,,,"Dun Cow, Brandling Park Village, Jesmond, Newcastle upon Tyne, NE2 4RS",https://www.times24.co.uk/our-car-parks,GBP
UK,Newcastle-Upon-Tyne,T2404,Newcastle Lovers Lane,Times24,54.982188,-1.621794,4,,,,"Lovers Lane, Newcastle upon Tyne, NE2 4AB",https://www.times24.co.uk/our-car-parks,GBP
UK,Newcastle-Upon-Tyne,T2405,Newcastle North Street,Times24,54.975958,-1.611222,38,,,,"North Street, Newcastle upon Tyne, NE1 8DF",https://www.times24.co.uk/our-car-parks,GBP
UK,Newcastle-Upon-Tyne,T2406,Newcastle Queens Lane 1,Times24,54.968653,-1.611095,12,,,,"Queens Lane, Newcastle upon Tyne, NE1 1RQ",https://www.times24.co.uk/our-car-parks,GBP
UK,Newcastle-Upon-Tyne,T2407,Newcastle Queens Lane 2,Times24,54.968403,-1.611126,6,,,,"Queens Lane, Newcastle upon Tyne, NE1 1RQ",https://www.times24.co.uk/our-car-parks,GBP
UK,Newcastle-Upon-Tyne,T2408,Newcastle Riverside,Times24,54.968069,-1.608987,21,,,,"Neptune House, 1 Close, Newcastle upon Tyne, NE1 3RQ",https://www.times24.co.uk/our-car-parks,GBP
UK,Newcastle-Upon-Tyne,T2409,Newcastle St John Street,Times24,54.970468,-1.614992,16,,,,"St John Street, Newcastle upon Tyne, NE1 5JG",https://www.times24.co.uk/our-car-parks,GBP
UK,Newcastle-Upon-Tyne,T2410,Newcastle Stoddart Street,Times24,54.976871,-1.598743,8,,,,"Shieldfield Service Station, Newcastle upon Tyne, NE2 1AN",https://www.times24.co.uk/our-car-parks,GBP
UK,York,QP01,Barbican,Q-Park,53.952796,-1.074128,313,,21.5,True,"Kent Street, York, YO10 4AH",https://www.q-park.co.uk/en-gb/cities/york/barbican/,GBP
UK,York,QP02,Shambles,Q-Park,53.958257,-1.076638,265,,29.5,True,"Garden Place, York, YO1 7NT",https://www.q-park.co.uk/en-gb/cities/york/shambles/,GBP
UK,York,CYC01,Bishopthorpe Road,City of York Council,53.951247,-1.0856631,39,3.0,,False,"Bishopthorpe Road, York, YO23 1NA",https://www.york.gov.uk/directory-record/396/bishopthorpe-road-car-park,GBP
UK,York,CYC02,Bootham Row,City of York Council,53.963792,-1.0853887,73,5.0,,True,"Bootham Row, York, YO30 7BP",https://www.york.gov.uk/directory-record/397/bootham-row-car-park,GBP
UK,York,CYC03,Castle,City of York Council,53.956096,-1.0791868,298,5.0,,False,"Tower Street, York, YO1 9SA",https://www.york.gov.uk/directory-record/399/castle-car-park,GBP
UK,York,CYC04,Coppergate Centre,City of York Council,53.957194,-1.0793913,276,5.0,,False,"Piccadilly, York, YO1 9NX",https://www.york.gov.uk/directory-record/428/coppergate-centre-car-park,GBP
UK,York,CYC05,East Parade,City of York Council,53.9653,-1.0663323,14,3.0,,True,"East Parade, Heworth, York, YO31 0XH",https://www.york.gov.uk/directory-record/403/east-parade-car-park,GBP
UK,York,CYC06,Esplanade,City of York Council,53.960392,-1.0909042,80,5.0,,False,"West Esplanade, York, YO26 4ZP",https://www.york.gov.uk/directory-record/404/esplanade-car-park,GBP
UK,York,CYC07,Foss Bank,City of York Council,53.962007,-1.0752919,320,5.0,23.2,False,"Jewbury, York, YO31 7PL",https://www.york.gov.uk/directory-record/405/foss-bank-car-park,GBP
UK,York,CYC08,Marygate,City of York Council,53.962328,-1.0913803,356,5.0,23.2,True,"Frederic Street, York, YO30 7DT",https://www.york.gov.uk/directory-record/418/marygate-car-park,GBP
UK,York,CYC09,Monk Bar,City of York Council,53.964386,-1.0783945,225,5.0,23.2,False,"St John's Street, York, YO31 7QR",https://www.york.gov.uk/directory-record/421/monk-bar-car-park,GBP
UK,York,CYC10,Nunnery Lane,City of York Council,53.954805,-1.0890751,167,5.0,23.2,True,"Nunnery Lane, York, YO23 1AA",https://www.york.gov.uk/directory-record/424/nunnery-lane-car-park,GBP
UK,York,CYC11,Rowntree Park,City of York Council,53.949699,-1.0794649,52,3.0,,False,"Terry Avenue, York, YO23 1JQ",https://www.york.gov.uk/directory-record/431/rowntree-park-car-park,GBP
UK,York,CYC12,St George's Field,City of York Council,53.953412,-1.0796269,266,5.0,23.2,False,"Castle Mills Bridge, York, YO10 4AB",https://www.york.gov.uk/directory-record/2115/st-george-s-field-car-park,GBP
UK,York,CYC13,Union Terrace,City of York Council,53.966338,-1.083336,160,5.0,23.2,,"Union Terrace, Clarence Street, York, YO31 7ES",https://www.york.gov.uk/directory-record/2117/union-terrace-car-park,GBP
UK,York,NCP01,Tanner Row,NCP,53.957919,-1.087834,257,6.0,40.0,,"Tanner Row, York, YO1 6JL",https://www.ncp.co.uk/find-a-car-park/car-parks/york-tanner-row/,GBP
UK,York,NCP02,York Station South (Queen Street),NCP,53.955555,-1.0938,135,5.0,30.0,,"24 Queen Street, York, YO24 1AD",https://www.ncp.co.uk/find-a-car-park/car-parks/york-queen-street/,GBP
UK,York,APC01,York Commuter,APCOA,53.958476,-1.094789,205,,,,"Leeman Road, York, YO26 4XJ",https://www.apcoa.co.uk/find-parking/locations/york/york-commuter-york,GBP
UK,York,T2401,Toft Green,Times24,53.956973,-1.090574,6,,16.0,,"12 Toft Green, York, YO1 6JT",https://www.times24.co.uk/locations/york-toft-green,GBP
UK,Belfast,QP01,Victoria Square,Q-Park,54.5978135,-5.9240446,1083,3.8,27.0,True,"Victoria Square, Belfast, BT1 4QG",https://www.q-park.co.uk/en-gb/cities/belfast/victoria-square/,GBP
UK,Belfast,NCP01,Montgomery Street,NCP,54.5972138,-5.9265246,447,,,False,"Montgomery Street, Belfast, BT1 4NX",https://www.ncp.co.uk/find-a-car-park/car-parks/belfast-montgomery-street/,GBP
UK,Belfast,NCP02,The Tannery,NCP,54.6003,-5.93509,610,,,False,"1 Francis Street, Belfast, BT1 1EJ",https://www.ncp.co.uk/find-a-car-park/car-parks/belfast-the-tannery/,GBP
UK,Belfast,APC01,Lanyon Place,APCOA,54.59586,-5.918249,570,4.7,25.0,True,"6 Lanyon Place, Belfast, BT1 3LP",https://www.apcoa.co.uk/find-parking/locations/belfast/lanyon-place-belfast,GBP
UK,Belfast,APC02,Oxford Street (Hilton),APCOA,54.5967,-5.9197,220,4.1,25.0,True,"3 Lanyon Place, Belfast, BT1 3LP",https://www.apcoa.co.uk/find-parking/locations/belfast/oxford-street-hilton-belfast,GBP
UK,Belfast,BCC01,Dundela Crescent,Belfast City Council,54.599644,-5.879339,25,0.0,,False,"Dundela Crescent, Belfast, BT4 3BN",https://www.belfastcity.gov.uk/carparks,GBP
UK,Belfast,BCC02,Glenburn Road,Belfast City Council,54.5494554,-6.0056381,123,0.0,,True,"Glenburn Road, Belfast, BT17 9AG",https://www.belfastcity.gov.uk/carparks,GBP
UK,Belfast,BCC03,Grampian Avenue,Belfast City Council,54.5979099,-5.8860413,41,0.0,,False,"Grampian Avenue, Belfast, BT4 3AB",https://www.belfastcity.gov.uk/carparks,GBP
UK,Belfast,BCC04,Northumberland Street,Belfast City Council,54.6004683,-5.9470886,87,0.0,,False,"Northumberland Street, Belfast, BT13 2JF",https://www.belfastcity.gov.uk/carparks,GBP
UK,Belfast,BCC05,Parkgate Avenue,Belfast City Council,54.599773,-5.8866705,36,0.0,,False,"Parkgate Avenue, Belfast, BT4 1JA",https://www.belfastcity.gov.uk/carparks,GBP
UK,Belfast,BCC06,Ravenscroft Avenue,Belfast City Council,54.595718,-5.8866299,53,0.0,,False,"Ravenscroft Avenue, Belfast, BT5 5BA",https://www.belfastcity.gov.uk/carparks,GBP
UK,Belfast,BCC07,Sandown Road,Belfast City Council,54.5904887,-5.8648073,64,0.0,,False,"Sandown Road, Belfast, BT5 6GT",https://www.belfastcity.gov.uk/carparks,GBP
UK,Belfast,BCC08,Shaw's Bridge,Belfast City Council,54.5524593,-5.952671,57,0.0,,False,"Shaw's Bridge, Belfast, BT9 5YN",https://www.belfastcity.gov.uk/carparks,GBP
UK,Belfast,BCC09,Slievegallion Drive,Belfast City Council,54.5752143,-5.9937956,19,0.0,,False,"Slievegallion Drive, Belfast, BT11 8JP",https://www.belfastcity.gov.uk/carparks,GBP
UK,Belfast,BCC10,Stranmillis Road,Belfast City Council,54.5735682,-5.9328087,87,0.0,,False,"Stranmillis Road, Belfast, BT9 5DT",https://www.belfastcity.gov.uk/carparks,GBP
UK,Belfast,BCC11,Wandsworth Road,Belfast City Council,54.5977688,-5.8582726,22,0.0,,False,"Wandsworth Road, Belfast, BT4 3LS",https://www.belfastcity.gov.uk/carparks,GBP
UK,Belfast,BCC12,Westminster Avenue (east),Belfast City Council,54.5982101,-5.8881295,10,0.0,,False,"Westminster Avenue (east), Belfast, BT4 1QQ",https://www.belfastcity.gov.uk/carparks,GBP
UK,Belfast,BCC13,Westminster Avenue (north),Belfast City Council,54.5982101,-5.8881295,67,0.0,,False,"Westminster Avenue (north), Belfast, BT4 1QQ",https://www.belfastcity.gov.uk/carparks,GBP
UK,Belfast,BCC14,Westminster Avenue (west),Belfast City Council,54.5982101,-5.8881295,10,0.0,,False,"Westminster Avenue (west), Belfast, BT4 1QQ",https://www.belfastcity.gov.uk/carparks,GBP
UK,Belfast,BCC15,Whitla Street,Belfast City Council,54.610843,-5.9195685,50,0.0,,False,"Whitla Street, Belfast, BT15 1JP",https://www.belfastcity.gov.uk/carparks,GBP
UK,Belfast,BCC16,Ashdale Street,Belfast City Council,54.5968748,-5.8895324,85,0.3,2.7,False,"Ashdale Street, Belfast, BT5 5AX",https://www.belfastcity.gov.uk/carparks,GBP
UK,Belfast,BCC17,Charlotte Street,Belfast City Council,54.5908775,-5.9272026,90,0.7,7.5,False,"Charlotte Street, Belfast, BT7 1BG",https://www.belfastcity.gov.uk/carparks,GBP
UK,Belfast,BCC18,Corporation Square,Belfast City Council,54.6050618,-5.9228117,168,0.4,3.6,False,"Corporation Square, Belfast, BT1 3AJ",https://www.belfastcity.gov.uk/carparks,GBP
UK,Belfast,BCC19,Corporation Street,Belfast City Council,54.606409,-5.9223635,124,0.4,3.6,False,"Corporation Street, Belfast, BT1 3DG",https://www.belfastcity.gov.uk/carparks,GBP
UK,Belfast,BCC20,Cromac Street,Belfast City Council,54.5936004,-5.9248821,99,0.6,5.4,True,"Cromac Street, Belfast, BT2 8JN",https://www.belfastcity.gov.uk/carparks,GBP
UK,Belfast,BCC21,Dunbar Street,Belfast City Council,54.6026107,-5.9258722,32,1.0,9.0,False,"Dunbar Street, Belfast, BT2 1LH",https://www.belfastcity.gov.uk/carparks,GBP
UK,Belfast,BCC22,Exchange Street,Belfast City Council,54.60388,-5.9274114,46,0.8,8.0,False,"Exchange Street, Belfast, BT1 2LJ",https://www.belfastcity.gov.uk/carparks,GBP
UK,Belfast,BCC23,Hope Street North,Belfast City Council,54.5933608,-5.9346879,41,1.2,13.8,True,"Hope Street North, Belfast, BT12 5EE",https://www.belfastcity.gov.uk/carparks,GBP
UK,Belfast,BCC24,Kent Street,Belfast City Council,54.6028695,-5.9317993,66,1.0,9.0,False,"Kent Street, Belfast, BT1 2JA",https://www.belfastcity.gov.uk/carparks,GBP
UK,Belfast,BCC25,Little Donegall Street,Belfast City Council,54.6041597,-5.9322167,105,0.6,5.4,False,"Little Donegall Street, Belfast, BT1 2JD",https://www.belfastcity.gov.uk/carparks,GBP
UK,Belfast,BCC26,Little Victoria Street,Belfast City Council,54.5931517,-5.9334234,87,1.2,13.8,True,"Little Victoria Street, Belfast, BT2 7JH",https://www.belfastcity.gov.uk/carparks,GBP
UK,Belfast,BCC27,Marlborough Avenue,Belfast City Council,54.5758722,-5.9554326,31,0.2,1.8,False,"Marlborough Avenue, Belfast, BT9 7HB",https://www.belfastcity.gov.uk/carparks,GBP
UK,Belfast,BCC28,Smithfield (Winetavern Street),Belfast City Council,54.6016671,-5.9335728,107,1.2,13.8,False,"Smithfield (Winetavern Street), Belfast, BT1 1JQ",https://www.belfastcity.gov.uk/carparks,GBP
UK,Belfast,BCC29,Station Street,Belfast City Council,54.6013291,-5.9181142,115,0.6,5.4,False,"Station Street, Belfast, BT3 9DA",https://www.belfastcity.gov.uk/carparks,GBP
UK,Belfast,BCC30,York Street - Lancaster Street,Belfast City Council,54.6102271,-5.9222171,53,0.4,3.6,False,"York Street - Lancaster Street, Belfast, BT15 1AS",https://www.belfastcity.gov.uk/carparks,GBP
UK,Colchester,QP01,High Street,Q-Park,51.8917719,0.8974224,642,2.5,15.0,False,"Nunns Road, Colchester, CO1 1EJ",https://www.q-park.co.uk/en-gb/cities/colchester/high-street/,GBP
UK,Colchester,QP02,Osborne Street,Q-Park,51.8868277,0.9029274,601,2.0,7.5,False,"Osborne Street, Colchester, CO2 7DP",https://www.q-park.co.uk/en-gb/cities/colchester/osborne-street/,GBP
UK,Colchester,NCP01,Hythe Quay,NCP,51.8838,0.925504,20,,,False,"Garden House & Garden Court, Hythe Quay, Colchester, CO2 8JF",https://www.ncp.co.uk/find-a-car-park/car-parks/colchester-hythe-quay/,GBP
UK,Colchester,CCC01,St Johns,Colchester City Council,51.8869256,0.8986332,645,2.7,15.0,False,"St John's Walk, Colchester, CO2 7AL",https://www.new.colchester.gov.uk/city-centre-car-parks/st-johns,GBP
UK,Colchester,CCC02,Napier Road North,Colchester City Council,51.8831732,0.9026083,85,,4.7,False,"Napier Road, Colchester, CO2 7NR",https://www.new.colchester.gov.uk/city-centre-car-parks/napier-road-north,GBP
UK,Colchester,CCC03,Britannia,Colchester City Council,51.886641,0.9037894,369,2.6,12.7,False,"St Botolphs Street, Colchester, CO2 7EA",https://www.new.colchester.gov.uk/city-centre-car-parks/britannia,GBP
UK,Colchester,CCC04,Napier Road South,Colchester City Council,51.8833579,0.8994684,32,,4.7,False,"Circular Road East, Colchester, CO2 7GB",https://www.new.colchester.gov.uk/city-centre-car-parks/napier-road-south,GBP
UK,Colchester,CCC05,Vineyard Street,Colchester City Council,51.88768,0.9010378,80,3.4,,False,"Vineyard Street, Colchester, CO1 1LS",https://www.new.colchester.gov.uk/city-centre-car-parks/vineyard-street,GBP
UK,Colchester,CCC06,Priory Street,Colchester City Council,51.8881564,0.9063987,169,2.7,18.9,True,"Priory Street, Colchester, CO1 2QB",https://www.new.colchester.gov.uk/city-centre-car-parks/priory-street,GBP
UK,Colchester,CCC07,Butt Road,Colchester City Council,51.8845627,0.8942029,120,,4.7,False,"Roman Circus Walk, Colchester, CO2 7NG",https://www.new.colchester.gov.uk/city-centre-car-parks/butt-road,GBP
UK,Colchester,CCC08,St Marys,Colchester City Council,51.8892933,0.8931407,577,2.7,15.0,False,"St Mary's Fields, Colchester, CO3 3FF",https://www.new.colchester.gov.uk/city-centre-car-parks/st-marys,GBP
UK,Colchester,CCC09,Sheepen Road,Colchester City Council,51.8926433,0.8923964,54,,8.2,False,"Sheepen Road, Colchester, CO3 3GT",https://www.new.colchester.gov.uk/city-centre-car-parks/sheepen-road-car-park,GBP
UK,Colchester,CCC10,Three Crowns Road,Colchester City Council,51.9019874,0.8926747,32,,9.5,False,"Three Crowns Road, Colchester, CO4 5AD",https://www.new.colchester.gov.uk/outer-city-car-parks/three-crowns-road,GBP
UK,Colchester,CCC11,Recreation Ground,Colchester City Council,51.8795879,0.9171268,,,8.4,False,"Recreation Road, Colchester, CO1 2HE",https://www.new.colchester.gov.uk/outer-city-car-parks/recreation-ground,GBP
UK,Colchester,CCC12,Colchester Leisure World,Colchester City Council,51.8968126,0.9059435,439,2.2,11.6,False,"Cowdray Avenue, Colchester, CO1 1YH",https://www.new.colchester.gov.uk/parking-and-travel/car-parks/colchester-leisure-world-car-park,GBP
UK,Colchester,CCC13,Colchester Sports Park (Northern Gateway),Colchester City Council,51.9264445,0.9020217,300,,8.8,False,"Cuckoo Farm Way, Colchester, CO4 5YX",https://www.new.colchester.gov.uk/parking-and-travel/car-parks/colchester-northern-gateway-car-park,GBP
UK,Colchester,CCC14,High Woods Country Park,Colchester City Council,51.9066312,0.9023035,70,,8.0,False,"Turner Road, Colchester, CO4 5JR",https://www.new.colchester.gov.uk/parking-and-travel/car-parks/high-woods-country-park-car-park,GBP
UK,Colchester,SB01,Colchester (North) Station,Saba,51.9018544,0.890108409,931,1.2,,False,"20 Three Crowns Road, Colchester, CO4 5AD",https://www.sabaparking.co.uk/en/car-park/colchester-north-station-car-park,GBP
UK,Bury,QP01,Knowsley Place,Q-Park,53.5893884,-2.299998,404,2.5,16.0,True,"Knowsley Street, Bury, BL9 0EJ",https://www.q-park.co.uk/en-gb/cities/bury/knowsley-place/,GBP
UK,Bury,BCC01,Castle,Bury Council,53.593372,-2.299105,36,,13.0,False,"Bolton Street, Bury, BL9 0EY",https://www.bury.gov.uk/roads-travel-and-parking/parking/find-a-parking-space/car-parks-in-bury-town-centre,GBP
UK,Bury,BCC02,Foundry Street,Bury Council,53.592138,-2.289261,140,,6.0,False,"Foundry Street, Bury, BL9 7AZ",https://www.bury.gov.uk/roads-travel-and-parking/parking/find-a-parking-space/car-parks-in-bury-town-centre,GBP
UK,Bury,BCC03,George Street,Bury Council,53.592431,-2.290925,56,,6.0,False,"George Street, Bury, BL9 0QT",https://www.bury.gov.uk/roads-travel-and-parking/parking/find-a-parking-space/car-parks-in-bury-town-centre,GBP
UK,Bury,BCC04,Irwell Street,Bury Council,53.593827,-2.300468,36,,6.0,False,"Irwell Street, Bury, BL9 0LL",https://www.bury.gov.uk/roads-travel-and-parking/parking/find-a-parking-space/car-parks-in-bury-town-centre,GBP
UK,Bury,BCC05,Manchester Road,Bury Council,53.589462,-2.302567,95,,6.0,False,"Manchester Road (via Belle Vue Terrace), Bury, BL9 0SY",https://www.bury.gov.uk/roads-travel-and-parking/parking/find-a-parking-space/car-parks-in-bury-town-centre,GBP
UK,Bury,BCC06,Market,Bury Council,53.58989,-2.289503,335,,6.0,False,"Market, Bury, BL9 0RN",https://www.bury.gov.uk/roads-travel-and-parking/parking/find-a-parking-space/car-parks-in-bury-town-centre,GBP
UK,Bury,BCC07,Parsons Lane North,Bury Council,53.595198,-2.294978,21,,13.0,False,"Parsons Lane, Bury, BL9 0LY",https://www.bury.gov.uk/roads-travel-and-parking/parking/find-a-parking-space/car-parks-in-bury-town-centre,GBP
UK,Bury,BCC08,Parsons Lane South,Bury Council,53.595198,-2.294978,143,,13.0,False,"Parsons Lane, Bury, BL9 0LY",https://www.bury.gov.uk/roads-travel-and-parking/parking/find-a-parking-space/car-parks-in-bury-town-centre,GBP
UK,Bury,BCC09,Trinity Street,Bury Council,53.590137,-2.295124,229,,6.0,False,"Trinity Street, Bury, BL9 0BT",https://www.bury.gov.uk/roads-travel-and-parking/parking/find-a-parking-space/car-parks-in-bury-town-centre,GBP
UK,Bury,BCC10,Bolton Street Station,Bury Council,53.593615,-2.298895,98,,6.0,False,"Bolton Street Station (via Irwell Street), Bury, BL9 0LQ",https://www.bury.gov.uk/roads-travel-and-parking/parking/find-a-parking-space/car-parks-in-bury-town-centre,GBP
UK,Bury,BCC11,Castle Leisure Centre,Bury Council,53.593183,-2.302972,219,1.0,6.0,False,"Castle Leisure Centre (via Irwell Street), Bury, BL9 0HE",https://www.bury.gov.uk/roads-travel-and-parking/parking/find-a-parking-space/car-parks-in-bury-town-centre,GBP
UK,Bury,BCC12,Moorgate,Bury Council,53.596023,-2.288336,26,1.0,6.0,False,"Moorgate, Bury, BL9 7AQ",https://www.bury.gov.uk/roads-travel-and-parking/parking/find-a-parking-space/car-parks-in-bury-town-centre,GBP
UK,Chelmsford,QP01,Meadows,Q-Park,51.730688,0.4759222,454,,21.5,True,"Baddow Road, Chelmsford, CM2 0WP",https://www.q-park.co.uk/en-gb/cities/chelmsford/meadows/,GBP
UK,Chelmsford,BSC01,Bond Street,Bond Street Chelmsford,51.7340632,0.4755551,286,3.0,25.0,False,"Bond Street, Chelmsford, CM1 1GD",https://www.bondstreetchelmsford.com/parking,GBP
UK,Chelmsford,CCC01,Baddow Road,Chelmsford City Council,51.7291615,0.4777829,250,2.5,8.5,True,"Baddow Road, Chelmsford, CM2 7PJ",https://www.chelmsford.gov.uk/parking-and-travel/car-parks/baddow-road-car-park/,GBP
UK,Chelmsford,CCC02,Beaulieu Station A,Chelmsford City Council,51.757694,0.5194956,290,3.5,11.5,True,"Beaulieu Park Station Approach, Chelmsford, CM3 3QW",https://www.chelmsford.gov.uk/parking-and-travel/car-parks/beaulieu-station-a-car-park/,GBP
UK,Chelmsford,CCC03,Coval Lane,Chelmsford City Council,51.7352198,0.4618018,188,3.0,8.5,False,"Coval Lane, Chelmsford, CM1 1TG",https://www.chelmsford.gov.uk/parking-and-travel/car-parks/coval-lane-car-park/,GBP
UK,Chelmsford,CCC04,Fairfield Road,Chelmsford City Council,51.7364524,0.4661678,352,3.0,11.0,True,"Fairfield Road, Chelmsford, CM1 1TD",https://www.chelmsford.gov.uk/parking-and-travel/car-parks/fairfield-road-car-park/,GBP
UK,Chelmsford,CCC05,Great Baddow Parish,Chelmsford City Council,51.7181131,0.501919,35,,,False,"The Causeway, Great Baddow, Chelmsford, CM2 7DW",https://www.chelmsford.gov.uk/parking-and-travel/car-parks/great-baddow-parish-car-park/,GBP
UK,Chelmsford,CCC06,High Chelmer,Chelmsford City Council,51.7328623,0.4712684,1012,2.5,20.0,False,"Bellmead, Chelmsford, CM1 1LE",https://www.chelmsford.gov.uk/parking-and-travel/car-parks/high-chelmer-car-park/,GBP
UK,Chelmsford,CCC07,Meadows Retail,Chelmsford City Council,51.7318784,0.4796238,391,2.5,8.5,False,"Wharf Road, Chelmsford, CM2 6LU",https://www.chelmsford.gov.uk/parking-and-travel/car-parks/meadows-retail-car-park/,GBP
UK,Chelmsford,CCC08,Meadows Surface,Chelmsford City Council,51.7305315,0.4754289,250,2.5,20.0,True,"Can Bridge Way, Chelmsford, CM2 0WP",https://www.chelmsford.gov.uk/parking-and-travel/car-parks/meadows-surface-car-park/,GBP
UK,Chelmsford,CCC09,Moulsham Street,Chelmsford City Council,51.729967,0.4724667,170,2.0,8.5,False,"Moulsham Street, Chelmsford, CM2 0LF",https://www.chelmsford.gov.uk/parking-and-travel/car-parks/moulsham-street-car-park/,GBP
UK,Chelmsford,CCC10,Parkway,Chelmsford City Council,51.730244,0.4744168,97,2.5,20.0,False,"Parkway, Chelmsford, CM2 0DG",https://www.chelmsford.gov.uk/parking-and-travel/car-parks/parkway-car-park/,GBP
UK,Chelmsford,CCC11,Rectory Lane West,Chelmsford City Council,51.741362,0.4676473,305,,9.0,True,"Rectory Lane, Chelmsford, CM1 1RE",https://www.chelmsford.gov.uk/parking-and-travel/car-parks/rectory-lane-west-car-park/,GBP
UK,Chelmsford,CCC12,Regina Road,Chelmsford City Council,51.7373243,0.4773814,46,,9.0,False,"Eckersley Road, Chelmsford, CM1 1SL",https://www.chelmsford.gov.uk/parking-and-travel/car-parks/regina-road-car-park/,GBP
UK,Chelmsford,CCC13,Riverside,Chelmsford City Council,51.7369929,0.4762811,81,2.5,20.0,False,"Victoria Road, Chelmsford, CM1 1PA",https://www.chelmsford.gov.uk/parking-and-travel/car-parks/riverside-car-park/,GBP
UK,Chelmsford,CCC14,The Granary,Chelmsford City Council,51.7363293,0.4791362,180,2.0,7.0,False,"Victoria Road, Chelmsford, CM2 6LJ",https://www.chelmsford.gov.uk/parking-and-travel/car-parks/the-granary-car-park/,GBP
UK,Chelmsford,CCC15,Townfield Street,Chelmsford City Council,51.7369867,0.4679083,726,3.0,11.0,False,"Railway Street, Chelmsford, CM1 1QX",https://www.chelmsford.gov.uk/parking-and-travel/car-parks/townfield-street-car-park/,GBP
UK,Chelmsford,CCC16,Waterhouse Lane,Chelmsford City Council,51.7334155,0.4581642,86,,7.0,False,"Meteor Way, Chelmsford, CM1 2RL",https://www.chelmsford.gov.uk/parking-and-travel/car-parks/waterhouse-lane-car-park/,GBP
UK,Chelmsford,CCC17,Waterloo Lane 1,Chelmsford City Council,51.7350754,0.4750803,67,2.5,20.0,False,"Waterloo Lane, Chelmsford, CM1 1BD",https://www.chelmsford.gov.uk/parking-and-travel/car-parks/waterloo-lane-1-car-park/,GBP
UK,Chelmsford,CCC18,Waterloo Lane 2,Chelmsford City Council,51.7350754,0.4750803,53,2.5,20.0,False,"Waterloo Lane, Chelmsford, CM1 1BD",https://www.chelmsford.gov.uk/parking-and-travel/car-parks/waterloo-lane-2-car-park/,GBP
UK,Chelmsford,CCC19,Waterloo Lane 3,Chelmsford City Council,51.7350754,0.4750803,70,2.5,20.0,False,"Waterloo Lane, Chelmsford, CM1 1BD",https://www.chelmsford.gov.uk/parking-and-travel/car-parks/waterloo-lane-3-car-park/,GBP
UK,Chelmsford,CCC20,West End,Chelmsford City Council,51.7369867,0.4679083,45,2.0,,False,"Railway Street, Chelmsford, CM1 1QS",https://www.chelmsford.gov.uk/parking-and-travel/car-parks/west-end-car-park/,GBP
UK,Chelmsford,CCC21,West End Business,Chelmsford City Council,51.7369867,0.4679083,22,,,False,"Railway Street, Chelmsford, CM1 1QS",https://www.chelmsford.gov.uk/parking-and-travel/car-parks/west-end-business-car-park/,GBP
UK,Croydon,QP01,Surrey Street,Q-Park,51.3718983,-0.1026938,685,2.8,21.0,True,"Charles Street, Croydon, CR0 1TR",https://www.q-park.co.uk/en-gb/cities/croydon/surrey-street/,GBP
UK,Croydon,APC01,Wandle Road,APCOA,51.370224,-0.101198,1021,2.2,15.0,False,"Wandle Road, Croydon, CR0 1DX",https://www.apcoa.co.uk/find-parking/locations/croydon/wandle-road-croydon,GBP
UK,Croydon,APC02,South Croydon Station,APCOA,51.362975,-0.093877,81,,7.1,True,"Blunt Road, South Croydon, CR2 7PA",https://www.apcoa.co.uk/find-parking/locations/south-croydon/south-croydon-station-south-croydon,GBP
UK,Croydon,APC03,Purley Oaks Station,APCOA,51.347579,-0.098673,67,,4.6,False,"Brantwood Road, South Croydon, CR2 0ND",https://www.apcoa.co.uk/find-parking/locations/south-croydon/purley-oaks-station-south-croydon,GBP
UK,Croydon,APC04,Sanderstead Station,APCOA,51.348472,-0.09377,122,,7.6,False,"Station Approach, Sanderstead Road, South Croydon, CR2 0PL",https://www.apcoa.co.uk/find-parking/locations/south-croydon/sanderstead-station-south-croydon,GBP
UK,Croydon,NCP01,Prospect West,NCP,51.378808,-0.1020387,450,,,,"65 Station Road, Croydon",https://www.ncp.co.uk/find-a-car-park/car-parks/croydon-prospect-west/,GBP
UK,Croydon,NCP02,Wellesley Grove,NCP,51.3753558,-0.0960211,90,,,,"Wellesley Grove, Croydon",https://www.ncp.co.uk/find-a-car-park/car-parks/croydon-wellesley-grove/,GBP
UK,Croydon,NCP03,St Georges Walk,NCP,51.3728996,-0.0986376,50,,,,"St Georges Walk, Croydon",https://www.ncp.co.uk/find-a-car-park/car-parks/croydon-st-georges-walk/,GBP
UK,Croydon,NCP04,Poplar Walk,NCP,51.3783868,-0.0999169,57,,,,"Poplar Walk, Croydon",https://www.ncp.co.uk/find-a-car-park/car-parks/croydon-poplar-walk/,GBP
UK,Croydon,FMS01,Centrale,Centrale & Whitgift (FMS),51.376015,-0.1026448,950,2.75,8.75,False,"Centrale Shopping Centre, 21 North End, Croydon, CR0 1XT",https://centraleandwhitgift.co.uk/visit/parking/,GBP
UK,Croydon,FMS02,Whitgift,Centrale & Whitgift (FMS),51.376261,-0.1003854,1059,2.5,6.5,False,"Whitgift Shopping Centre, North End, Croydon, CR9 1AT",https://centraleandwhitgift.co.uk/visit/parking/,GBP
UK,Croydon,CYC01,Clifford Road,Croydon Council,51.398133,-0.0735961,26,1.36,9.47,False,"Clifford Road, South Norwood, SE25 5JH",https://www.croydon.gov.uk/parking/find-council-car-parks-croydon/clifford-road-car-park,GBP
UK,Croydon,CYC02,East Croydon (surface),Croydon Council,51.3753195,-0.0909718,7,,,False,"Cherry Orchard Road, Croydon, CR0 6BT",https://www.croydon.gov.uk/parking/find-council-car-parks-croydon/east-croydon-surface-car-park,GBP
UK,Croydon,CYC03,Factory Lane,Croydon Council,51.377893,-0.1131833,21,2.08,16.53,False,"Factory Lane, West Croydon, CR0 3RH",https://www.croydon.gov.uk/parking/find-council-car-parks-croydon/factory-lane-car-park,GBP
UK,Croydon,CYC04,Fairfield Halls,Croydon Council,51.3723178,-0.0955132,258,2.08,16.53,False,"Fairfield Halls, Croydon, CR0 1JN",https://www.croydon.gov.uk/parking/find-council-car-parks-croydon/fairfield-hall,GBP
UK,Croydon,CYC05,Garnet Road,Croydon Council,51.3980898,-0.0968412,28,1.36,9.47,True,"Garnet Road, Thornton Heath, CR7 8RD",https://www.croydon.gov.uk/parking/find-council-car-parks-croydon/garnet-road-car-park,GBP
UK,Croydon,CYC06,Granville Gardens,Croydon Council,51.4146403,-0.1224711,112,1.36,9.47,False,"Granville Gardens, Norbury, SW16 4EU",https://www.croydon.gov.uk/parking/find-council-car-parks-croydon/granville-gardens-car-park,GBP
UK,Croydon,CYC07,Jubilee Bridge,Croydon Council,51.3744596,-0.106944,117,2.08,16.53,False,"Lower Church Street, Croydon, CR0 1XF",https://www.croydon.gov.uk/parking/find-council-car-parks-croydon/jubilee-bridge-car-park,GBP
UK,Croydon,CYC08,Lion Green Road,Croydon Council,51.3196055,-0.1407089,88,1.36,9.47,True,"Lion Green Road, Coulsdon, CR5 2NL",https://www.croydon.gov.uk/parking/find-council-car-parks-croydon/lion-green-road-car-park,GBP
UK,Croydon,CYC09,New Addington Central Market,Croydon Council,51.3402229,-0.0133893,26,,,False,"Central Parade, New Addington, CR0 0JL",https://www.croydon.gov.uk/parking/find-council-car-parks-croydon/new-addington-central-market-car-park,GBP
UK,Croydon,CYC10,New Addington Central Parade,Croydon Council,51.3402229,-0.0133893,136,1.36,9.47,False,"Central Parade, New Addington, CR0 0JL",https://www.croydon.gov.uk/parking/find-council-car-parks-croydon/new-addington-central-parade-car-park,GBP
UK,Croydon,CYC11,New Addington Swimming Pool,Croydon Council,51.3402229,-0.0133893,46,0.7,4.9,False,"Central Parade, New Addington, CR0 0JB",https://www.croydon.gov.uk/parking/find-council-car-parks-croydon/new-addington-swimming-pool-car-park,GBP
UK,Croydon,CYC12,Purley (multi-storey),Croydon Council,51.3376441,-0.1152048,387,1.36,9.47,False,"Whytecliffe Road South, Purley, CR8 2AH",https://www.croydon.gov.uk/parking/find-council-car-parks-croydon/purley-multi-storey-car-park,GBP
UK,Croydon,CYC13,Reedham Station,Croydon Council,51.3308209,-0.1244545,53,,4.76,True,"Reedham Station, Purley, CR8 4DG",https://www.croydon.gov.uk/parking/find-council-car-parks-croydon/reedham-station-car-park,GBP
UK,Croydon,CYC14,Russell Hill Place,Croydon Council,51.3396556,-0.1161047,51,1.36,9.47,False,"Russell Hill Place, Purley, CR8 2LT",https://www.croydon.gov.uk/parking/find-council-car-parks-croydon/russell-hill-place-car-park,GBP
UK,Croydon,CYC15,Sanderstead Road,Croydon Council,51.342994,-0.0893342,32,1.31,9.13,True,"Sanderstead Road, Sanderstead, CR2 0LY",https://www.croydon.gov.uk/parking/find-council-car-parks-croydon/sanderstead-road-car-park,GBP
UK,Croydon,CYC16,Spice's Yard,Croydon Council,51.3646879,-0.0989246,117,2.08,16.53,False,"South End, South Croydon, CR9 1LT",https://www.croydon.gov.uk/parking/find-council-car-parks-croydon/spices-yard-car-park,GBP
UK,Croydon,CYC17,Waddon Leisure Centre,Croydon Council,51.3654441,-0.1173536,27,1.36,10.83,False,"London Road, Waddon, Croydon, CR0 2TA",https://www.croydon.gov.uk/parking/find-council-car-parks-croydon/waddon-leisure-centre-car-park,GBP
UK,Croydon,CYC18,Wandle (surface),Croydon Council,51.3703293,-0.101088,78,2.08,16.53,False,"Wandle Road, Croydon, CR0 1DX",https://www.croydon.gov.uk/parking/find-council-car-parks-croydon/wandle-surface-car-park,GBP
UK,Croydon,CYC19,West Croydon,Croydon Council,51.378808,-0.1020387,29,2.08,16.53,False,"London Road, Croydon, CR0 2TA",https://www.croydon.gov.uk/parking/find-council-car-parks-croydon/west-croydon-car-park,GBP
UK,Ealing,QP01,Dickens Yard,Q-Park,51.5137835,-0.3082817,510,1.8,16.0,False,"1 Longfield Avenue, Ealing, W5 2UQ",https://www.q-park.co.uk/en-gb/cities/ealing/dickens-yard/,GBP
UK,Ealing,AP01,Ealing Hospital NHS Trust - Southall,APCOA,51.508224,-0.345642,170,3.3,14.8,False,"Uxbridge Road, Southall, UB1 3HW",https://www.apcoa.co.uk/find-parking/locations/southall/ealing-hospital-nhs-trust-southall,GBP
UK,Ealing,SB01,North Ealing Station Car Park (TfL),Saba,51.51756558,-0.289265586,99,,5.5,False,"Station Road, London, W5 3AF",https://www.sabaparking.co.uk/en/car-park/north-ealing-station-car-park-tfl,GBP
UK,Ealing,EC01,Arden Road,Ealing Council,51.512263,-0.315041,29,,,False,"Arden Road, West Ealing, W13 8RP",https://www.ealing.gov.uk/download/downloads/id/5404/car_park_charges_spaces_and_opening_times.pdf,GBP
UK,Ealing,EC02,Featherstone Terrace,Ealing Council,51.502851,-0.383627,140,,,True,"Featherstone Terrace, Southall, UB2 5AL",https://www.ealing.gov.uk/download/downloads/id/5404/car_park_charges_spaces_and_opening_times.pdf,GBP
UK,Ealing,EC03,George Street,Ealing Council,51.508107,-0.338913,86,,,False,"George Street, Hanwell, W7 3TA",https://www.ealing.gov.uk/download/downloads/id/5404/car_park_charges_spaces_and_opening_times.pdf,GBP
UK,Ealing,EC04,Greenford Broadway,Ealing Council,51.5284067,-0.3562287,159,,,False,"Greenford Broadway, Greenford, UB6 9PY",https://www.ealing.gov.uk/download/downloads/id/5404/car_park_charges_spaces_and_opening_times.pdf,GBP
UK,Ealing,EC05,Herbert Road MSCP,Ealing Council,51.510636,-0.376924,262,,,False,"Herbert Road, Southall, UB1 1LH",https://www.ealing.gov.uk/download/downloads/id/5404/car_park_charges_spaces_and_opening_times.pdf,GBP
UK,Ealing,EC06,Norwood Road 1,Ealing Council,51.495943,-0.373787,39,,,False,"Norwood Road, Southall, UB2 4JT",https://www.ealing.gov.uk/download/downloads/id/5404/car_park_charges_spaces_and_opening_times.pdf,GBP
UK,Ealing,EC07,Perivale Station,Ealing Council,51.537933,-0.333083,106,,,False,"Perivale Station, Perivale, UB6 8LE",https://www.ealing.gov.uk/download/downloads/id/5404/car_park_charges_spaces_and_opening_times.pdf,GBP
UK,Ealing,EC08,Perceval House,Ealing Council,51.514026,-0.308173,91,,,False,"Longfield Avenue, Ealing, W5 2UQ",https://www.ealing.gov.uk/download/downloads/id/5404/car_park_charges_spaces_and_opening_times.pdf,GBP
UK,Ealing,EC09,Salisbury Street,Ealing Council,51.50611,-0.267355,66,,,False,"Salisbury Street, Acton, W3 8NW",https://www.ealing.gov.uk/download/downloads/id/5404/car_park_charges_spaces_and_opening_times.pdf,GBP
UK,Ealing,EC10,Singapore Road,Ealing Council,51.5112707,-0.3265747,2,0.0,0.0,False,"Singapore Road, Ealing, W13 0RJ",https://www.ealing.gov.uk/download/downloads/id/5404/car_park_charges_spaces_and_opening_times.pdf,GBP
UK,Ealing,EC11,South Ealing Road,Ealing Council,51.50269,-0.306605,30,,,False,"South Ealing Road, Ealing, W5 4QT",https://www.ealing.gov.uk/download/downloads/id/5404/car_park_charges_spaces_and_opening_times.pdf,GBP
UK,Ealing,EC12,Springbridge Road MSCP,Ealing Council,51.514215,-0.305111,473,,,False,"Springbridge Road, Ealing, W5 2AB",https://www.ealing.gov.uk/download/downloads/id/5404/car_park_charges_spaces_and_opening_times.pdf,GBP
UK,Ealing,EC13,Witham Road,Ealing Council,51.511317,-0.322468,20,,,False,"Witham Road, West Ealing, W13 0TU",https://www.ealing.gov.uk/download/downloads/id/5404/car_park_charges_spaces_and_opening_times.pdf,GBP
UK,Hemel Hempstead,QP01,Hillfield Road,Q-Park,51.7526664,-0.471265,160,1.5,7.0,False,"Hillfield Road, Hemel Hempstead, HP2 4AA",https://www.q-park.co.uk/en-gb/cities/hemel-hempstead/hillfield-road/,GBP
UK,Hemel Hempstead,DBC01,Wood Lane End,Dacorum Borough Council,51.759602,-0.4401,19,0.7,3.5,True,"Wood Lane End, Hemel Hempstead, HP2 4RA",https://webapps.dacorum.gov.uk/carparks/,GBP
UK,Hemel Hempstead,DBC02,The Gables,Dacorum Borough Council,51.75971,-0.471224,20,1.1,3.5,False,"The Gables, Hemel Hempstead, HP2 5HL",https://webapps.dacorum.gov.uk/carparks/,GBP
UK,Hemel Hempstead,DBC03,High Street,Dacorum Borough Council,51.760757,-0.473272,80,1.1,3.5,False,"High Street, Hemel Hempstead, HP1 3AQ",https://webapps.dacorum.gov.uk/carparks/,GBP
UK,Hemel Hempstead,DBC04,Gadebridge Lane,Dacorum Borough Council,51.76266,-0.477822,181,0.0,0.0,False,"Gadebridge Lane, Hemel Hempstead",https://webapps.dacorum.gov.uk/carparks/,GBP
UK,Hemel Hempstead,DBC05,Queensway,Dacorum Borough Council,51.75742,-0.474967,144,1.5,5.0,False,"Queensway, Hemel Hempstead, HP1 1HR",https://webapps.dacorum.gov.uk/carparks/,GBP
UK,Hemel Hempstead,DBC06,Alexandra Road,Dacorum Borough Council,51.757255,-0.471396,19,1.5,5.0,False,"Alexandra Road, Hemel Hempstead, HP2 5BS",https://webapps.dacorum.gov.uk/carparks/,GBP
UK,Hemel Hempstead,DBC07,Water Gardens (North) Lower Deck,Dacorum Borough Council,51.752368,-0.47473,307,2.0,6.0,False,"Leighton Buzzard Road, Hemel Hempstead, HP1 1EF",https://webapps.dacorum.gov.uk/carparks/,GBP
UK,Hemel Hempstead,DBC08,Water Gardens (North) Upper Deck,Dacorum Borough Council,51.751804,-0.474687,309,2.0,6.0,False,"Leighton Buzzard Road, Hemel Hempstead, HP1 1EF",https://webapps.dacorum.gov.uk/carparks/,GBP
UK,Hemel Hempstead,DBC09,Water Gardens (South),Dacorum Borough Council,51.750695,-0.47472,92,2.0,,False,"Leighton Buzzard Road, Hemel Hempstead, HP1 1EF",https://webapps.dacorum.gov.uk/carparks/,GBP
UK,Hemel Hempstead,DBC10,Moor End,Dacorum Borough Council,51.74811,-0.474678,82,,6.0,False,"Moor End Road, Hemel Hempstead, HP1 1BT",https://webapps.dacorum.gov.uk/carparks/,GBP
UK,Hemel Hempstead,DBC11,Park Road,Dacorum Borough Council,51.74619,-0.476611,73,1.2,3.9,False,"Park Road, Hemel Hempstead, HP1 1JS",https://webapps.dacorum.gov.uk/carparks/,GBP
UK,Hemel Hempstead,DBC12,Dacorum Way,Dacorum Borough Council,51.755588,-0.473006,,1.5,5.0,False,"Dacorum Way, Hemel Hempstead, HP1 1BF",https://webapps.dacorum.gov.uk/carparks/,GBP
UK,Hemel Hempstead,DBC13,Cowper Road,Dacorum Borough Council,51.746554,-0.487392,18,0.0,,False,"Cowper Road, Boxmoor, Hemel Hempstead, HP1 1QQ",https://webapps.dacorum.gov.uk/carparks/,GBP
UK,Hemel Hempstead,DBC14,Durrants Hill,Dacorum Borough Council,51.739171,-0.469364,64,0.6,3.5,True,"Durrants Hill Road, Apsley, Hemel Hempstead, HP3 9SD",https://webapps.dacorum.gov.uk/carparks/,GBP
UK,Hemel Hempstead,MSC01,The Marlowes Shopping Centre,The Marlowes Shopping Centre,51.751094,-0.471105,1200,,15.0,False,"The Marlowes Shopping Centre, Wolsey Road, Hemel Hempstead, HP2 4TU",https://www.themarlowes.co.uk/visiting/getting-here,GBP
UK,Hemel Hempstead,RSC01,Riverside Shopping Centre,Riverside Shopping Centre,51.746815,-0.472525,328,,,False,"Riverside Shopping Centre, Leighton Buzzard Road, Hemel Hempstead, HP2 4FW",https://www.riversidehemel.com/car-parking/,GBP
UK,Norwich,QP01,Chantry Place,Q-Park,52.6258361,1.2882688,1000,1.65,24.0,True,"Chantry Place, NR2 1RS Norwich",https://www.q-park.co.uk/en-gb/cities/norwich/chantry-place/,GBP
UK,Norwich,NCP01,Anglia Square MSCP,NCP,52.6357812,1.2964258,730,,,,"Anglia Square, NR3 1DZ Norwich",https://www.ncp.co.uk/find-a-car-park/car-parks/norwich-anglia-square-mscp/,GBP
UK,Norwich,NCP02,Anglia Square Surface,NCP,52.6357812,1.2964258,95,,,,"Botolph Street, NR3 1DZ Norwich",https://www.ncp.co.uk/find-a-car-park/car-parks/norwich-anglia-square-surface/,GBP
UK,Norwich,NCP03,Baltic Wharf,NCP,52.6271294,1.3028142,111,,,,"Baltic Wharf, Mountergate, NR1 1QA Norwich",https://www.ncp.co.uk/find-a-car-park/car-parks/norwich-baltic-wharf/,GBP
UK,Norwich,NCP04,Duke Street,NCP,52.6322,1.29329,30,1.15,11.45,,"5 Duke Street, NR3 1DB Norwich",https://www.ncp.co.uk/find-a-car-park/car-parks/norwich-duke-street/,GBP
UK,Norwich,NCP05,St Stephens Street,NCP,52.6239,1.29167,257,2.25,12.95,,"St Stephens, 12 Queens Road, NR1 3PR Norwich",https://www.ncp.co.uk/find-a-car-park/car-parks/norwich-st-stephens-street/,GBP
UK,Norwich,NCP06,Station Forecourt (Greater Anglia),NCP,52.6263,1.30569,95,,,,"Norwich Station, Station Approach, NR1 1EF Norwich",https://www.ncp.co.uk/find-a-car-park/car-parks/norwich-stn-forecourt-g-anglia/,GBP
UK,Norwich,AP01,Lower Clarence Road,APCOA,52.625721,1.31045,280,,9.0,,"Lower Clarence Road, NR1 1HD Norwich",https://www.apcoa.co.uk/find-parking/locations/norwich/norwich-lower-clarence-road-norwich,GBP
UK,Norwich,NCC01,Barn Road,Norwich City Council,52.6330155,1.2881053,147,2.3,7.8,,"St Swithins Road, NR2 4SZ Norwich",https://www.norwich.gov.uk/parking/find-car-parking-norwich/barn-road-car-park,GBP
UK,Norwich,NCC02,Chantry,Norwich City Council,52.6271834,1.2905203,90,2.6,22.9,,"Theatre Street, NR2 1RG Norwich",https://www.norwich.gov.uk/parking/find-car-parking-norwich/chantry-car-park,GBP
UK,Norwich,NCC03,Chapel Field East,Norwich City Council,52.6252598,1.2917799,17,2.5,22.4,,"Chapel Field Road, NR2 1RL Norwich",https://www.norwich.gov.uk/parking/find-car-parking-norwich/chapel-field-east-car-park,GBP
UK,Norwich,NCC04,Colegate,Norwich City Council,52.6342821,1.2962419,94,2.3,10.0,,"Golden Dog Lane, NR3 1HS Norwich",https://www.norwich.gov.uk/parking/find-car-parking-norwich/colegate-car-park,GBP
UK,Norwich,NCC05,Eaton Park,Norwich City Council,52.6190438,1.2586993,,,8.0,,"South Park Avenue, NR4 7AU Norwich",https://www.norwich.gov.uk/parking/find-car-parking-norwich/eaton-park-car-parks,GBP
UK,Norwich,NCC06,Monastery Court,Norwich City Council,52.6312648,1.2967245,50,2.5,22.4,,"Elm Hill, NR3 1HN Norwich",https://www.norwich.gov.uk/parking/find-car-parking-norwich/monastery-court-car-park,GBP
UK,Norwich,NCC07,Pottergate,Norwich City Council,52.6300313,1.2909558,27,2.6,22.9,,"34 Pottergate, NR2 1DX Norwich",https://www.norwich.gov.uk/parking/find-car-parking-norwich/pottergate-car-park,GBP
UK,Norwich,NCC08,Queens Road,Norwich City Council,52.6224984,1.2963163,66,2.3,9.7,,"Queens Road, NR1 3PG Norwich",https://www.norwich.gov.uk/parking/find-car-parking-norwich/queens-road-car-park,GBP
UK,Norwich,NCC09,Rose Lane Multi-Storey,Norwich City Council,52.6282245,1.3031203,595,2.2,9.0,,"Mountergate, NR1 1PY Norwich",https://www.norwich.gov.uk/parking/find-car-parking-norwich/rose-lane-multi-storey-car-park,GBP
UK,Norwich,NCC10,Rouen Road,Norwich City Council,52.6243323,1.2992475,187,2.3,7.6,,"Rouen Road, NR1 1QU Norwich",https://www.norwich.gov.uk/parking/find-car-parking-norwich/rouen-road-car-park,GBP
UK,Norwich,NCC11,St Andrews Multi-Storey,Norwich City Council,52.6317484,1.2932429,1084,2.3,11.0,,"5 Duke Street, NR3 3AJ Norwich",https://www.norwich.gov.uk/parking/find-car-parking-norwich/st-andrews-multi-storey-car-park,GBP
UK,Norwich,NCC12,St Crispins,Norwich City Council,52.6369165,1.2901277,80,2.3,7.4,,"Chatham Street, NR3 3DN Norwich",https://www.norwich.gov.uk/parking/find-car-parking-norwich/st-crispins-car-park,GBP
UK,Norwich,NCC13,St Giles Multi-Storey,Norwich City Council,52.6291958,1.2912478,330,2.3,16.4,,"25 St Giles Street, NR2 1JL Norwich",https://www.norwich.gov.uk/parking/find-car-parking-norwich/st-giles-multi-storey-car-park,GBP
UK,Norwich,NCC14,Westwick Street,Norwich City Council,52.6330155,1.2881053,107,2.3,7.8,,"Westwick Street, NR2 4SZ Norwich",https://www.norwich.gov.uk/parking/find-car-parking-norwich/westwick-street-car-park,GBP
UK,Reading,QP01,Chatham Place,Q-Park,51.456112,-0.980701,586,2.5,24.5,True,"Chatham Street, Reading, RG1 7JF",https://www.q-park.co.uk/en-gb/cities/reading/chatham-place/,GBP
UK,Reading,NCP01,Station Hill,NCP,51.457672,-0.973019,90,,,False,"Station Hill, Garrard Street, Reading, RG1 1NR",http://web.archive.org/web/20250215072703/https://www.ncp.co.uk/find-a-car-park/car-parks/reading-station-hill/,GBP
UK,Reading,NCP02,South Street,NCP,51.452236,-0.965369,24,,,False,"South Street, Reading, RG1 4QS",http://web.archive.org/web/20241007012840/https://www.ncp.co.uk/find-a-car-park/car-parks/reading-south-street/,GBP
UK,Reading,NCP03,Vastern Road,NCP,51.4615479,-0.9737998,110,,,False,"Vastern Road, Reading, RG1 8DJ",http://web.archive.org/web/20250319064400/https://www.ncp.co.uk/find-a-car-park/car-parks/reading-vastern-road/,GBP
UK,Reading,NCP04,Kenavon Drive,NCP,51.4566,-0.959543,50,,,False,"Kenavon Drive, Reading, RG1 3DH",https://www.ncp.co.uk/find-a-car-park/car-parks/reading-kenavon-drive/,GBP
UK,Reading,RBC01,Broad Street Mall,Reading Borough Council,51.454811,-0.975875,750,4.3,16.8,False,"Broad Street Mall, Broad Street Centre, Reading, RG1 7QE",https://www.reading.gov.uk/vehicles-roads-and-transport/parking/car-parks/broad-street-mall-car-park/,GBP
UK,Reading,RBC02,Queens Road,Reading Borough Council,51.453483,-0.964953,700,4.6,17.5,False,"Queens Road, Reading, RG1 4PX",https://www.reading.gov.uk/vehicles-roads-and-transport/parking/car-parks/queens-road-car-park/,GBP
UK,Reading,RBC03,Civic B,Reading Borough Council,51.4539791,-0.9742898,170,4.3,16.8,False,"12 Castle Street, Reading, RG1 2LQ",https://www.reading.gov.uk/vehicles-roads-and-transport/parking/car-parks/reading-civic-b-car-park/,GBP
UK,Reading,RBC04,Cattle Market,Reading Borough Council,51.458108,-0.979673,120,,11.6,False,"Great Knollys Street, Reading, RG1 7HN",https://www.reading.gov.uk/vehicles-roads-and-transport/parking/car-parks/cattle-market-car-park/,GBP
UK,Reading,RBC05,Hills Meadow,Reading Borough Council,51.464833,-0.966251,298,,11.6,False,"George Street, Caversham, Reading, RG4 8DH",https://www.reading.gov.uk/vehicles-roads-and-transport/parking/car-parks/hills-meadow-car-park/,GBP
UK,Reading,RBC06,Kings Meadow,Reading Borough Council,51.460058,-0.956038,95,,11.6,False,"Napier Road, Caversham, Reading, RG1 8DF",https://www.reading.gov.uk/vehicles-roads-and-transport/parking/car-parks/kings-meadow-car-park/,GBP
UK,Reading,RBC07,Thameside Promenade,Reading Borough Council,51.46367,-0.985466,62,1.1,3.7,True,"Thames Side Promenade, Reading, RG1 8EQ",https://www.reading.gov.uk/vehicles-roads-and-transport/parking/car-parks/thames-side-promenade-car-park/,GBP
UK,Reading,RBC08,Kensington Road,Reading Borough Council,51.456066,-0.998372,62,0.0,,False,"Kensington Road, Reading, RG30 2SZ",https://www.reading.gov.uk/vehicles-roads-and-transport/parking/car-parks/kensington-road-car-park/,GBP
UK,Reading,RBC09,Chester Street,Reading Borough Council,51.46866,-0.972989,60,1.1,10.5,True,"Chester Street, Caversham, Reading, RG4 8JH",https://www.reading.gov.uk/vehicles-roads-and-transport/parking/car-parks/chester-street-car-park/,GBP
UK,Reading,RBC10,Recreation Road,Reading Borough Council,51.459088,-1.034967,80,1.1,10.5,False,"Recreation Road, Tilehurst, Reading, RG30 4UB",https://www.reading.gov.uk/vehicles-roads-and-transport/parking/car-parks/recreation-road-car-park/,GBP
UK,Reading,RBC11,Dunstall Close,Reading Borough Council,51.459624,-1.03998,47,1.1,10.5,False,"Dunstall Close, Tilehurst, Reading, RG31 5AY",https://www.reading.gov.uk/vehicles-roads-and-transport/parking/car-parks/dunstall-close-car-park/,GBP
UK,Reading,RBC12,Green Park Station,Reading Borough Council,51.425673,-1.000374,57,1.1,10.5,False,"Flagstaff Road, Reading, RG2 6DN",https://www.reading.gov.uk/vehicles-roads-and-transport/parking/car-parks/green-park-station-car-park/,GBP
UK,Reading,AP01,Reading Station,APCOA,51.459853,-0.970451,1591,4.0,26.0,True,"Vastern Road, Reading, RG1 8BT",https://www.apcoa.co.uk/parking-in/reading/reading-station/,GBP
UK,Reading,AP02,Royal Berkshire Hospital,APCOA,51.451023,-0.95931,480,2.4,19.0,False,"London Road, Reading, RG1 5AN",https://www.apcoa.co.uk/parking-in/reading/royal-berkshire-hospital-reading/,GBP
UK,Reading,ORC01,Riverside,The Oracle,51.452871,-0.970997,1611,2.0,15.0,False,"20 Mill Lane, Reading, RG1 2AG",https://www.theoracle.com/parking/riverside,GBP
UK,Reading,ORC02,Holy Brook,The Oracle,51.453825,-0.97322,595,,,True,"Bridge Street, Reading, RG1 2LR",https://www.theoracle.com/parking/holy-brook,GBP
UK,Romford,QP01,Romford Town,Q-Park,51.579957,0.1811934,252,2.3,16.5,True,"Ducking Stool Court, Romford, RM1 3AB",https://www.q-park.co.uk/en-gb/cities/romford/romford-town/,GBP
UK,Romford,LIB01,The Liberty Shopping Centre,The Liberty Shopping Centre,51.576851,0.182899,800,,7.5,True,"11 Western Road, Romford, RM1 3LD",https://www.theliberty.co.uk/parking/,GBP
UK,Romford,MER01,The Mercury Mall,The Mercury Mall,51.579434,0.185693,1000,,10.0,False,"Mercury Gardens, Romford, RM1 3EE",https://www.themercurymall.co.uk/parking/,GBP
UK,Romford,HAV01,Angel Way Car Park,London Borough of Havering,51.57814,0.178833,320,2.6,15.0,False,"Angel Way, Romford, RM1 1JH",https://www.havering.gov.uk/car-parks-1/angel-way-car-park,GBP
UK,Romford,HAV02,Como Street Car Park,London Borough of Havering,51.580555,0.176668,134,2.6,15.0,False,"Como Street, Romford, RM7 7DL",https://www.havering.gov.uk/car-parks-1/como-street-car-park,GBP
UK,Romford,HAV03,Cottons Park Car Park,London Borough of Havering,51.576424,0.174898,,0.0,,False,"Cottons Approach, Romford, RM7 7AA",https://www.havering.gov.uk/car-parks-1/cottons-park-car-park,GBP
UK,Romford,HAV04,Lodge Farm Park North Car Park,London Borough of Havering,51.584884,0.194312,,0.0,,False,"Main Road, Romford, RM2 5JB",https://www.havering.gov.uk/car-parks-1/lodge-farm-park-north-car-park,GBP
UK,Romford,HAV05,Lodge Farm Park South Car Park,London Borough of Havering,51.577915,0.190946,,0.0,,False,"Carlton Road, Romford, RM2 5AA",https://www.havering.gov.uk/car-parks-1/lodge-farm-park-south-car-park,GBP
UK,Romford,HAV06,Market Place Car Park,London Borough of Havering,51.580246,0.181186,160,2.6,,False,"Market Place, Romford, RM1 1XL",https://www.havering.gov.uk/car-parks-1/market-place-car-park,GBP
UK,Romford,HAV07,Marshalls Park Car Park,London Borough of Havering,51.582241,0.181772,123,,,False,"Park End Road, Romford, RM1 4AU",https://www.havering.gov.uk/car-parks-1/marshalls-park-car-park,GBP
UK,Romford,HAV08,Oldchurch Rise Car Park,London Borough of Havering,51.570762,0.180992,82,2.6,15.0,False,"Oldchurch Rise, Romford, RM7 0AW",https://www.havering.gov.uk/car-parks-1/oldchurch-rise-car-park,GBP
UK,Romford,HAV09,Slaney Road Car Park,London Borough of Havering,51.576142,0.185232,100,2.6,15.0,False,"Slaney Road, Romford, RM1 3NH",https://www.havering.gov.uk/car-parks-1/slaney-road-car-park,GBP
UK,Romford,HAV10,Town Hall Car Park,London Borough of Havering,51.581398,0.183565,60,2.6,15.0,False,"Main Road, Romford, RM1 3BB",https://www.havering.gov.uk/car-parks-1/town-hall-car-park,GBP
UK,Taunton,QP01,Musgrove Park Hospital,Q-Park,51.0101006,-3.1202863,1225,1.8,25.0,,"Musgrove Park Hospital, TA1 5DA Taunton",https://www.q-park.co.uk/en-gb/cities/taunton/musgrove-park-hospital/,GBP
UK,Taunton,AP01,Taunton Station Main,APCOA,51.0229,-3.10112,404,,,,"Station Approach, TA1 1QP Taunton",https://www.apcoa.co.uk/parking-in/taunton/taunton-station-main/,GBP
UK,Taunton,SC01,Wood Street Car Park,Somerset Council,51.018616,-3.106902,165,1.3,10.8,True,"Wood Street, TA1 1UW Taunton",https://www.somerset.gov.uk/locations/wood-street-car-park-taunton/,GBP
UK,Taunton,SC02,Whirligig Lane Car Park,Somerset Council,51.015184,-3.101788,37,1.4,,,"Whirligig Lane, TA1 1RZ Taunton",https://www.somerset.gov.uk/locations/whirligig-lane-car-park-taunton/,GBP
UK,Taunton,SC03,Victoria Gate Car Park,Somerset Council,51.015717,-3.092933,71,1.3,10.8,,"Victoria Gate, TA1 3ES Taunton",https://www.somerset.gov.uk/locations/victoria-gate-car-park-taunton/,GBP
UK,Taunton,SC04,The Crescent Car Park,Somerset Council,51.013263,-3.105235,168,1.6,,True,"The Crescent, TA1 4ED Taunton",https://www.somerset.gov.uk/locations/the-crescent-car-park-taunton/,GBP
UK,Taunton,SC05,Tangier Car Park,Somerset Council,51.015027,-3.107929,209,1.3,10.8,,"Castle Street, TA1 4AY Taunton",https://www.somerset.gov.uk/locations/tangier-car-park-taunton/,GBP
UK,Taunton,SC06,High Street Car Park,Somerset Council,51.013005,-3.103076,269,1.3,10.8,,"Old Pig Market, TA1 3PJ Taunton",https://www.somerset.gov.uk/locations/high-street-car-park-taunton/,GBP
UK,Taunton,SC07,Kilkenny Car Park,Somerset Council,51.025046,-3.10312,224,1.3,10.8,,"Clifton Terrace, TA2 7BL Taunton",https://www.somerset.gov.uk/locations/kilkenny-car-park-taunton/,GBP
UK,Taunton,SC08,Enfield Car Park,Somerset Council,51.0150954,-3.1085757,141,1.3,10.8,,"Enfield, TA1 4AS Taunton",https://www.somerset.gov.uk/locations/enfield-car-park-taunton/,GBP
UK,Taunton,SC09,Elms Parade Car Park,Somerset Council,51.019927,-3.107133,28,1.4,,,"Staplegrove Road, TA1 1DQ Taunton",https://www.somerset.gov.uk/locations/elms-parade-car-park-taunton/,GBP
UK,Taunton,SC10,Duke Street Car Park,Somerset Council,51.01629,-3.096154,58,1.4,,,"Duke Street, TA1 1SS Taunton",https://www.somerset.gov.uk/locations/duke-street-car-park-taunton/,GBP
UK,Taunton,SC11,Coal Orchard Car Park,Somerset Council,51.0178803,-3.1024403,32,1.4,,True,"Coal Orchard, TA1 1JJ Taunton",https://www.somerset.gov.uk/locations/coal-orchard-car-park-taunton/,GBP
UK,Taunton,SC12,Castle Street Car Park,Somerset Council,51.0152154,-3.1075181,47,1.3,10.8,True,"Castle Street, TA1 4AS Taunton",https://www.somerset.gov.uk/locations/castle-street-car-park-taunton/,GBP
UK,Taunton,SC13,Canon Street Car Park,Somerset Council,51.017099,-3.098968,306,1.3,10.8,,"Canon Street, TA1 1SW Taunton",https://www.somerset.gov.uk/locations/canon-street-car-park-taunton/,GBP
UK,Taunton,SC14,Belvedere Road Car Park,Somerset Council,51.021263,-3.106552,107,1.3,10.8,,"Belvedere Road, TA1 1HE Taunton",https://www.somerset.gov.uk/locations/belvedere-road-car-park-taunton/,GBP
UK,Taunton,SC15,Ash Meadows Car Park,Somerset Council,51.011092,-3.100921,39,1.4,,,"Ash Meadows, TA1 3QB Taunton",https://www.somerset.gov.uk/locations/ash-meadows-car-park-taunton/,GBP
UK,Taunton,SC16,Fons George Car Park,Somerset Council,51.00968,-3.10572,79,1.2,,,"Fons George, TA1 3JX Taunton",https://www.somerset.gov.uk/locations/fons-george-car-park-taunton/,GBP
UK,Taunton,SC17,Orchard Multi Storey Car Park,Somerset Council,51.01344,-3.100848,590,1.3,10.8,,"Paul Street, TA1 3PF Taunton",https://www.somerset.gov.uk/locations/orchard-multi-storey-car-park-taunton/,GBP
UK,Truro,QP01,Highcross,Q-Park,50.265501,-5.05189,445,3.0,12.0,False,"St Clement Street, Truro, TR1 1DQ",https://www.q-park.co.uk/en-gb/cities/truro/highcross/,GBP
UK,Truro,NCP01,Fairmantle Street,NCP,50.261014,-5.051222,69,,,True,"Fairmantle Street, Truro, TR1 2EE",https://web.archive.org/web/20241206194958/https://www.ncp.co.uk/find-a-car-park/car-parks/truro-fairmantle-street/,GBP
UK,Truro,AP01,Truro Station,APCOA,50.263929,-5.06413,180,,,False,"Station Road, Truro, TR1 3HH",https://www.apcoa.co.uk/find-parking/locations/truro/truro-station-truro,GBP
UK,Truro,CC01,Old Bridge Street,Cornwall Council,50.2642,-5.050036,119,2.7,,False,"Old Bridge Street, Truro, TR1 2AH",https://www.cornwall.gov.uk/transport-parking-and-streets/parking/cornwall-council-car-parks/old-bridge-street-truro-tr1-2ah/,GBP
UK,Truro,CC02,Edward Street,Cornwall Council,50.264481,-5.056481,134,2.7,11.7,False,"Edward Street, Truro, TR1 3AJ",https://www.cornwall.gov.uk/transport-parking-and-streets/parking/cornwall-council-car-parks/edward-street-truro-tr1-3aj/,GBP
UK,Truro,CC03,Garras Wharf,Cornwall Council,50.260952,-5.046965,315,2.7,11.7,False,"Garras Wharf, Truro, TR1 2TN",https://www.cornwall.gov.uk/transport-parking-and-streets/parking/cornwall-council-car-parks/garras-wharf-truro-tr1-2tn/,GBP
UK,Truro,CC04,Moorfield,Cornwall Council,50.262087,-5.052413,236,2.7,11.7,False,"Calenick Street, Truro, TR1 2QD",https://www.cornwall.gov.uk/transport-parking-and-streets/parking/cornwall-council-car-parks/moorfield-calenick-street-truro-tr1-2qd/,GBP
UK,Truro,CC05,Moresk,Cornwall Council,50.266359,-5.053458,115,2.7,11.7,False,"Oakway, Truro, TR1 1DW",https://www.cornwall.gov.uk/transport-parking-and-streets/parking/cornwall-council-car-parks/moresk-oakway-truro-tr1-1dw/,GBP
UK,Weymouth,QP01,Commercial Road,Q-Park,50.6094743,-2.4566966,471,1.8,25.0,True,"Commercial Road, Weymouth, DT4 8LY",https://www.q-park.co.uk/en-gb/cities/weymouth/commercial-road/,GBP
UK,Weymouth,AP01,Weymouth Station,APCOA,50.615165,-2.454308,49,,9.9,,"King Street, Weymouth, DT4 7BN",https://www.apcoa.co.uk/find-parking/locations/weymouth/weymouth-station-weymouth,GBP
UK,Weymouth,AP02,Weymouth Overflow Station,APCOA,50.616202,-2.456317,175,,6.5,,"King Street, Weymouth, DT4 7BN",https://www.apcoa.co.uk/find-parking/locations/weymouth/weymouth-overflow-station-weymouth,GBP
UK,Weymouth,DC01,Weymouth Park and Ride,Dorset Council,50.6336426,-2.4607157,1000,0.0,0.0,,"Mercery Road, Weymouth, DT3 5HJ",https://www.dorsetcouncil.gov.uk/parking/find-a-carpark/find-a-car-park/-/ddl_display/ddl/267986/99395/maximized,GBP
UK,Weymouth,DC02,Swannery,Dorset Council,50.6143039,-2.4566821,915,1.5,9.0,,"Swannery, Weymouth, DT4 7TY",https://www.dorsetcouncil.gov.uk/parking/find-a-carpark/find-a-car-park/-/ddl_display/ddl/268247/99395/maximized,GBP
UK,Weymouth,DC03,Overcombe,Dorset Council,50.63446,-2.43205,180,3.2,15.8,,"Heron Close, Weymouth, DT3 6SX",https://www.dorsetcouncil.gov.uk/parking/find-a-carpark/find-a-car-park/-/ddl_display/ddl/268619/99395/maximized,GBP
UK,Weymouth,DC04,Park Street,Dorset Council,50.6125894,-2.4551062,162,3.2,,,"Park Street, Weymouth, DT4 7DQ",https://www.dorsetcouncil.gov.uk/parking/find-a-carpark/find-a-car-park/-/ddl_display/ddl/269052/99395/maximized,GBP
UK,Weymouth,DC05,Southill,Dorset Council,50.6243783,-2.4780762,87,0.0,0.0,,"Southill, Weymouth, DT4 9RT",https://www.dorsetcouncil.gov.uk/parking/find-a-carpark/find-a-car-park/-/ddl_display/ddl/5593329/99395/maximized,GBP
UK,Weymouth,DC06,Beach,Dorset Council,50.6341438,-2.444001,281,3.2,15.8,,"Preston Road, Weymouth, DT3 6HS",https://www.dorsetcouncil.gov.uk/parking/find-a-carpark/find-a-car-park/-/ddl_display/ddl/268226/99395/maximized,GBP
UK,Weymouth,DC07,Lodmoor,Dorset Council,50.625608,-2.4450183,565,3.2,15.8,,"Lodmoor, Weymouth, DT4 7SX",https://www.dorsetcouncil.gov.uk/parking/find-a-carpark/find-a-car-park/-/ddl_display/ddl/268316/99395/maximized,GBP
UK,Weymouth,DC08,Pavilion (Main),Dorset Council,50.608868,-2.448419,318,3.2,15.8,,"Pavilion, Weymouth, DT4 8DZ",https://www.dorsetcouncil.gov.uk/parking/find-a-carpark/find-a-car-park/-/ddl_display/ddl/268345/99395/maximized,GBP
UK,Weymouth,DC09,North Quay,Dorset Council,50.606764,-2.457514,148,1.2,6.3,,"North Quay, Weymouth, DT4 8TA",https://www.dorsetcouncil.gov.uk/parking/find-a-carpark/find-a-car-park/-/ddl_display/ddl/268396/99395/maximized,GBP
UK,Weymouth,DC10,Royal Yard,Dorset Council,50.6136123,-2.453979,31,1.2,6.3,,"Turton Street, Weymouth, DT4 7DA",https://www.dorsetcouncil.gov.uk/parking/find-a-carpark/find-a-car-park/-/ddl_display/ddl/269932/99395/maximized,GBP
UK,Weymouth,DC11,Harbourside,Dorset Council,50.61154,-2.45657,94,3.2,,,"Harbourside, Weymouth, DT4 8NA",https://www.dorsetcouncil.gov.uk/parking/find-a-carpark/find-a-car-park/-/ddl_display/ddl/269029/99395/maximized,GBP
UK,Weymouth,DC12,Nothe,Dorset Council,50.60677,-2.4496699,196,1.2,6.3,,"Nothe, Weymouth, DT4 8UD",https://www.dorsetcouncil.gov.uk/parking/find-a-carpark/find-a-car-park/-/ddl_display/ddl/269559/99395/maximized,GBP
UK,Weymouth,DC13,Governor's Lane,Dorset Council,50.6083896,-2.45369,60,1.2,,,"East Street, Weymouth, DT4 8DD",https://www.dorsetcouncil.gov.uk/parking/find-a-carpark/find-a-car-park/-/ddl_display/ddl/269789/99395/maximized,GBP
UK,Weymouth,DC14,Cosens Quay,Dorset Council,50.6083464,-2.4567678,40,,,,"Commercial Road, Weymouth, DT4 8AQ",https://www.dorsetcouncil.gov.uk/parking/find-a-carpark/find-a-car-park,GBP
UK,Weymouth,DC15,Melcombe Regis,Dorset Council,50.6121188,-2.4560363,311,,,,"Melcombe Regis, Weymouth, DT4 7DY",https://www.dorsetcouncil.gov.uk/parking/find-a-carpark/find-a-car-park,GBP
UK,Weymouth,DC16,Pavilion (Forecourt),Dorset Council,50.608868,-2.448419,27,,,,"Pavilion, Weymouth, DT4 8DZ",https://www.dorsetcouncil.gov.uk/parking/find-a-carpark/find-a-car-park,GBP
UK,Windsor,QP01,Windsor Royal,Q-Park,51.48139,-0.612173,744,2.0,26.0,True,"Charles Street, Windsor, SL4 1EF",https://www.q-park.co.uk/en-gb/cities/windsor/windsor-royal/,GBP
UK,Windsor,NCP01,Windsor Alma Road,NCP,51.4838,-0.61453,16,2.45,15.95,False,"The Arches, Alma Road, Windsor, SL4 1QZ",https://www.ncp.co.uk/find-a-car-park/car-parks/windsor-alma-road/,GBP
UK,Windsor,APC01,Windsor & Eton Riverside Station,APCOA,51.486018,-0.605629,36,2.0,10.8,False,"Datchet Road, Windsor, SL4 1QG",https://www.apcoa.co.uk/find-parking/locations/windsor/windsor-eton-riverside-station-windsor,GBP
UK,Windsor,RBWM01,Alexandra Gardens,Royal Borough of Windsor and Maidenhead,51.4841690321,-0.61578154563904,198,2.3,19.0,False,"Alma Road, Windsor, SL4 3HY",https://www.rbwm.gov.uk/transport-and-streets/parking/car-parks-and-park-and-ride/car-park/alexandra-gardens,GBP
UK,Windsor,RBWM02,Alma Road,Royal Borough of Windsor and Maidenhead,51.483166844508,-0.61350703239441,130,2.3,19.0,False,"Alma Road, Windsor, SL4 3HY",https://www.rbwm.gov.uk/transport-and-streets/parking/car-parks-and-park-and-ride/car-park/alma-road,GBP
UK,Windsor,RBWM03,East Berks College,Royal Borough of Windsor and Maidenhead,51.478462949813,-0.61338901519775,112,2.3,15.0,False,"Claremont Road, Windsor, SL4 3AX",https://www.rbwm.gov.uk/transport-and-streets/parking/car-parks-and-park-and-ride/car-park/east-berks-college,GBP
UK,Windsor,RBWM04,Eton Court,Royal Borough of Windsor and Maidenhead,51.487623069887,-0.60983777046204,57,2.2,16.0,False,"Eton Court, Eton, SL4 6BY",https://www.rbwm.gov.uk/transport-and-streets/parking/car-parks-and-park-and-ride/car-park/eton-court,GBP
UK,Windsor,RBWM05,Meadow Lane,Royal Borough of Windsor and Maidenhead,51.487195504931,-0.6108033657074,102,2.2,16.0,False,"Meadow Lane, Eton, SL4 6BS",https://www.rbwm.gov.uk/transport-and-streets/parking/car-parks-and-park-and-ride/car-park/meadow-lane,GBP
UK,Windsor,RBWM06,River Street,Royal Borough of Windsor and Maidenhead,51.484376148123,-0.60899019241333,155,7.0,30.0,False,"River Street, Windsor, SL4 1QT",https://www.rbwm.gov.uk/transport-and-streets/parking/car-parks-and-park-and-ride/car-park/river-street,GBP
UK,Windsor,RBWM07,Trevelyan School Car Park,Royal Borough of Windsor and Maidenhead,51.471027872421,-0.61721640337203,76,0.6,8.5,False,"St Leonards Road, Windsor, SL4 3DR",https://www.rbwm.gov.uk/transport-and-streets/parking/car-parks-and-park-and-ride/car-park/trevelyan-school-car-park,GBP
UK,Windsor,RBWM08,Victoria Street,Royal Borough of Windsor and Maidenhead,51.4793998,-0.6106308,206,2.6,22.0,False,"Victoria Street, Windsor, SL4 1EG",https://www.rbwm.gov.uk/transport-and-streets/parking/car-parks-and-park-and-ride/car-park/victoria-street,GBP
UK,Windsor,RBWM09,Windsor Dials,Royal Borough of Windsor and Maidenhead,51.4833858,-0.6167862,250,2.3,19.0,False,"Alma Road, Windsor, SL4 3HY",https://www.rbwm.gov.uk/transport-and-streets/parking/car-parks-and-park-and-ride/car-park/windsor-dials,GBP
UK,Windsor,RBWM10,Windsor Leisure Centre,Royal Borough of Windsor and Maidenhead,51.485364947135,-0.6201696395874,249,2.0,24.5,False,"Stovell Road, Windsor, SL4 5JB",https://www.rbwm.gov.uk/transport-and-streets/parking/car-parks-and-park-and-ride/car-park/windsor-leisure-centre,GBP
UK,Windsor,RBWM11,Windsor Library,Royal Borough of Windsor and Maidenhead,51.480814957806,-0.60886144638062,15,3.5,7.0,False,"Bachelors Acre, Windsor, SL4 1ER",https://www.rbwm.gov.uk/transport-and-streets/parking/car-parks-and-park-and-ride/car-park/windsor-library,GBP
UK,Windsor,RBWM12,York House,Royal Borough of Windsor and Maidenhead,51.479178331632,-0.60602564641895,92,,9.5,True,"Sheet Street, Windsor, SL4 1DD",https://www.rbwm.gov.uk/transport-and-streets/parking/car-parks-and-park-and-ride/car-park/york-house,GBP
UK,Windsor,CE01,Home Park Public,Crown Estate (Windsor Great Park),51.491922491843,-0.60104185756698,181,2.2,13.0,False,"Home Park, Windsor, SL4 1QF",https://www.windsorgreatpark.co.uk/visit/your-visit/parking/,GBP
UK,Windsor,CE02,King Edward VII,Crown Estate (Windsor Great Park),51.487208866397,-0.60259580612183,192,2.2,13.0,False,"King Edward VII Avenue, Windsor, SL4 6HX",https://www.windsorgreatpark.co.uk/visit/your-visit/parking/,GBP
UK,Ipswich,QP01,Tacket Street,Q-Park,52.056017,1.1572503,258,2.0,6.0,False,"Tacket Street, Ipswich, IP4 1AU",https://www.q-park.co.uk/en-gb/cities/ipswich/tacket-street/,GBP
UK,Ipswich,QP02,Tower Ramparts,Q-Park,52.0594491,1.152694,100,2.5,12.0,False,"Crown Street, Ipswich, IP1 3DH",https://www.q-park.co.uk/en-gb/cities/ipswich/tower-ramparts/,GBP
UK,Ipswich,NCP01,Blackfriars,NCP,52.0550767,1.1572767,513,1.95,7.95,False,"Blackfriars, Foundation Street, Ipswich, IP4 1BN",https://www.ncp.co.uk/find-a-car-park/car-parks/ipswich-blackfriars/,GBP
UK,Ipswich,NCP02,Burrell Road,NCP,52.0506835,1.1485402,130,2.95,7.95,False,"Burrell Road, Ipswich, IP2 8AD",https://www.ncp.co.uk/find-a-car-park/car-parks/ipswich-burrell-road/,GBP
UK,Ipswich,NCP03,Turret Lane,NCP,52.0546744,1.1547245,51,,5.95,False,"Turret Lane, Ipswich, IP4 1DL",https://www.ncp.co.uk/find-a-car-park/car-parks/ipswich-turret-lane/,GBP
UK,Ipswich,NCP04,Cox Lane,NCP,52.0568635,1.1584237,182,2.45,5.95,False,"Cox Lane, Ipswich, IP4 1HT",https://www.ncp.co.uk/find-a-car-park/car-parks/ipswich-cox-lane/,GBP
UK,Ipswich,NCP05,Ranelagh Road,NCP,52.0513,1.14358,21,,4.95,False,"Ranelagh Road, Ipswich, IP2 0AA",https://www.ncp.co.uk/find-a-car-park/car-parks/ipswich-ranelagh-road/,GBP
UK,Ipswich,NCP06,St Helens Street,NCP,52.0569,1.16035,13,,4.95,False,"St Helens Street, Ipswich, IP4 1HJ",https://www.ncp.co.uk/find-a-car-park/car-parks/ipswich-st-helens-street/,GBP
UK,Ipswich,SB01,Ipswich Station,Saba,52.05047615,1.146272513,517,1.2,11.0,True,"Burrell Road, Ipswich, IP2 8AL",https://www.sabaparking.co.uk/en/car-park/ipswich-station-mscp-car-park,GBP
UK,Ipswich,IBC01,Bond Street,Ipswich Borough Council,52.056226,1.160243,14,1.7,,False,"Bond Street, Ipswich, IP4 1JE",https://www.ipswich.gov.uk/bond-street-car-park,GBP
UK,Ipswich,IBC02,Cromwell Square,Ipswich Borough Council,52.055031,1.152178,64,2.6,,False,"Cromwell Square, Ipswich, IP1 1AN",https://www.ipswich.gov.uk/cromwell-square-car-park,GBP
UK,Ipswich,IBC03,Crown,Ipswich Borough Council,52.059744,1.152481,536,1.7,12.0,True,"Claude Street, Ipswich, IP1 3HS",https://www.ipswich.gov.uk/crowncarpark,GBP
UK,Ipswich,IBC04,Elm Street,Ipswich Borough Council,52.05688,1.148924,68,1.7,,True,"Elm Street, Ipswich, IP1 2AP",https://www.ipswich.gov.uk/elm-street-car-park,GBP
UK,Ipswich,IBC05,Fore Street,Ipswich Borough Council,52.053333,1.161804,30,1.5,,False,"Star Lane, Ipswich, IP4 1JZ",https://www.ipswich.gov.uk/fore-street-car-park,GBP
UK,Ipswich,IBC06,Regent,Ipswich Borough Council,52.058272,1.160081,73,1.7,,False,"Cobden Place, Ipswich, IP4 2EA",https://www.ipswich.gov.uk/regent-car-park,GBP
UK,Ipswich,IBC07,Smart Street,Ipswich Borough Council,52.053996,1.157562,21,1.5,,False,"Smart Street, Ipswich, IP4 1BP",https://www.ipswich.gov.uk/smart-street-car-park,GBP
UK,Ipswich,IBC08,St Peter's Dock,Ipswich Borough Council,52.051418,1.154083,100,1.7,,False,"Bridge Street, Ipswich, IP1 1XH",https://www.ipswich.gov.uk/st-peters-dock-car-park,GBP
UK,Ipswich,IBC09,Upper Orwell Street North,Ipswich Borough Council,52.056866,1.158187,54,1.7,,True,"Upper Barclay Street, Ipswich, IP4 1HU",https://www.ipswich.gov.uk/upper-orwell-street-north-car-park,GBP
UK,Ipswich,IBC10,Upper Orwell Street South,Ipswich Borough Council,52.056866,1.158187,37,1.7,,False,"Upper Barclay Street, Ipswich, IP4 1HU",https://www.ipswich.gov.uk/upper-orwell-street-south-car-park,GBP
UK,Ipswich,IBC11,William Street,Ipswich Borough Council,52.059569,1.155329,77,1.7,,False,"William Street, Ipswich, IP1 3HX",https://www.ipswich.gov.uk/william-street-car-park,GBP
UK,Ipswich,IBC12,Norwich Road Shoppers,Ipswich Borough Council,52.061486,1.144535,78,1.5,8.0,False,"South Street, Ipswich, IP1 3NU",https://www.ipswich.gov.uk/norwich-road-shoppers-car-park,GBP
UK,Ipswich,IBC13,Portman Road A,Ipswich Borough Council,52.055753,1.139288,55,1.5,8.0,False,"Portman Road, Ipswich, IP1 2DW",https://www.ipswich.gov.uk/portman-road-a-car-park,GBP
UK,Ipswich,IBC14,Portman Road B,Ipswich Borough Council,52.056586,1.145796,135,1.5,8.0,False,"Portman Road, Ipswich, IP1 2BP",https://www.ipswich.gov.uk/portman-road-b-car-park,GBP
UK,Ipswich,IBC15,Portman Road C,Ipswich Borough Council,52.056586,1.145796,618,1.5,8.0,False,"Portman Road, Ipswich, IP1 2BP",https://www.ipswich.gov.uk/portman-road-c-car-park,GBP
UK,Ipswich,IBC16,Portman Road D,Ipswich Borough Council,52.056586,1.145796,26,1.5,8.0,False,"Portman Road, Ipswich, IP1 2BP",https://www.ipswich.gov.uk/portman-road-d-car-park,GBP
UK,Ipswich,IBC17,Princes Street,Ipswich Borough Council,52.055405,1.148937,21,1.5,8.0,False,"Princes Street, Ipswich, IP1 1RY",https://www.ipswich.gov.uk/princes-street-car-park,GBP
UK,Ipswich,IBC18,West End Road,Ipswich Borough Council,52.055517,1.136339,385,1.5,8.0,False,"West End Road, Ipswich, IP1 2DZ",https://www.ipswich.gov.uk/west-end-road-car-park,GBP
UK,Gloucester,QP01,The Forum,Q-Park,51.8649876,-2.2411941,398,,12.0,True,"Station Road, Gloucester, GL1 1SZ",https://www.q-park.co.uk/en-gb/cities/gloucester/the-forum/,GBP
UK,Gloucester,NCP01,Northgate Street,NCP,51.8663,-2.24266,6,,,False,"Spread Eagle Street, Gloucester, GL1 1SL",https://www.ncp.co.uk/find-a-car-park/car-parks/gloucester-north-gate-street/,GBP
UK,Gloucester,AP01,Gloucester Station,APCOA,51.8654801,-2.23895216,200,,12.0,False,"Bruton Way, Gloucester, GL1 1DE",https://www.apcoa.co.uk/find-parking/locations/gloucester/gloucester-station-gloucester,GBP
UK,Gloucester,AP02,Gloucester Station - Short Stay,APCOA,51.86532,-2.23889,20,2.0,,False,"Bruton Way, Gloucester, GL1 1DE",https://www.apcoa.co.uk/find-parking/locations/gloucester/gloucester-station-short-stay-gloucester,GBP
UK,Gloucester,AP03,Gloucester Station - Overflow,APCOA,51.86607,-2.23715,240,,12.0,True,"Bruton Way, Gloucester, GL1 1DE",https://www.apcoa.co.uk/find-parking/locations/gloucester/gloucester-station-overflow-gloucester,GBP
UK,Gloucester,SB01,Castlemeads,Saba,51.863808,-2.256948,249,1.4,8.4,False,"Castlemeads Way, Gloucester, GL1 2NH",https://www.gloucester.gov.uk/parking-transport-and-streets/parking/gloucester-city-car-parks/castlemeads-car-park/,GBP
UK,Gloucester,SB02,Eastgate Shopping Centre,Saba,51.86449,-2.244883,380,1.5,8.4,False,"Eastgate Street, Gloucester, GL1 1PA",https://www.gloucester.gov.uk/parking-transport-and-streets/parking/gloucester-city-car-parks/eastgate-shopping-centre/,GBP
UK,Gloucester,SB03,Gloucester Leisure Centre (GL1),Saba,51.862893,-2.238906,53,,,False,"Car Park r/o GL1 Leisure Centre, Bruton Way, Gloucester, GL1 1DT",https://www.gloucester.gov.uk/parking-transport-and-streets/parking/gloucester-city-car-parks/gloucester-leisure-centre-gl1/,GBP
UK,Gloucester,SB04,Great Western Road,Saba,51.866796,-2.238317,56,,5.2,False,"Great Western Road, Gloucester, GL1 3NF",https://www.gloucester.gov.uk/parking-transport-and-streets/parking/gloucester-city-car-parks/great-western-road/,GBP
UK,Gloucester,SB05,Hampden Way,Saba,51.862893,-2.243437,72,1.4,8.4,False,"Hampden Way, Gloucester, GL1 1SX",https://www.gloucester.gov.uk/parking-transport-and-streets/parking/gloucester-city-car-parks/hampden-way/,GBP
UK,Gloucester,SB06,Hare Lane North,Saba,51.869062,-2.242976,79,1.4,5.3,False,"Hare Lane, Gloucester, GL1 2DF",https://www.gloucester.gov.uk/parking-transport-and-streets/parking/gloucester-city-car-parks/hare-lane-north/,GBP
UK,Gloucester,SB07,Hare Lane South,Saba,51.868682,-2.2437,97,1.4,,False,"Hare Lane, Gloucester, GL1 2DA",https://www.gloucester.gov.uk/parking-transport-and-streets/parking/gloucester-city-car-parks/hare-lane-south/,GBP
UK,Gloucester,SB08,Kings Walk,Saba,51.865008,-2.242025,291,1.5,8.4,False,"Kings Walk, Gloucester, GL1 1EA",https://www.gloucester.gov.uk/parking-transport-and-streets/parking/gloucester-city-car-parks/kings-walk/,GBP
UK,Gloucester,SB09,Ladybellegate Street,Saba,51.864112,-2.24918,28,1.5,8.4,False,"Ladybellegate Street, Gloucester, GL1 2HN",https://www.gloucester.gov.uk/parking-transport-and-streets/parking/gloucester-city-car-parks/ladybellegate-street/,GBP
UK,Gloucester,SB10,Longsmith Street,Saba,51.8648,-2.247223,300,1.5,8.4,False,"Longsmith Street, Gloucester, GL1 2HH",https://www.gloucester.gov.uk/parking-transport-and-streets/parking/gloucester-city-car-parks/longsmith-street/,GBP
UK,Gloucester,SB11,North Warehouse,Saba,51.86416,-2.252026,66,,8.4,False,"North Warehouse, The Docks, Gloucester, GL1 2FB",https://www.gloucester.gov.uk/parking-transport-and-streets/parking/gloucester-city-car-parks/north-warehouse/,GBP
UK,Gloucester,SB12,St Michaels Square,Saba,51.86173,-2.244621,97,1.3,8.0,False,"St. Michael's Square, Gloucester, GL1 1HX",https://www.sabaparking.co.uk/en/car-park/st-michaels-square-car-park,GBP
UK,Gloucester,SB13,Station Road,Saba,51.863116,-2.239749,110,1.4,8.4,False,"Station Road, Gloucester, GL1 1QD",https://www.gloucester.gov.uk/parking-transport-and-streets/parking/gloucester-city-car-parks/station-road/,GBP
UK,Gloucester,SB14,Westgate Coach and Car Park,Saba,51.868135,-2.251744,95,1.3,8.0,True,"Westgate Street, Gloucester, GL1 2TU",https://www.sabaparking.co.uk/en/car-park/westgate-coach-and-car-park,GBP
UK,Gloucester,GCC01,Southgate Moorings,Gloucester City Council,51.863547,-2.248523,179,,8.4,False,"Southgate Street, Gloucester, GL1 2DB",https://www.gloucester.gov.uk/parking-transport-and-streets/parking/gloucester-city-car-parks/southgate-moorings/,GBP
UK,Kingston upon Thames,QP01,Eden Walk,Q-Park,51.409358,-0.305095,700,2.2,22.0,False,"Union Street, Kingston upon Thames, KT1 1BL",https://www.q-park.co.uk/en-gb/cities/kingston-upon-thames/eden-walk/,GBP
UK,Kingston upon Thames,NCP01,Kingston Fairfield,NCP,51.409478,-0.301447,316,2.5,15.0,False,"Fairfield, Lady Booth Road, Kingston, Surrey, KT1 2PR",https://www.ncp.co.uk/find-a-car-park/car-parks/kingston-fairfield/,GBP
UK,Kingston upon Thames,NCP02,Kingston Lady Booth Road,NCP,51.4093,-0.302292,10,,11.95,False,"5 Lady Booth Road, Kingston Upon Thames, KT1 1EL",https://www.ncp.co.uk/find-a-car-park/car-parks/kingston-lady-booth-road/,GBP
UK,Kingston upon Thames,KC01,Ashdown,Kingston Council,51.4088657,-0.3026478,168,3.3,,False,"Ashdown Road, Kingston upon Thames, KT1 2NH",https://kingston.gov.uk/parking/car-parks/ashdown,GBP
UK,Kingston upon Thames,KC02,Bittoms,Kingston Council,51.4068911,-0.306999,875,2.7,16.0,True,"The Bittoms, Kingston upon Thames, KT1 2AG",https://kingston.gov.uk/parking/car-parks/bittoms,GBP
UK,Kingston upon Thames,KC03,Blagdon Road,Kingston Council,51.4004751,-0.2538277,108,1.0,,True,"Blagdon Road, New Malden, KT3 4AE",https://kingston.gov.uk/parking/car-parks/blagdon-road,GBP
UK,Kingston upon Thames,KC04,Canbury Place,Kingston Council,51.414161,-0.3013051,106,2.7,16.0,False,"Walter Street, Kingston upon Thames, KT2 5AA",https://kingston.gov.uk/parking/car-parks/canbury-place,GBP
UK,Kingston upon Thames,KC05,Cattle Market - surface,Kingston Council,51.4104863,-0.2996608,109,3.3,,False,"Fairfield North, Kingston upon Thames, KT1 2QY",https://kingston.gov.uk/parking/car-parks/cattle-market-surface,GBP
UK,Kingston upon Thames,KC06,Guildhall - Saturdays only,Kingston Council,51.4087096,-0.3064922,61,2.7,,False,"Guildhall, High Street, Kingston upon Thames, KT1 1EU",https://kingston.gov.uk/parking/car-parks/guildhall-saturdays-only,GBP
UK,Kingston upon Thames,KC07,Hook Community Centre,Kingston Council,51.3568338,-0.27474,18,1.4,,True,"Hook Road, Chessington, KT9 1AA",https://kingston.gov.uk/parking/car-parks/hook-community-centre,GBP
UK,Kingston upon Thames,KC08,Malden Centre,Kingston Council,51.4001682,-0.2535002,83,2.1,,False,"Cocks Crescent, New Malden, KT3 4AF",https://kingston.gov.uk/parking/car-parks/malden-centre,GBP
UK,Kingston upon Thames,KC09,Neville House,Kingston Council,51.4100721,-0.3027531,32,3.3,,False,"55 Eden Street, Kingston upon Thames, KT1 1BW",https://kingston.gov.uk/parking/car-parks/neville-house,GBP
UK,Kingston upon Thames,KC10,Rose,Kingston Council,51.4071427,-0.3065152,417,2.7,16.0,True,"Kent Road, Kingston upon Thames, KT1 2NB",https://kingston.gov.uk/parking/car-parks/rose,GBP
UK,Kingston upon Thames,KC11,St Philips Road,Kingston Council,51.393639,-0.306724,64,1.6,,False,"St Philips Road, Surbiton, KT6 4QL",https://kingston.gov.uk/parking/car-parks/st-philips-road,GBP
UK,Kingston upon Thames,KC12,Thameside,Kingston Council,51.4096275,-0.3062621,32,2.7,,False,"Kingston upon Thames, KT1 1PL",https://kingston.gov.uk/parking/car-parks/thameside,GBP
Denmark,København,QP01,Industriens Hus,Q-Park,55.675103,12.568553,131,54.0,400.0,True,"H. C. Andersens Boulevard 18, 1787 København V",https://www.q-park.dk/da/parkering/k%c3%b8benhavn/industriens-hus/,DKK
Denmark,København,QP02,Dagmar Hus,Q-Park,55.6768871,12.5663232,40,54.0,400.0,,"H.C. Andersens Boulevard 12, 1553 København K",https://www.q-park.dk/da/parkering/k%c3%b8benhavn/dagmar-hus/,DKK
Denmark,København,QP03,Vesterport,Q-Park,55.676601,12.560887,774,47.0,350.0,True,"Nyropsgade 43, 1602 København V",https://www.q-park.dk/da/parkering/k%c3%b8benhavn/vesterport/,DKK
Denmark,København,QP04,Nørreport,Q-Park,55.682197,12.568903,1187,,370.0,True,"Linnésgade 1, 1363 København K",https://www.q-park.dk/da/parkering/k%c3%b8benhavn/n%c3%b8rreport/,DKK
Denmark,København,QP05,Christiansborggade,Q-Park,55.6721997,12.5772842,5,44.0,,,"Christiansborggade, 1558 København V",https://www.q-park.dk/da/parkering/k%c3%b8benhavn/christiansborggade/,DKK
Denmark,København,QP06,Christiansborggade 2,Q-Park,55.6722053,12.5772966,16,44.0,,,"Christiansborggade 2, 1558 København V",https://www.q-park.dk/da/parkering/k%c3%b8benhavn/christiansborggade-2/,DKK
Denmark,København,QP07,DGI Byen – Terræn,Q-Park,55.6692387,12.5639256,35,44.0,440.0,,"Tietgensgade 65, 1704 København V",https://www.q-park.dk/da/parkering/k%c3%b8benhavn/dgi-byen-%e2%80%93-terr%c3%a6n/,DKK
Denmark,København,QP08,Illum,Q-Park,55.6797994,12.5796108,142,,390.0,True,"Silkegade 4, 1113 København K",https://www.q-park.dk/da/parkering/k%c3%b8benhavn/illum/,DKK
Denmark,København,QP09,DGI Byen – P-anlæg,Q-Park,55.6679776,12.5634934,192,44.0,440.0,True,"Tietgensgade 65, 1704 København V",https://www.q-park.dk/da/parkering/k%c3%b8benhavn/dgi-byen-%e2%80%93-p-anl%c3%a6g/,DKK
Denmark,København,QP10,Magasin du Nord,Q-Park,55.6787508,12.5832166,232,57.0,390.0,,"Bremerholm 2, 1069 København K",https://www.q-park.dk/da/parkering/k%c3%b8benhavn/magasin-du-nord/,DKK
Denmark,København,QP11,Adelgade,Q-Park,55.682945,12.582683,257,55.0,410.0,True,"Adelgade 5, 1304 København K",https://www.q-park.dk/da/parkering/k%c3%b8benhavn/adelgade/,DKK
Denmark,København,QP12,Scandic Kødbyen,Q-Park,55.666516,12.55739,160,37.0,270.0,True,"Skelbækgade 3, 1717 København V",https://www.q-park.dk/da/parkering/k%c3%b8benhavn/q-park-scandic-k%c3%b8dbyen/,DKK
Denmark,København,QP13,Nørrebrogade 45,Q-Park,55.6887768,12.5569219,4,26.0,,,"Nørrebrogade 45, 2200 København N.",https://www.q-park.dk/da/parkering/k%c3%b8benhavn/n%c3%b8rrebrogade-45/,DKK
Denmark,København,QP14,Havneholmen 33,Q-Park,55.6615092,12.5645251,22,,,,"Havneholmen 33, 1561 København V",https://www.q-park.dk/da/parkering/k%c3%b8benhavn/havneholmen-33/,DKK
Denmark,København,QP15,Admiral Hotel,Q-Park,55.68201,12.593428,58,50.0,425.0,,"Toldbodgade 24-28, 1253 København K",https://www.q-park.dk/da/parkering/k%c3%b8benhavn/admiral-hotel/,DKK
Denmark,København,QP16,Kuglegården,Q-Park,55.677705,12.600443,10,42.0,,,"Danneskiold-Samsøes Alle 1, 1433 København K",https://www.q-park.dk/da/parkering/k%c3%b8benhavn/kugleg%c3%a5rden/,DKK
Denmark,København,QP17,Bryggens Bastion,Q-Park,55.663278,12.592392,362,23.0,210.0,True,"Njalsgade 187-189, 2300 København S",https://www.q-park.dk/da/parkering/k%c3%b8benhavn/bryggens-bastion/,DKK
Denmark,København,QP18,Halvtolv,Q-Park,55.678229,12.602926,15,42.0,,,"Halvtolv 4, 1436 København K",https://www.q-park.dk/da/parkering/k%c3%b8benhavn/halvtolv/,DKK
Denmark,København,QP19,Danneskiold-Samsøes Allé 20-28,Q-Park,55.678117,12.603479,150,42.0,,,"Danneskiold-Samsøes Allé, 1436 København K",https://www.q-park.dk/da/parkering/k%c3%b8benhavn/danneskiold-sams%c3%b8es-all%c3%a9-20-28/,DKK
Denmark,København,QP20,Folke Bernadottes Allé 5-7,Q-Park,55.693053,12.58967,40,20.0,,,"Folke Bernadottes Allé 5-7, 2100 København Ø",https://www.q-park.dk/da/parkering/k%c3%b8benhavn/folke-bernadottes-all%c3%a9-5-7/,DKK
Denmark,København,QP21,Schifters Kvarter,Q-Park,55.680929,12.605064,50,,,,"Schifters Kvarter, 1435 København K",https://www.q-park.dk/da/parkering/k%c3%b8benhavn/schifters-kvarter/,DKK
Denmark,København,QP22,Amagerfælledvej 62,Q-Park,55.658825,12.5920536,15,20.0,,,"Amagerfælledvej 62, 2300 København S",https://www.q-park.dk/da/parkering/k%c3%b8benhavn/amagerf%c3%a6lledvej-62/,DKK
Denmark,København,QP23,DR Byen,Q-Park,55.65676,12.587517,500,20.0,,True,"Ørestads Boulevard 13, 2300 København S",https://www.q-park.dk/da/parkering/k%c3%b8benhavn/dr-byen/,DKK
Denmark,København,QP24,Frederiks Brygge,Q-Park,55.6555787,12.5482954,600,22.0,,True,"Frederiks Brygge, 2450 København SV",https://www.q-park.dk/da/parkering/k%c3%b8benhavn/frederiks-brygge/,DKK
Denmark,København,QP25,Tagensvej 30-38,Q-Park,55.6995393,12.5539989,20,20.0,,,"Tagensvej 30-38, 2200 København N.",https://www.q-park.dk/da/parkering/k%c3%b8benhavn/tagensvej-30-38/,DKK
Denmark,København,QP26,Krudtløbsvej / Refshalevej,Q-Park,55.685595,12.609262,100,30.0,,,"Krudtløbsvej / Refshalevej, 1436 København K",https://www.q-park.dk/da/parkering/k%c3%b8benhavn/krudtl%c3%b8bsvej/,DKK
Denmark,København,QP27,Rådmandsgade 40C,Q-Park,55.6996405,12.5526874,50,14.0,,,"Rådmandsgade 40, 2200 København N.",https://www.q-park.dk/da/parkering/k%c3%b8benhavn/r%c3%a5dmandsgade-40c/,DKK
Denmark,København,QP28,Holmbladsgade 70 & Lyneborggade 5 & 9,Q-Park,55.665279,12.610434,180,25.0,,,"Holmbladsgade 70, 2300 København S",https://www.q-park.dk/da/parkering/k%c3%b8benhavn/holmbladsgade-70-lyneborggade-5-9/,DKK
Denmark,København,QP29,Siljangade 4-8,Q-Park,55.6688128,12.6136481,63,20.0,,,"Siljangade 4-8, 2300 København S",https://www.q-park.dk/da/parkering/k%c3%b8benhavn/siljangade-4-8/,DKK
Denmark,København,QP30,Kløvermarksvej 70,Q-Park,55.67573,12.616985,110,20.0,200.0,,"Kløvermarksvej 70, 2300 København S",https://www.q-park.dk/da/parkering/k%c3%b8benhavn/kl%c3%b8vermarksvej-70/,DKK
Denmark,København,QP31,Scandiagade 13-15,Q-Park,55.6530027,12.5417045,50,,150.0,,"Scandiagade 13-15, 2450 København SV",https://www.q-park.dk/da/parkering/k%c3%b8benhavn/scandiagade-13-15/,DKK
Denmark,København,QP32,Hillerødgade 31,Q-Park,55.6965225,12.5349791,40,5.0,25.0,,"Hillerødgade 31, 2200 København N.",https://www.q-park.dk/da/parkering/k%c3%b8benhavn/hiller%c3%b8dgade-31/,DKK
Denmark,København,QP33,The Plant,Q-Park,55.674299,12.618337,140,20.0,200.0,True,"Raffinaderivej 22, 2300 København S",https://www.q-park.dk/da/parkering/k%c3%b8benhavn/the-plant/,DKK
Denmark,København,QP34,Raffinaderivej 6-10,Q-Park,55.672178,12.619029,400,20.0,200.0,True,"Raffinaderivej 6-10, 2300 København S",https://www.q-park.dk/da/parkering/k%c3%b8benhavn/raffinaderivej-6-10/,DKK
Denmark,København,QP35,Holmbladsgade 120,Q-Park,55.666325,12.618329,25,,,,"Holmbladsgade 120, 2300 København S",https://www.q-park.dk/da/parkering/k%c3%b8benhavn/holmbladsgade-120/,DKK
Denmark,København,QP36,Nordre Fasanvej 242-244,Q-Park,55.7001989,12.5369554,8,20.0,,,"Nordre Fasanvej 242-244, 2200 København N.",https://www.q-park.dk/da/parkering/k%c3%b8benhavn/nordre-fasanvej-242-244/,DKK
Denmark,København,QP37,Nordre Fasanvej 273-275,Q-Park,55.70035,12.536836,11,20.0,,,"Nordre Fasanvej 273-275, 2200 København N.",https://www.q-park.dk/da/parkering/k%c3%b8benhavn/nordre-fasanvej-273-275/,DKK
Denmark,København,QP38,Strandlodsvej 6-10,Q-Park,55.667499,12.619706,17,22.0,,,"Strandlodsvej 6-10, 2300 København S",https://www.q-park.dk/da/parkering/k%c3%b8benhavn/strandlodsvej-6-10/,DKK
Denmark,København,QP39,Jenagade 22,Q-Park,55.665839,12.620102,158,25.0,,True,"Jenagade 22, 2300 København S",https://www.q-park.dk/da/parkering/k%c3%b8benhavn/jenagade-22/,DKK
Denmark,København,QP40,Charlottehaven,Q-Park,55.705172,12.588277,40,15.0,,,"Hjørringgade 10-12D, 2100 København Ø.",https://www.q-park.dk/da/parkering/k%c3%b8benhavn/charlottehaven/,DKK
Denmark,København,QP41,Strandboulevarden 89-91,Q-Park,55.705925,12.585538,36,16.0,,,"Strandboulevarden 89-91, 2100 København Ø.",https://www.q-park.dk/da/parkering/k%c3%b8benhavn/strandboulevarden-89-91/,DKK
Denmark,København,QP42,Strandlodsvej 30,Q-Park,55.6650645,12.6217297,10,,,,"Strandlodsvej 30, 2300 København S",https://www.q-park.dk/da/parkering/k%c3%b8benhavn/strandlodsvej-30/,DKK
Denmark,København,QP43,Rabarbervej 2,Q-Park,55.6965037,12.5239404,30,26.0,,,"Rabarbervej 2, 2400 København Nv",https://www.q-park.dk/da/parkering/k%c3%b8benhavn/rabarbervej-2/,DKK
Denmark,København,QP44,Rønnegade 2-8,Q-Park,55.707922,12.557604,77,11.0,,,"Rønnegade 2-8, 2100 København Ø",https://www.q-park.dk/da/parkering/k%c3%b8benhavn/r%c3%b8nnegade-2-8/,DKK
Denmark,København,QP45,Fordresgårdvej 36-50,Q-Park,55.6918868,12.517283,40,20.0,60.0,,"Fordresgårdvej - Grøndalsvænge Alle 36-50 - 68, 2400 København Nv",https://www.q-park.dk/da/parkering/k%c3%b8benhavn/fordresg%c3%a5rdvej-36-50-gr%c3%b8ndalsv%c3%a6nge-alle-68/,DKK
Denmark,København,QP46,Lyngbyvej 14-24,Q-Park,55.7093961,12.5642804,411,18.0,,,"Lyngbyvej 14-24, 2100 København K",https://www.q-park.dk/da/parkering/k%c3%b8benhavn/lyngbyvej-14-24/,DKK
Denmark,København,QP47,Røde Mellem Vej 114,Q-Park,55.6433167,12.5913669,10,15.0,150.0,,"Røde Mellem Vej 114, 2300 København S",https://www.q-park.dk/da/parkering/k%c3%b8benhavn/r%c3%b8de-mellem-vej-114/,DKK
Denmark,København,QP48,Drejøgade 26,Q-Park,55.7115281,12.5715638,100,16.0,,,"Drejøgade 26, 2100 København Ø.",https://www.q-park.dk/da/parkering/k%c3%b8benhavn/drej%c3%b8gade-26/,DKK
Denmark,København,QP49,Landskronagade 70,Q-Park,55.7128912,12.5694369,71,16.0,,,"Landskronagade 70, 2100 København Ø.",https://www.q-park.dk/da/parkering/k%c3%b8benhavn/landskronagade-70/,DKK
Denmark,København,QP50,G/F Lindegaarden,Q-Park,55.6403865,12.5888386,,15.0,,,"Hyttehusvej, 2300 København S",https://www.q-park.dk/da/parkering/k%c3%b8benhavn/g-f-lindegaarden/,DKK
Denmark,København,QP51,Birkedommervej 27-31,Q-Park,55.708303,12.528119,60,16.0,,,"Birkedommervej 27-31, 2400 København Nv",https://www.q-park.dk/da/parkering/k%c3%b8benhavn/birkedommervej-27-31/,DKK
Denmark,København,QP52,Cabinn Arne Jacobsens Allé 2,Q-Park,55.6310738,12.5744192,400,25.0,175.0,,"Cabinn, Arne Jacobsens Allé 2, 2300 København S",https://www.q-park.dk/da/parkering/k%c3%b8benhavn/cabinn-arne-jacobsens-all%c3%a9-2/,DKK
Denmark,København,QP53,Amager Landevej 40-42,Q-Park,55.6367002,12.6187885,41,20.0,120.0,,"Amager Landevej 40-42, 2300 København S",https://www.q-park.dk/da/parkering/k%c3%b8benhavn/amager-landevej-40-42/,DKK
Denmark,København,AP01,Jernbanegade 1,APCOA,55.67604105,12.56607058,95,64.0,,,"Jernbanegade, 1608 København",https://www.apcoa.dk/find-en-p-plads,DKK
Denmark,København,AP02,Imperial Bygningen,APCOA,55.67576037,12.56071786,140,52.0,,,"Nyropsgade 47, 1602 København",https://www.apcoa.dk/find-en-p-plads,DKK
Denmark,København,AP03,Saga P-hus,APCOA,55.672958,12.559498,217,54.0,,,"Vesterbrogade 23, 1620 København",https://www.apcoa.dk/find-en-p-plads,DKK
Denmark,København,AP04,Gammel Kongevej 33,APCOA,55.673459,12.553877,,,,,"Gammel Kongevej 33, 1610 København",https://www.apcoa.dk/find-en-p-plads,DKK
Denmark,København,AP05,Tullinsgade 19,APCOA,55.673437,12.551657,61,23.0,,,"Tullinsgade, 1618 København",https://www.apcoa.dk/find-en-p-plads,DKK
Denmark,København,AP06,Tivoli Hotel & Congress Center,APCOA,55.665886,12.565971,500,60.0,,,"Arni Magnussons Gade 2, 1577 København",https://www.apcoa.dk/find-en-p-plads,DKK
Denmark,København,AP07,Kalvebod Brygge 47 - p-kælder,APCOA,55.663548,12.563737,6,,,,"Kalvebod Brygge, 1561 København",https://www.apcoa.dk/find-en-p-plads,DKK
Denmark,København,AP08,Matthæusgade P-kælder,APCOA,55.669813,12.547506,126,44.0,,,"Matthæusgade 46A, 1666 København",https://www.apcoa.dk/find-en-p-plads,DKK
Denmark,København,AP09,P-kælder Østen for Humlen (Krøyers Hus),APCOA,55.666629,12.538707,54,16.0,,,"Ny Carlsberg Vej, 1774 København",https://www.apcoa.dk/find-en-p-plads,DKK
Denmark,København,AP10,P-kælder Købke Plads/Købke Hus,APCOA,55.666899,12.536467,50,16.0,,,"Ny Carlsberg Vej, 1775 København",https://www.apcoa.dk/find-en-p-plads,DKK
Denmark,København,AP11,Bag Elefanterne II,APCOA,55.66785884,12.53460958,265,16.0,,,"Bag Elefanterne 52, 1799 København",https://www.apcoa.dk/find-en-p-plads,DKK
Denmark,København,AP12,Kildepladsen,APCOA,55.6656778,12.53592475,258,16.0,,,"Lagergade 58, 1799 København",https://www.apcoa.dk/find-en-p-plads,DKK
Denmark,København,AP13,Franciska Clausens P-kælder,APCOA,55.666499,12.534763,240,16.0,,,"Franciska Clausens Plads 13, 1799 København",https://www.apcoa.dk/find-en-p-plads,DKK
Denmark,København,AP14,Kridttårnet,APCOA,55.666002,12.532354,437,16.0,,,"J.C. Jacobsens Gade 28, 1799 København",https://www.apcoa.dk/find-en-p-plads,DKK
Denmark,København,AP15,"Carlsberg, Vores By",APCOA,55.665828,12.531334,100,13.5,,,"Olivia Hansens Gade 14B, 1799 København",https://www.apcoa.dk/find-en-p-plads,DKK
Denmark,København,AP16,"Malttorvet – I, Brygmester Hus",APCOA,55.66533197,12.53022053,51,16.0,,,"Malttorvet 18, 1799 København",https://www.apcoa.dk/find-en-p-plads,DKK
Denmark,København,AP17,Forbindelsesvej 3,APCOA,55.695227,12.596434,23,14.0,,,"Forbindelsesvej 12, 2100 København",https://www.apcoa.dk/find-en-p-plads,DKK
Denmark,København,AP18,Indiakaj 14-18,APCOA,55.6946231,12.59779487,26,25.0,,,"Indiavej, 1259 København",https://www.apcoa.dk/find-en-p-plads,DKK
Denmark,København,AP19,Amerika Plads 11-15,APCOA,55.698221,12.593355,71,44.0,,,"Kalkbrænderihavnsgade, 1328 København",https://www.apcoa.dk/find-en-p-plads,DKK
Denmark,København,AP20,Dampfærgevej/Kalkbrænderihavnsgade 6,APCOA,55.701348,12.593116,36,25.0,,,"Dampfærgevej, 2150 København",https://www.apcoa.dk/find-en-p-plads,DKK
Denmark,København,AP21,Langeliniekaj Nord,APCOA,55.702897,12.600998,38,14.0,,,"Langeliniekaj, 2150 København",https://www.apcoa.dk/find-en-p-plads,DKK
Denmark,København,AP22,Østerbrogade 59,APCOA,55.703498,12.576681,20,,,,"Østerbrogade 59, 2100 København",https://www.apcoa.dk/find-en-p-plads,DKK
Denmark,København,AP23,Sundkrogsgade 11,APCOA,55.71185121,12.59224115,187,24.0,,,"Sundkrogsgade 11A, 2100 København",https://www.apcoa.dk/find-en-p-plads,DKK
Denmark,København,AP24,Sundkrogsgade 19,APCOA,55.71331874,12.59233211,75,,,,"Sundkrogsgade 19, 2100 København",https://www.apcoa.dk/find-en-p-plads,DKK
Denmark,København,AP25,Sundkrogsgade 21,APCOA,55.71381415,12.59254702,48,,,,"Stubbeløbgade 2, 2100 København",https://www.apcoa.dk/find-en-p-plads,DKK
Denmark,København,AP26,Strynøgade P-kælder,APCOA,55.712752,12.576677,110,22.0,,,"Nygårdsvej 4, 2100 København",https://www.apcoa.dk/find-en-p-plads,DKK
Denmark,København,AP27,Sibeliusgade 84,APCOA,55.71642375,12.56781027,30,15.0,,,"Sibeliusgade 45, 2100 København",https://www.apcoa.dk/find-en-p-plads,DKK
Denmark,København,AP28,Lersø Parkallé 112,APCOA,55.715943,12.547543,13,15.0,,,"Gribskovvej 17, 2100 København",https://www.apcoa.dk/find-en-p-plads,DKK
Denmark,København,KK01,Leifsgade P-hus,Københavns Kommune,55.664539,12.5806379,408,,,,"Leifsgade, 1411 København",https://www.kk.dk/borger/parkering-trafik-og-veje/parkering/kommunale-parkeringsanlaeg,DKK
Denmark,København,KK02,Under Elmene P-hus,Københavns Kommune,55.6652055,12.5978407,268,,,,"Under Elmene, Amagerbro, 1426 København",https://www.kk.dk/borger/parkering-trafik-og-veje/parkering/kommunale-parkeringsanlaeg,DKK
Denmark,København,KK03,Nørre Allé P-hus,Københavns Kommune,55.705486,12.5629118,164,,,,"Nørre Allé, 2100 København",https://www.kk.dk/borger/parkering-trafik-og-veje/parkering/kommunale-parkeringsanlaeg,DKK
Denmark,København,KK04,Det Grønne P-hus,Københavns Kommune,55.6841764,12.5559195,215,,,,"Smedegade, Nørrebro, 1635 København",https://www.kk.dk/borger/parkering-trafik-og-veje/parkering/kommunale-parkeringsanlaeg,DKK
Denmark,København,KK05,Rejsbygade P-hus,Københavns Kommune,55.6689266,12.5436273,77,,,,"Rejsbygade, Vesterbro, 1759 København",https://www.kk.dk/borger/parkering-trafik-og-veje/parkering/kommunale-parkeringsanlaeg,DKK
Denmark,København,KK06,Sølund P-hus,Københavns Kommune,55.6910468,12.5665965,58,,,,"Læssøesgade, Nørrebro, 1356 København",https://www.kk.dk/borger/parkering-trafik-og-veje/parkering/kommunale-parkeringsanlaeg,DKK
Denmark,København,JE01,Sankt Annæ Plads,Jeudan,55.680817,12.594237,500,56.0,465.0,True,"Sankt Annæ Plads 32, 1250 København K",https://www.jeudan.dk/parkering/sankt-annae-plads,DKK
Denmark,København,JE02,Gammel Mønt,Jeudan,55.680604,12.581714,90,64.0,515.0,True,"Gammel Mønt 1-3, 1117 København K",https://www.jeudan.dk/parkering/gammel-moent,DKK
Denmark,København,JE03,Dronningens Tværgade,Jeudan,55.683375,12.588442,249,64.0,515.0,True,"Dronningens Tværgade 4, 1302 København K",https://www.jeudan.dk/parkering/dronningens-tvaergade,DKK
Denmark,København,JE04,Wildersgade (Christianshavn),Jeudan,55.6719139,12.588099,292,,,,"Wildersgade 2, 1408 København K",https://www.jeudan.dk/parkering/christianshavn,DKK
Denmark,København,JE05,Amerika Plads,Jeudan,55.700076,12.595209,814,40.0,345.0,True,"Dampfærgevej 33, 2100 København Ø",https://www.jeudan.dk/parkering/amerika-plads,DKK
Denmark,København,JE06,Strynøgade,Jeudan,55.712067,12.575319,108,,,,"Strynøgade 5, 2100 København Ø",https://www.jeudan.dk/parkering/strynoegade,DKK
Denmark,Aarhus,QP01,Q-Park Nørrebrogade 28,Q-Park,56.163865,10.210458,14,10.0,,,"Nørrebrogade 28, 8000 Aarhus C",https://www.q-park.dk/da/parkering/aarhus/nørrebrogade-28/,DKK
Denmark,Aarhus,QP02,Q-Park Nørrebrogade 22,Q-Park,56.1633158,10.2106721,21,15.0,100.0,,"Nørrebrogade 22, 8000 Aarhus C",https://www.q-park.dk/da/parkering/aarhus/nørrebrogade-22/,DKK
Denmark,Aarhus,QP03,"Q-Park Vestgården, Vesterbro Torv 3",Q-Park,56.1578874,10.1999476,40,29.0,,,"Vestgården, Vesterbro Torv 3, 8000 Aarhus C","https://www.q-park.dk/da/parkering/aarhus/vestgården,-vesterbro-torv-3/",DKK
Denmark,Aarhus,QP04,Q-Park Hjortensgade 23,Q-Park,56.1595963,10.1959131,90,20.0,,,"Hjortensgade 23, 8000 Aarhus C",https://www.q-park.dk/da/parkering/aarhus/hjortensgade-23/,DKK
Denmark,Aarhus,QP05,Q-Park Mejlgade 47-51,Q-Park,56.1596713,10.2126094,8,22.0,,,"Mejlgade  47-51, 8000 Aarhus C",https://www.q-park.dk/da/parkering/aarhus/mejlgade-47-51/,DKK
Denmark,Aarhus,QP06,Q-Park Magasin Aarhus,Q-Park,56.156753,10.204983,381,27.0,310.0,True,"Åboulevarden 70, 8000 Aarhus C",https://www.q-park.dk/da/parkering/aarhus/magasin-aarhus/,DKK
Denmark,Aarhus,QP07,Q-Park Møllegade,Q-Park,56.156591,10.200881,12,32.0,300.0,,"Møllegade 1, 8000 Aarhus C",https://www.q-park.dk/da/parkering/aarhus/q-park-møllegade/,DKK
Denmark,Aarhus,QP08,Q-Park Vestergade,Q-Park,56.1565746,10.2008834,59,32.0,300.0,True,"Vestergade 65, 8000 Aarhus C",https://www.q-park.dk/da/parkering/aarhus/vestergade/,DKK
Denmark,Aarhus,QP09,Q-Park Kystvejen 17,Q-Park,56.1588455,10.2135079,60,23.0,,,"Kystvejen 17, 8000 Aarhus C",https://www.q-park.dk/da/parkering/aarhus/kystvejen-17/,DKK
Denmark,Aarhus,QP10,Q-Park Skovvejen 2,Q-Park,56.1630053,10.2160576,12,22.0,,,"Skovvejen 2, 8000 Aarhus C",https://www.q-park.dk/da/parkering/aarhus/skovvejen-2/,DKK
Denmark,Aarhus,QP11,Q-Park Prismet,Q-Park,56.1578345,10.1922054,58,23.0,,,"Silkeborgvej 2, 8000 Aarhus C",https://www.q-park.dk/da/parkering/aarhus/prismet/,DKK
Denmark,Aarhus,QP12,Q-Park Aarhus City,Q-Park,56.153893,10.204773,90,32.0,230.0,True,"Hans Hartvig Seedorffs Stræde 6, 8000 Aarhus C",https://www.q-park.dk/da/parkering/aarhus/aarhus-city/,DKK
Denmark,Aarhus,QP13,Q-Park Hveensgade PH77,Q-Park,56.1622451,10.2205293,60,17.0,,,"Hveensgade  PH77, 8000 Aarhus C",https://www.q-park.dk/da/parkering/aarhus/hveensgade-ph77/,DKK
Denmark,Aarhus,QP14,Q-Park Musikhuset Aarhus,Q-Park,56.1538833,10.1980984,128,25.0,225.0,,"Thomas Jensens Alle 2, 8000 Aarhus C",https://www.q-park.dk/da/parkering/aarhus/thomas-jensens-allé-2/,DKK
Denmark,Aarhus,QP15,"Q-Park Aarhus Lystbådehavn, Kystpromenaden, 8000 Aarhus C",Q-Park,56.1641459,10.2210924,300,25.0,,,"Aarhus Lystbådehavn, Kystpromenaden, 8000 Aarhus C","https://www.q-park.dk/da/parkering/aarhus/aarhus-lystbådehavn,-kystpromenaden,-8000-aarhus-c/",DKK
Denmark,Aarhus,QP16,Q-Park Nicolinehus,Q-Park,56.163879,10.221592,431,27.0,220.0,,"Johanne Bergs Gade 8, 8000 Aarhus C",https://www.q-park.dk/da/parkering/aarhus/nicolinehus/,DKK
Denmark,Aarhus,QP17,Q-Park Ceres Byen,Q-Park,56.155978,10.190805,1244,25.0,230.0,True,"Ceres Allé 2, 8000 Aarhus C",https://www.q-park.dk/da/parkering/aarhus/ceres-byen/,DKK
Denmark,Aarhus,QP18,Q-Park Bispegården,Q-Park,56.152834,10.2075949,28,24.0,,,"Fredensgade 36 -  Bispegården, 8000 Aarhus C",https://www.q-park.dk/da/parkering/aarhus/bispegården/,DKK
Denmark,Aarhus,QP19,Q-Park Brendstrupvej 8,Q-Park,56.1746953,10.2012526,3,15.0,,,"Brendstrupvej 8, 8000 Aarhus C",https://www.q-park.dk/da/parkering/aarhus/brendstrupvej-8/,DKK
Denmark,Aarhus,QP20,Q-Park Bassin 7,Q-Park,56.164295,10.225826,380,27.0,220.0,True,"Irma Pedersens Gade  58, 116, 154, 8000 Aarhus C",https://www.q-park.dk/da/parkering/aarhus/bassin-7/,DKK
Denmark,Aarhus,QP21,Q-Park Karolinegården,Q-Park,56.151019,10.1982854,120,25.0,200.0,,"Karolinegården, 8000 Aarhus C",https://www.q-park.dk/da/parkering/aarhus/karolinegården/,DKK
Denmark,Aarhus,QP22,Q-Park Eckersberg Parken,Q-Park,56.1514913,10.1949138,45,22.0,275.0,,"Gebauersgade 2, 8000 Aarhus C",https://www.q-park.dk/da/parkering/aarhus/eckersberg-parken/,DKK
Denmark,Aarhus,QP23,Q-Park Mindet 1,Q-Park,56.1518998,10.2152096,10,22.0,,,"Mindet 1, 8000 Aarhus C",https://www.q-park.dk/da/parkering/aarhus/mindet-1/,DKK
Denmark,Aarhus,QP24,Q-Park Z-huset,Q-Park,56.166351,10.226318,307,24.0,220.0,True,"Esther Aggebos Gade 8, 8000 Aarhus C",https://www.q-park.dk/da/parkering/aarhus/z-huset/,DKK
Denmark,Aarhus,QP25,Q-Park Filmbyen,Q-Park,56.151278,10.213993,168,16.0,,,"Filmbyen, 8000 Aarhus C",https://www.q-park.dk/da/parkering/aarhus/filmbyen/,DKK
Denmark,Aarhus,QP26,Q-Park Friskohuset,Q-Park,56.155031,10.184583,258,23.0,160.0,True,"Daugbjergvej  22-28, 8000 Aarhus C",https://www.q-park.dk/da/parkering/aarhus/friskohuset/,DKK
Denmark,Aarhus,QP27,Q-Park Åhusene 1-11,Q-Park,56.1525032,10.1887896,50,25.0,250.0,True,"Åhusene  1-11, 8000 Aarhus C",https://www.q-park.dk/da/parkering/aarhus/åhusene-1-11/,DKK
Denmark,Aarhus,QP28,Q-Park Morten Børups Gade 8-10 - kælder,Q-Park,56.1496486,10.1976703,66,26.0,,,"Morten Børups Gade  8-10, 8000 Aarhus C",https://www.q-park.dk/da/parkering/aarhus/morten-børups-gade-8-10/,DKK
Denmark,Aarhus,QP29,Q-Park DGI Huset,Q-Park,56.1492269,10.2068075,20,24.0,175.0,,"Værkmestergade 17, 8000 Aarhus C",https://www.q-park.dk/da/parkering/aarhus/dgi-huset/,DKK
Denmark,Aarhus,QP30,Q-Park Lighthouse,Q-Park,56.166894,10.22808,574,24.0,220.0,True,"Helga Pedersens Gade 17, 8000 Aarhus C",https://www.q-park.dk/da/parkering/aarhus/lighthouse/,DKK
Denmark,Aarhus,QP31,Q-Park Kulhuset Sydhavnen,Q-Park,56.1499682,10.2136119,800,28.0,250.0,True,"Mediebyen 1, 8000 Aarhus C",https://www.q-park.dk/da/parkering/aarhus/kulhuset-sydhavnen/,DKK
Denmark,Aarhus,QP32,Q-Park Katrinebjergvej 107,Q-Park,56.1738704,10.1872438,55,7.0,,,"Katrinebjergvej 107, 8200 Aarhus C",https://www.q-park.dk/da/parkering/aarhus/katrinebjergvej-107/,DKK
Denmark,Aarhus,QP33,Q-Park Søren Frichs Vej 25,Q-Park,56.1528025,10.1833613,45,20.0,,,"Søren Frichs Vej 25, 8000 Aarhus C",https://www.q-park.dk/da/parkering/aarhus/søren-frichs-vej-25/,DKK
Denmark,Aarhus,QP34,Q-Park Trindsøvej 4-10,Q-Park,56.154007,10.180648,200,17.0,,,"Trindsøvej  4-10, 8000 Aarhus C",https://www.q-park.dk/da/parkering/aarhus/trindsøvej-4-10/,DKK
Denmark,Aarhus,QP35,Q-Park Sydhavnsgade,Q-Park,56.147592,10.212289,80,20.0,475.4,,"Sydhavnsgade, 8000 Aarhus C",https://www.q-park.dk/da/parkering/aarhus/sydhavnsgade/,DKK
Denmark,Aarhus,QP36,"Q-Park Kroghsgade 3, 8000 Aarhus C",Q-Park,56.145422,10.196814,8,20.0,,,"Kroghsgade 3, 8000 Aarhus C","https://www.q-park.dk/da/parkering/aarhus/kroghsgade-3,-8000-aarhus-c/",DKK
Denmark,Aarhus,QP37,Q-Park Paludan-Müllers Vej 82-84,Q-Park,56.1756065,10.1805917,100,22.0,,,"Paludan-Müllers Vej  82-84, 8200 Aarhus N",https://www.q-park.dk/da/parkering/aarhus/paludan-müllers-vej-82-84/,DKK
Denmark,Aarhus,QP38,Q-Park Sydhavnsgade 7,Q-Park,56.1450068,10.209825,40,15.0,,,"Sydhavnsgade 7, 8000 Aarhus C",https://www.q-park.dk/da/parkering/aarhus/sydhavnsgade-7/,DKK
Denmark,Aarhus,QP39,Q-Park Dalgas Avenue 2,Q-Park,56.1435596,10.2007265,60,24.0,,,"Dalgas Avenue 2, 8000 Aarhus C",https://www.q-park.dk/da/parkering/aarhus/dalgas-avenue-2/,DKK
Denmark,Aarhus,QP40,Q-Park Ingerslev Boulevard 3,Q-Park,56.1435924,10.1962438,50,25.0,,,"Ingerslev Boulevard 3, 8000 Aarhus C",https://www.q-park.dk/da/parkering/aarhus/ingerslev-boulevard-3/,DKK
Denmark,Aarhus,QP41,Q-Park Sumatravej,Q-Park,56.140326,10.207832,30,22.0,,,"Sumatravej, 8000 Aarhus C",https://www.q-park.dk/da/parkering/aarhus/sumatravej/,DKK
Denmark,Aarhus,QP42,Q-Park Viborgvej 155,Q-Park,56.1674305,10.1616988,100,15.0,,,"Viborgvej 155, 8000 Aarhus C",https://www.q-park.dk/da/parkering/aarhus/viborgvej-155/,DKK
Denmark,Aarhus,QP43,Q-Park Haslegaardsvej 8-10,Q-Park,56.1708334,10.160965,110,15.0,,,"Haslegaardsvej  8-10, 8200 Aarhus N",https://www.q-park.dk/da/parkering/aarhus/haslegaardsvej-8-10/,DKK
Denmark,Aarhus,QP44,Q-Park Marselis Boulevard 169,Q-Park,56.1393263,10.1791313,14,15.0,,,"Marselis Boulevard 169, 8000 Aarhus C",https://www.q-park.dk/da/parkering/aarhus/marselis-boulevard-169/,DKK
Denmark,Aarhus,QP45,Q-Park Brendstrupgårdsvej 23,Q-Park,56.1888856,10.1804058,70,12.0,100.0,,"Brendstrupgårdsvej 23, 8200 Aarhus N",https://www.q-park.dk/da/parkering/aarhus/brendstrupgårdsvej-23/,DKK
Denmark,Aarhus,QP46,Q-Park Olof Palmes Alle 37-39,Q-Park,56.189794,10.1822948,183,7.0,,,"Olof Palmes Alle  37-39, 8200 Aarhus C",https://www.q-park.dk/da/parkering/aarhus/olof-palmes-alle-37-39/,DKK
Denmark,Aarhus,QP47,Q-Park Færgevej 7A,Q-Park,56.1497225,10.2520264,255,21.0,200.0,,"Færgevej  7A, 8000 Aarhus C",https://www.q-park.dk/da/parkering/aarhus/færgevej-7a/,DKK
Denmark,Aarhus,QP48,Q-Park Oddervej 19-21,Q-Park,56.1247893,10.2086773,40,23.0,,,"Oddervej 19-21, 8000 Aarhus C",https://www.q-park.dk/da/parkering/aarhus/oddervej-19-21/,DKK
Denmark,Aarhus,APC01,APCOA Ny Banegårdsgade 53,APCOA,56.151573,10.206977,65,40.0,240.0,True,"Ny Banegårdsgade 53, 8000 Aarhus C",https://www.apcoa.dk/find-en-p-plads/lokationer/aarhus-c/ny-banegaardsgade-53,DKK
Denmark,Aarhus,APC02,APCOA Godsterminalen Skovgaardsgade,APCOA,56.154192,10.193919,120,20.0,,,"Skovgaardsgade 3, 8000 Aarhus C",https://www.apcoa.dk/find-en-p-plads/lokationer/aarhus-c/godsterminalen-skovgaardsgade,DKK
Denmark,Aarhus,APC03,APCOA Europaplads 16,APCOA,56.151925,10.212036,100,20.0,,,"Europaplads 16, 8000 Aarhus C",https://www.apcoa.dk/find-en-p-plads/lokationer/aarhus-c/europaplads-16,DKK
Denmark,Aarhus,APC04,APCOA Thit Jensens Gade 1-34,APCOA,56.165252,10.226197,310,22.0,365.0,,"Thit Jensens Gade 1-34, 8000 Aarhus C",https://www.apcoa.dk/find-en-p-plads/lokationer/aarhus-c/thit-jensens-gade-1-34,DKK
Denmark,Aarhus,APC05,"APCOA Pakhusene, Mariane Thomsens Gade 1",APCOA,56.16608,10.228162,140,15.0,,,"Mariane Thomsens Gade 1A, 8000 Aarhus C",https://www.apcoa.dk/find-en-p-plads/lokationer/aarhus-c/pakhusene-mariane-thomsens-gade-1,DKK
Denmark,Aarhus,APC06,"APCOA Åboulevarden P-hus, Telefontorvet",APCOA,56.156275,10.205433,46,40.0,400.0,,"Åboulevarden 47, 8000 Aarhus C",https://www.apcoa.dk/find-en-p-plads/lokationer/aarhus-c/aaboulevarden-p-hus-telefontorvet,DKK
Denmark,Aarhus,APC07,APCOA Latinergården,APCOA,56.159776,10.208893,92,40.0,250.0,,"Borggade 6, 8000 Aarhus C",https://www.apcoa.dk/find-en-p-plads/lokationer/aarhus-c/latinergaarden,DKK
Denmark,Aarhus,APC08,APCOA Åboulevarden 80,APCOA,56.156694,10.204924,12,38.0,,,"Åboulevarden 80, 8000 Aarhus C",https://www.apcoa.dk/find-en-p-plads/lokationer/aarhus-c/aaboulevarden-80,DKK
Denmark,Aarhus,APC09,APCOA Hveensgade 1,APCOA,56.163873,10.220771,250,20.0,250.0,,"Hveensgade 1, 8000 Aarhus C",https://www.apcoa.dk/find-en-p-plads/lokationer/aarhus-c/hveensgade-1,DKK
Denmark,Aarhus,APC10,"APCOA Trianglen, H.C. Tvenges Vej 3",APCOA,56.151858,10.184168,110,19.0,340.0,,"H. C. Tvenges Vej 3, 8000 Aarhus C",https://www.apcoa.dk/find-en-p-plads/lokationer/aarhus-c/trianglen-hc-tvenges-vej-3,DKK
Denmark,Aarhus,APC11,APCOA Irma Pedersens Gade 23,APCOA,56.1634,10.228491,23,16.0,384.0,,"Irma Pedersens Gade 23, 8000 Aarhus C",https://www.apcoa.dk/find-en-p-plads/lokationer/aarhus-c/irma-pedersens-gade-23,DKK
Denmark,Aarhus,APC12,APCOA Mariane Thomsens Gade 30-58,APCOA,56.165484,10.229448,199,,,,"Mariane Thomsens Gade 30-58, 8000 Aarhus C",https://www.apcoa.dk/find-en-p-plads/lokationer/aarhus-c/mariane-thomsens-gade-30-58,DKK
Denmark,Aarhus,APC13,APCOA Vestervang 26-34,APCOA,56.164626,10.193818,100,14.0,175.0,,"Vestervang 26-34, 8000 Aarhus C",https://www.apcoa.dk/find-en-p-plads/lokationer/aarhus-c/vestervang-26-34,DKK
Denmark,Aarhus,APC14,APCOA Mariane Thomsens Gade 1,APCOA,56.165401,10.229553,94,15.0,360.0,,"Mariane Thomsens Gade 1, 8000 Aarhus C",https://www.apcoa.dk/find-en-p-plads/lokationer/aarhus-c/mariane-thomsens-gade-1,DKK
Denmark,Aarhus,APC15,APCOA Mariane Thomsens Gade 1,APCOA,56.165939,10.228093,134,15.0,360.0,,"Mariane Thomsens Gade 1, 8000 Aarhus C",https://www.apcoa.dk/find-en-p-plads/lokationer/aarhus-c/mariane-thomsens-gade-1-1,DKK
Denmark,Aarhus,APC16,APCOA Scandinavian Center P-kælder,APCOA,56.151665,10.198344,667,30.0,280.0,,"Margrethepladsen 1, 8000 Aarhus C",https://www.apcoa.dk/find-en-p-plads/lokationer/aarhus-c/scandinavian-center-p-kaelder,DKK
Denmark,Aarhus,APC17,"APCOA Scandinavian Center, terræn",APCOA,56.152228,10.198949,164,30.0,280.0,,"Margrethepladsen 2, 8000 Aarhus C",https://www.apcoa.dk/find-en-p-plads/lokationer/aarhus-c/scandinavian-center-terraen,DKK
Denmark,Aarhus,APC18,APCOA Sonnesgade 50,APCOA,56.153419,10.196187,86,30.0,280.0,,"Sonnesgade 50, 8000 Aarhus C",https://www.apcoa.dk/find-en-p-plads/lokationer/aarhus-c/sonnesgade-50,DKK
Denmark,Aarhus,APC19,APCOA Eckersbergsgade 17-15,APCOA,56.151962,10.195741,35,30.0,,,"Eckersbergsgade 17-15, 8000 Aarhus C",https://www.apcoa.dk/find-en-p-plads/lokationer/aarhus-c/eckersbergsgade-17-15,DKK
Denmark,Aarhus,APC20,APCOA Kongsvang Allé 29,APCOA,56.13940405,10.18613685,300,10.0,,,"Kongsvang Allé 29, 8000 Aarhus C",https://www.apcoa.dk/find-en-p-plads/lokationer/aarhus-c/kongsvang-alle-29,DKK
Denmark,Aarhus,APC21,APCOA Europaplads 16 E-Charge,APCOA,56.15243063,10.21256241,,20.0,,True,"Europaplads 16, 8000 Aarhus C",https://www.apcoa.dk/find-en-p-plads/lokationer/aarhus-c/europaplads-16-e-charge,DKK
Denmark,Aarhus,APC22,APCOA Daugbjergvej 15-19,APCOA,56.15457526,10.1869326,222,14.0,,,"Daugbjergvej 15-19, 8000 Aarhus C",https://www.apcoa.dk/find-en-p-plads/lokationer/aarhus-c/daugbjergvej-15-19,DKK
Denmark,Aarhus,APC23,APCOA Domkirkepladsen 1,APCOA,56.1572014,10.21088582,11,27.0,696.0,,"Domkirkepladsen 1, 8000 Aarhus C",https://www.apcoa.dk/find-en-p-plads/lokationer/aarhus-c/domkirkepladsen-1,DKK
Denmark,Aarhus,APC24,APCOA Jægergårdsgade 170,APCOA,56.14756518,10.21145102,119,16.0,,,"Jægergårdsgade 170, 8000 Aarhus C",https://www.apcoa.dk/find-en-p-plads/lokationer/aarhus-c/jaegergaardsgade-170,DKK
Denmark,Aarhus,APC25,"APCOA Thit Jensens Gade 2-34, Terræn",APCOA,56.16515198,10.22613303,6,22.0,365.0,,"Thit Jensens Gade 2-34, 8000 Aarhus C",https://www.apcoa.dk/find-en-p-plads/lokationer/aarhus-c/thit-jensens-gade-2-34-terraen,DKK
Denmark,Aarhus,APC26,APCOA Ceres Allé 11A,APCOA,56.1546268,10.18947344,62,25.0,600.0,,"Ceres Allé 11A, 8000 Aarhus C",https://www.apcoa.dk/find-en-p-plads/lokationer/aarhus-c/ceres-alle-11a,DKK
Denmark,Aarhus,APC27,"APCOA SHIP, Esther Aggebos Gade 26B",APCOA,56.16740492,10.22527243,118,22.0,220.0,,"Esther Aggebos Gade 26B, 8000 Aarhus C",https://www.apcoa.dk/find-en-p-plads/lokationer/aarhus-c/esther-aggebos-gade-26b,DKK
Denmark,Aarhus,APC28,"APCOA Thomas Koppels Gade 30B, P-kælder",APCOA,56.15195125,10.18803378,178,15.0,360.0,,"Thomas Koppels Gade 30B, 8000 Aarhus C",https://www.apcoa.dk/find-en-p-plads/lokationer/aarhus-c/thomas-koppels-gade-30b-p-kaelder,DKK
Denmark,Aarhus,APC29,"APCOA Thomas Koppels Gade 30B, Terræn",APCOA,56.15196,10.18813898,13,15.0,360.0,,"Thomas Koppels Gade 30B, 8000 Aarhus C",https://www.apcoa.dk/find-en-p-plads/lokationer/aarhus-c/thomas-koppels-gade-30b-terraen,DKK
Denmark,Aarhus,APC30,APCOA Finderupvej 1,APCOA,56.15480754,10.18137046,107,18.0,432.0,,"Finderupvej 1, 8000 Aarhus C",https://www.apcoa.dk/find-en-p-plads/lokationer/aarhus-c/finderupvej-1,DKK
Denmark,Aarhus,APC31,APCOA Ankersgade 12,APCOA,56.14807104,10.19102748,104,22.0,,,"Ankersgade 12, 8000 Aarhus C",https://www.apcoa.dk/find-en-p-plads/lokationer/aarhus-c/ankersgade-12,DKK
Denmark,Aarhus,APC32,APCOA Mindet 6,APCOA,56.15060965,10.21436363,450,28.0,300.0,,"Mindet 6, 8000 Aarhus C",https://www.apcoa.dk/find-en-p-plads/lokationer/aarhus-c/mindet-6,DKK
Denmark,Aarhus,APC33,APCOA Mindet 2,APCOA,56.15123906,10.21405407,144,28.0,672.0,,"Mindet 2, 8000 Aarhus C",https://www.apcoa.dk/find-en-p-plads/lokationer/aarhus-c/mindet-2,DKK
Denmark,Aarhus,APC34,APCOA Nørre Allé 70 A-F,APCOA,56.15979616,10.20311855,15,25.0,600.0,,"Nørre Allé 70, 8000 Aarhus C",https://www.apcoa.dk/find-en-p-plads/lokationer/aarhus-c/noerre-alle-70-a-f,DKK
Denmark,Aarhus,APC35,APCOA Silkeborgvej 45-47 / Karupvej 2-4,APCOA,56.15562026,10.17878881,63,17.0,408.0,,"Silkeborgvej/ Karupvej, 8000 Aarhus C",https://www.apcoa.dk/find-en-p-plads/lokationer/aarhus-c/silkeborgvej-45-47-/-karupvej-2-4,DKK
Denmark,Aarhus,APC36,APCOA Thomas Koppels Gade,APCOA,56.15115629,10.18727259,120,,,,"Thomas Koppels Gade, 8000 Aarhus C",https://www.apcoa.dk/find-en-p-plads/lokationer/aarhus-c/thomas-koppels-gade,DKK
Denmark,Aarhus,APC37,APCOA Ny Banegårdsgade 55,APCOA,56.1515644,10.20705515,19,30.0,720.0,,"Ny Banegårdsgade 55, 8000 Aarhus C",https://www.apcoa.dk/find-en-p-plads/lokationer/aarhus-c/ny-banegaardsgade-55,DKK
Denmark,Aarhus,AAK01,Navitas P-hus,Aarhus Kommune,56.1586821,10.215553,450,16.0,,,"Inge Lehmanns Gade 10, 8000 Aarhus C",https://www.aarhus.dk/borger/trafik-og-parkering/parkering/parkering-i-aarhus/parker-billigere-eller-gratis-i-de-kommunale-p-huse,DKK
Denmark,Aarhus,AAK02,Parkeringshuset Nørreport,Aarhus Kommune,56.1619558,10.2133649,80,16.0,,,"Kaløgade 9, 8000 Aarhus C",https://www.aarhus.dk/borger/trafik-og-parkering/parkering/parkering-i-aarhus/parker-billigere-eller-gratis-i-de-kommunale-p-huse,DKK
Denmark,Aarhus,AAK03,Busgadehuset P-kælder,Aarhus Kommune,56.155195,10.2060317,150,16.0,,,"Sonnesgade, 8000 Aarhus C",https://www.aarhus.dk/borger/trafik-og-parkering/parkering/parkering-i-aarhus/parker-billigere-eller-gratis-i-de-kommunale-p-huse,DKK
Denmark,Aarhus,CP01,DOKK1 Parkeringsanlæg,CP Parking System,56.153602,10.214111,1000,,,True,"Hack Kampmanns Plads 6, 8000 Aarhus C",https://dokk1.dk/parkering,DKK
Denmark,Odense,QP01,Q-Park Holmehusvej 17-19,Q-Park,55.405818,10.405809,25,8.0,,,"Holmehusvej 17-19, 5000 Odense C",https://www.q-park.dk/da/parkering/odense/holmehusvej-17-19/,DKK
Denmark,Odense,QP02,Q-Park Comwell H.C. Andersen,Q-Park,55.399304,10.393371,90,45.0,150.0,True,"Claus Bergs Gade 7, 5000 Odense C","https://www.q-park.dk/da/parkering/odense/comwell-h,-d-,c,-d-,-andersen/",DKK
Denmark,Odense,QP03,Q-Park Odense Banegård Center,Q-Park,55.402223,10.387477,265,18.0,180.0,True,"Østre Stationsvej 27, 5000 Odense C",https://www.q-park.dk/da/parkering/odense/odense-banegård-center/,DKK
Denmark,Odense,QP04,Q-Park Odense City,Q-Park,55.3993426,10.3888814,1007,26.0,240.0,True,"Thomas B. Thriges Gade 1, 5000 Odense C",https://www.q-park.dk/da/parkering/odense/odense-city/,DKK
Denmark,Odense,QP05,Q-Park VIVA,Q-Park,55.400724,10.382279,200,23.0,200.0,,"Østre Stationsvej 35, 5000 Odense C",https://www.q-park.dk/da/parkering/odense/viva/,DKK
Denmark,Odense,QP06,Q-Park Klosterbakken,Q-Park,55.394598,10.388316,83,30.0,180.0,True,"Klosterbakken 8, 5000 Odense C",https://www.q-park.dk/da/parkering/odense/klosterbakken/,DKK
Denmark,Odense,QP07,Q-Park Slotscentret,Q-Park,55.396466,10.384441,165,21.0,200.0,True,"Store Gråbrødrestræde 12, 5000 Odense C",https://www.q-park.dk/da/parkering/odense/slotscentret/,DKK
Denmark,Odense,QP08,Q-Park Promenadebyen 36-38,Q-Park,55.406524,10.378381,9,12.0,,,"Promenadebyen 36-38, 5000 Odense C",https://www.q-park.dk/da/parkering/odense/promenadebyen-36-38/,DKK
Denmark,Odense,QP09,Q-Park Toldkammeret,Q-Park,55.399442,10.379139,120,30.0,170.0,,"Rugårdsvej 1, 5000 Odense C",https://www.q-park.dk/da/parkering/odense/toldkammeret/,DKK
Denmark,Odense,QP10,Q-Park Østre Stationsvej 43,Q-Park,55.39936,10.377947,65,30.0,170.0,,"Østre Stationsvej 43, 5000 Odense C",https://www.q-park.dk/da/parkering/odense/østre-stationsvej-43/,DKK
Denmark,Odense,QP11,Q-Park Grønnegade,Q-Park,55.397006,10.379512,116,30.0,180.0,True,"Grønnegade 1, 5000 Odense C",https://www.q-park.dk/da/parkering/odense/grønnegade/,DKK
Denmark,Odense,QP12,Q-Park Filosoffen,Q-Park,55.3933632,10.3815755,218,30.0,180.0,True,"Filosofgangen 17 B, 5000 Odense C",https://www.q-park.dk/da/parkering/odense/filosoffen/,DKK
Denmark,Odense,QP13,Q-Park Vestergade 93-95,Q-Park,55.394499,10.379852,33,21.0,,,"Vestergade 93 - 95, 5000 Odense C",https://www.q-park.dk/da/parkering/odense/vestergade-93-95/,DKK
Denmark,Odense,QP14,Q-Park Rosenbæk Torv,Q-Park,55.39495,10.378839,30,21.0,,,"Rosenbækkareen, Rosenbæk Torv 19, 5000 Odense C",https://www.q-park.dk/da/parkering/odense/rosenbæk-torv/,DKK
Denmark,Odense,QP15,Q-Park Filosoffen - forplads,Q-Park,55.393429,10.3794348,35,30.0,180.0,,"Filosofgangen 17 B, 5000 Odense C",https://www.q-park.dk/da/parkering/odense/filosoffen---forplads/,DKK
Denmark,Odense,QP16,"Q-Park Munkebjerg Park 1, P-kælder",Q-Park,55.373461,10.407633,140,10.0,80.0,True,"Munkebjergvænget 18-40, 5230 Odense M",https://www.q-park.dk/da/parkering/odense/munkebjergvænget-18-40/,DKK
Denmark,Odense,QP17,Q-Park Hjallesegade 32,Q-Park,55.3571832,10.3858046,12,8.0,80.0,,"Hjallesegade 32, 5260 Odense S",https://www.q-park.dk/da/parkering/odense/hjallesegade-32/,DKK
Denmark,Odense,QP18,Q-Park Heliosvænget 22-30,Q-Park,55.3612925,10.3525762,90,8.0,80.0,,"Heliosvænget 22-30, 5250 Odense SV",https://www.q-park.dk/da/parkering/odense/heliosvænget-22-30/,DKK
Denmark,Odense,AP01,APCOA Vesterport,APCOA,55.398781,10.376986,480,20.0,,,"Rugårdsvej 6, 5000 Odense C",https://www.apcoa.dk/find-en-p-plads/lokationer/odense-c/vesterport,DKK
Denmark,Odense,AP02,APCOA P-hus Odinsbrygge,APCOA,55.4074936,10.384106,400,14.0,,,"Odinsbrygge, 5000 Odense C",https://www.apcoa.dk/find-en-p-plads/lokationer/odense-c/p-hus-odinsbrygge,DKK
Denmark,Odense,AP03,APCOA Edisonsvej 1,APCOA,55.406216,10.389545,830,16.0,,,"Edisonsvej 1, 5000 Odense C",https://www.apcoa.dk/find-en-p-plads/lokationer/odense-c/edisonsvej-1,DKK
Denmark,Odense,AP04,APCOA Sverigesgade / Havnegade,APCOA,55.411869,10.3822619,600,16.0,384.0,,"Sverigesgade, 5000 Odense C",https://www.apcoa.dk/find-en-p-plads/lokationer/odense-c/sverigesgade-/-havnegade,DKK
Denmark,Odense,AP05,APCOA Seebladsgade 1,APCOA,55.403472,10.379425,400,22.0,528.0,,"Seebladsgade 1, 5000 Odense C",https://www.apcoa.dk/find-en-p-plads/lokationer/odense-c/seebladsgade-1,DKK
Denmark,Odense,AP06,APCOA Cortex Park 12,APCOA,55.370881,10.427604,396,16.0,,,"Campusvej 12, Cortex Park, 5230 Odense M",https://www.apcoa.dk/find-en-p-plads/lokationer/odense-m,DKK
Denmark,Odense,AP07,APCOA Klostervej 3,APCOA,55.397145,10.382867,,20.0,,,"Klostervej 3, 5000 Odense C",https://www.apcoa.dk/find-en-p-plads/lokationer/odense-c/klostervej-3,DKK
Denmark,Odense,AP08,APCOA Rugårdsvej 103,APCOA,55.401033,10.357636,222,15.0,360.0,,"Rugårdsvej 103, 5000 Odense C",https://www.apcoa.dk/find-en-p-plads/lokationer/odense,DKK
Denmark,Odense,AP09,APCOA Tietgen Business,APCOA,55.3815966,10.3837642,300,22.0,,,"Tietgens Allé, 5230 Odense M",https://www.apcoa.dk/find-en-p-plads/lokationer/odense-c/tietgen-business,DKK
Denmark,Odense,AP10,APCOA Middelfartvej 9-11,APCOA,55.394787,10.363067,231,15.0,,,"Middelfartvej 9-11, 5000 Odense C",https://www.apcoa.dk/find-en-p-plads/lokationer/odense-c/middelfartvej-9-11,DKK
Denmark,Odense,AP11,APCOA Banegårdspladsen 1,APCOA,55.400515,10.387243,130,18.0,,,"Banegårdspladsen 1, 5000 Odense C",https://www.apcoa.dk/find-en-p-plads/lokationer/odense-c/banegaardspladsen-1,DKK
Denmark,Odense,AP12,APCOA Toldbodhusevej 4,APCOA,55.40588,10.380855,61,25.0,600.0,,"Toldbodhusevej 4, 5000 Odense C",https://www.apcoa.dk/find-en-p-plads/lokationer/odense-c/toldbodhusevej-4,DKK
Denmark,Frederiksberg,QP01,Codanhus,Q-Park,55.674141,12.555064,286,37.0,280.0,True,"Vodroffsvej 1, 1900 Frederiksberg C",https://www.q-park.dk/da/parkering/frederiksberg/codanhus/,DKK
Denmark,Frederiksberg,QP02,Zoologisk Have København,Q-Park,55.671654,12.520451,69,25.0,,,"Roskildevej 25-27, 2000 Frederiksberg",https://www.q-park.dk/da/parkering/frederiksberg/zoologisk-have-k%c3%b8benhavn/,DKK
Denmark,Frederiksberg,QP03,Bülowsvej,Q-Park,55.6845998,12.5466581,104,30.0,230.0,True,"Bülowsvej 35-47, 1870 Frederiksberg C",https://www.q-park.dk/da/parkering/frederiksberg/b%c3%bclowsvej/,DKK
Denmark,Frederiksberg,QP04,Dalgas Have 15,Q-Park,55.6835797,12.5136843,177,15.0,,,"Dalgas Have 15, 2000 Frederiksberg",https://www.q-park.dk/da/parkering/frederiksberg/dalgas-have-15/,DKK
Denmark,Frederiksberg,QP05,Diakonissestiftelsen,Q-Park,55.678983,12.5172644,149,5.0,,True,"Diakonissestiftelsen, 2000 Frederiksberg",https://www.q-park.dk/da/parkering/frederiksberg/diakonissestiftelsen/,DKK
Denmark,Frederiksberg,QP06,"Falkoner Alle 90 (P-kælder, dæk-2)",Q-Park,55.6857046,12.5396673,60,10.0,,,"Falkoner Alle 90, 2000 Frederiksberg","https://www.q-park.dk/da/parkering/frederiksberg/falkoner-alle-90-(p-k%c3%a6lder,-d%c3%a6k-2)/",DKK
Denmark,Frederiksberg,QP07,Gammel Kongevej 60 (Codanhus forplads),Q-Park,55.674119,12.554775,43,37.0,,,"Gammel Kongevej 60, 1850 Frederiksberg C",https://www.q-park.dk/da/parkering/frederiksberg/gammel-kongevej-60-(codanhus-forplads)/,DKK
Denmark,Frederiksberg,QP08,Kilevej 14,Q-Park,55.6812304,12.5232607,70,15.0,,,"Kilevej 14, 2000 Frederiksberg",https://www.q-park.dk/da/parkering/frederiksberg/kilevej-14/,DKK
Denmark,Frederiksberg,QP09,Mariendalsvej 55,Q-Park,55.690498,12.533006,53,18.0,,,"Mariendalsvej 55, 2000 Frederiksberg C",https://www.q-park.dk/da/parkering/frederiksberg/mariendalsvej-55/,DKK
Denmark,Frederiksberg,QP10,Porcelænshaven 2-28,Q-Park,55.6781631,12.5233854,78,26.0,,,"Porcelænshaven 2-28, 2000 Frederiksberg","https://www.q-park.dk/da/parkering/frederiksberg/porcel%c3%a6nshaven-2-28,-2000-frederiksberg/",DKK
Denmark,Frederiksberg,QP11,"Porcelænshaven 2A, 5A og 16-26",Q-Park,55.679186,12.5235994,447,,,,"Porcelænshaven 2A, 5A og 16-26, 2000 Frederiksberg",https://www.q-park.dk/da/parkering/frederiksberg/porcel%c3%a6nshaven-16-26/,DKK
Denmark,Frederiksberg,QP12,Rathsacksvej 4,Q-Park,55.678284,12.535544,10,16.0,,,"Rathsacksvej 4, 2000 Frederiksberg",https://www.q-park.dk/da/parkering/frederiksberg/rathsacksvej-4/,DKK
Denmark,Frederiksberg,QP13,Roskildevej 37-41,Q-Park,55.67169,12.515127,94,16.0,,True,"Roskildevej 37-41, 2000 Frederiksberg",https://www.q-park.dk/da/parkering/frederiksberg/roskildevej-37-41/,DKK
Denmark,Frederiksberg,QP14,Solbjerg Plads (Trekantsområdet),Q-Park,55.6822546,12.5314116,16,15.0,,,"Solbjerg Plads (Trekantsområdet), 2000 Frederiksberg",https://www.q-park.dk/da/parkering/frederiksberg/solbjerg-plads-(trekantsomr%c3%a5det)/,DKK
Denmark,Frederiksberg,QP15,Solbjerg Plads 3,Q-Park,55.6820772,12.5298527,258,15.0,,,"Solbjerg Plads 3, 2000 Frederiksberg",https://www.q-park.dk/da/parkering/frederiksberg/solbjerg-plads-3/,DKK
Denmark,Frederiksberg,QP16,Sønderjyllands Allé 2,Q-Park,55.680067,12.498723,57,20.0,,,"Sønderjyllands Allé 2, 2000 Frederiksberg",https://www.q-park.dk/da/parkering/frederiksberg/s%c3%b8nderjyllands-all%c3%a9-2/,DKK
Denmark,Frederiksberg,AP01,KB Hallen,APCOA,55.678207,12.494492,200,22.0,,,"Peter Bangs Vej 147, 2000 Frederiksberg",https://www.apcoa.dk/find-en-p-plads/lokationer/frederiksberg/kb-hallen,DKK
Denmark,Frederiksberg,AP02,Pile Allé 14,APCOA,55.671726,12.530521,80,22.0,,,"Pile Allé 14, 2000 Frederiksberg",https://www.apcoa.dk/find-en-p-plads/lokationer/frederiksberg/pile-alle-14,DKK
Denmark,Frederiksberg,AP03,Nimbusparken,APCOA,55.679504,12.513483,450,24.0,240.0,,"Nimbusparken, 2000 Frederiksberg",https://www.apcoa.dk/find-en-p-plads/lokationer/frederiksberg/nimbusparken,DKK
Denmark,Frederiksberg,AP04,Langelands Plads 1,APCOA,55.684856,12.529952,,,,,"Langelands Plads 1, 2000 Frederiksberg",https://www.apcoa.dk/find-en-p-plads/lokationer/frederiksberg/langelands-plads-1,DKK
Denmark,Frederiksberg,AP05,Nordens Plads,APCOA,55.671596,12.502282,400,17.0,,,"Nordens Plads 10, 2000 Frederiksberg",https://www.apcoa.dk/find-en-p-plads/lokationer/frederiksberg/nordens-plads,DKK
Denmark,Frederiksberg,AP06,H. V. Nyholms Vej 3-7,APCOA,55.67936879,12.5132599,20,,,,"H. V. Nyholms Vej 3-7, 2000 Frederiksberg",https://www.apcoa.dk/find-en-p-plads/lokationer/frederiksberg/h-v-nyholms-vej-3-7,DKK
Denmark,Frederiksberg,AP07,Nordre Fasanvej 27,APCOA,55.68236133,12.5216371,50,25.0,600.0,,"Nordre Fasanvej 27, 2000 Frederiksberg",https://www.apcoa.dk/find-en-p-plads/lokationer/frederiksberg/nordre-fasanvej-27,DKK
Denmark,Frederiksberg,AP08,Pile Alle 9,APCOA,55.672569,12.53191,,,,,"Pile Alle 9, 2000 Frederiksberg",https://www.apcoa.dk/find-en-p-plads/lokationer/frederiksberg/pile-alle-9,DKK
Denmark,Frederiksberg,AP09,Finsensvej 15,APCOA,55.6812001,12.51856001,32,,,,"Finsensvej 15, 2000 Frederiksberg",https://www.apcoa.dk/find-en-p-plads/lokationer/frederikberg/finsensvej-15,DKK
Denmark,Frederiksberg,FK01,Parkeringskælder Falkoner Plads / Sylows Allé,Frederiksberg Kommune,55.6802282,12.5319152,,10.0,130.0,,"Sylows Allé, 2000 Frederiksberg",https://www.frederiksberg.dk/by-bolig-og-miljoe/trafik/parkering/spoergsmaal-om-parkeringsregler-og-kontrol,DKK
Denmark,Frederiksberg,FK02,Parkeringskælder Henrik Steffens Vej / Grundtvigsvej,Frederiksberg Kommune,55.6783556,12.5385062,,10.0,130.0,,"Henrik Steffens Vej, 2000 Frederiksberg",https://www.frederiksberg.dk/by-bolig-og-miljoe/trafik/parkering/spoergsmaal-om-parkeringsregler-og-kontrol,DKK
Denmark,Frederiksberg,FK03,Parkeringskælder John Winthers Plads,Frederiksberg Kommune,55.6786237,12.5287325,,10.0,130.0,,"John Winthers Plads, 2000 Frederiksberg",https://www.frederiksberg.dk/by-bolig-og-miljoe/trafik/parkering/spoergsmaal-om-parkeringsregler-og-kontrol,DKK
Denmark,Frederiksberg,FK04,Parkeringskælder Livas Have / Dirch Passers Allé,Frederiksberg Kommune,55.6838701,12.5040373,,10.0,130.0,,"Dirch Passers Allé, 2000 Frederiksberg",https://www.frederiksberg.dk/by-bolig-og-miljoe/trafik/parkering/spoergsmaal-om-parkeringsregler-og-kontrol,DKK
Denmark,Randers,QP01,Bryggertårnet,Q-Park,56.4622468,10.0373891,56,14.0,140.0,,"Bryghusgade 5, 8900 Randers C",https://www.q-park.dk/da/parkering/randers/bryggertårnet/,DKK
Denmark,Randers,QP02,"Gudenåcenteret, Gl. Stationsvej 11",Q-Park,56.453835,10.040106,250,14.0,100.0,,"Gudenåcenteret, Gl. Stationsvej 11, 8940 Randers SV","https://www.q-park.dk/da/parkering/randers/gudenåcenteret,-gl,-d-,-stationsvej-11/",DKK
Denmark,Randers,QP03,Hospitalsgade,Q-Park,56.458489,10.032239,20,10.0,,,"Hospitalsgade 8-10, 8900 Randers NØ",https://www.q-park.dk/da/parkering/randers/hospitalsgade/,DKK
Denmark,Randers,QP04,Jens Otto Krags Plads 3,Q-Park,56.4614437,10.0420908,70,14.0,,,"Jens Otto Krags Plads 3, 8900 Randers C",https://www.q-park.dk/da/parkering/randers/jens-otto-krags-plads-3/,DKK
Denmark,Randers,QP05,Lille Voldgade 9,Q-Park,56.461548,10.033792,9,14.0,,,"Lille Voldgade 9, 8900 Randers C",https://www.q-park.dk/da/parkering/randers/lille-voldgade-9/,DKK
Denmark,Randers,QP06,Odinsgården,Q-Park,56.458162,10.0348771,50,14.0,140.0,,"Odinsgade 4, 8900 Randers NØ",https://www.q-park.dk/da/parkering/randers/odinsgården/,DKK
Denmark,Randers,QP07,Randers City,Q-Park,56.4598484,10.0416743,500,21.0,,True,"Fischersgade 26, 8900 Randers C",https://www.q-park.dk/da/parkering/randers/randers-city/,DKK
Denmark,Randers,QP08,Randers Handskefabrik,Q-Park,56.458669,10.034435,50,10.0,,,"Vestergrave 18, 8900 Randers C",https://www.q-park.dk/da/parkering/randers/randers-handskefabrik/,DKK
Denmark,Randers,QP09,Regionshospitalet Randers,Q-Park,56.471515,10.0522505,900,13.0,60.0,,"Skovlyvej 15, 8930 Randers NØ",https://www.q-park.dk/da/parkering/randers/regionshospitalet-randers/,DKK
Denmark,Randers,QP10,Sandgade,Q-Park,56.4627023,10.0395271,30,10.0,,,"Sandgade, 8900 Randers C",https://www.q-park.dk/da/parkering/randers/sandgade/,DKK
Denmark,Randers,QP11,St. Voldgade 4,Q-Park,56.4609739,10.0342265,25,19.0,,,"St. Voldgade 4, 8900 Randers C","https://www.q-park.dk/da/parkering/randers/st,-d-,-voldgade-4/",DKK
Denmark,Randers,QP12,Staldgårdsgade 11,Q-Park,56.461103,10.0294709,25,14.0,,,"Staldgårdsgade 11, 8900 Randers C",https://www.q-park.dk/da/parkering/randers/staldgårdsgade-11/,DKK
Denmark,Randers,QP13,Thors Bakke,Q-Park,56.462279,10.038607,200,17.0,,True,"Nordregrave 3, 8900 Randers C",https://www.q-park.dk/da/parkering/randers/thors-bakke/,DKK
Denmark,Randers,QP14,Thorsgade,Q-Park,56.4621665,10.0394645,90,12.0,,,"Thorsgade, 8900 Randers C",https://www.q-park.dk/da/parkering/randers/thorsgade/,DKK
Denmark,Randers,QP15,Vestergade 10,Q-Park,56.4607724,10.0317324,3,14.0,,,"Vestergade 10, 8900 Randers C",https://www.q-park.dk/da/parkering/randers/vestergade-10/,DKK
Denmark,Randers,QP16,Vestergrave 2/ Hospitalsgade 9-13,Q-Park,56.458373,10.033579,25,14.0,,,"Vestergrave/Hospitalsgade 2/9-13, 8900 Randers C",https://www.q-park.dk/da/parkering/randers/vestergrave-2/-hospitalsgade-9-13/,DKK
Denmark,Randers,AP01,Kulholmsvej 1,APCOA,56.457542,10.042093,95,,,,"Kulholmsvej 1, 8930 Randers",https://www.apcoa.dk/find-en-p-plads/lokationer/randers,DKK
Denmark,Randers,RK01,Parkeringspladsen ved Randers Regnskov,Randers Kommune,56.457179,10.032601,,14.0,,,"Tørvebryggen 11, 8900 Randers C",https://www.randers.dk/borger/vej-trafik-og-parkering/parkering/parkering-i-randers-midtby/,DKK
Denmark,Randers,RK02,Parkeringskælderen ved Randers Sundhedscenter,Randers Kommune,56.463268,10.03799,192,,,True,"Biografgade 3, 8900 Randers C",https://www.randers.dk/borger/vej-trafik-og-parkering/parkering/parkering-i-randers-midtby/,DKK
Denmark,Aalborg,QP01,Østerbro 62,Q-Park,57.0454415,9.9399755,32,20.0,250.0,,"Østerbro 62, 9000 Aalborg",https://www.q-park.dk/da/parkering/aalborg/%c3%b8sterbro-62/,DKK
Denmark,Aalborg,QP02,Østre Havnegade 5B,Q-Park,57.0464742,9.9390132,32,14.0,,,"Østre Havnegade 5B, 9000 Aalborg","https://www.q-park.dk/da/parkering/aalborg/%c3%b8stre-havnegade-5b,-9000-aalborg/",DKK
Denmark,Aalborg,QP03,Østre Havnepark 10,Q-Park,57.047171,9.943163,220,,,,"Østre Havnepark 10, 9000 Aalborg",https://www.q-park.dk/da/parkering/aalborg/%c3%b8stre-havnepark-10/,DKK
Denmark,Aalborg,QP04,Aalborg City Campus,Q-Park,57.0398135,9.9190267,369,20.0,200.0,True,"Kielersvej 11, 9000 Aalborg",https://www.q-park.dk/da/parkering/aalborg/aalborg-city-campus/,DKK
Denmark,Aalborg,QP05,Adelgade 18-20,Q-Park,57.048384,9.918134,35,24.0,,True,"Adelgade 18-20, 9000 Aalborg",https://www.q-park.dk/da/parkering/aalborg/adelgade-18-20/,DKK
Denmark,Aalborg,QP06,Beddingen,Q-Park,57.048607,9.944268,36,20.0,,,"Beddingen, 9000 Aalborg",https://www.q-park.dk/da/parkering/aalborg/beddingen/,DKK
Denmark,Aalborg,QP07,Comwell Hotel Hvidehus Aalborg,Q-Park,57.042153,9.911825,90,14.0,110.0,True,"Vesterbro 2, 9000 Aalborg",https://www.q-park.dk/da/parkering/aalborg/comwell-hotel-hvidehus-aalborg/,DKK
Denmark,Aalborg,QP08,Dannebrogscentret,Q-Park,57.053474,9.90647,122,12.0,100.0,,"Kastetvej 26, 9000 Aalborg",https://www.q-park.dk/da/parkering/aalborg/dannebrogscentret/,DKK
Denmark,Aalborg,QP09,Gasværksvej 18,Q-Park,57.047657,9.946824,33,12.0,,,"Gasværksvej 18, 9000 Aalborg",https://www.q-park.dk/da/parkering/aalborg/gasv%c3%a6rksvej-18/,DKK
Denmark,Aalborg,QP10,Gasværksvej 7,Q-Park,57.048851,9.946765,38,14.0,120.0,,"Gasværksvej 7, 9000 Aalborg",https://www.q-park.dk/da/parkering/aalborg/gasv%c3%a6rksvej-7/,DKK
Denmark,Aalborg,QP11,Havnemøllen,Q-Park,57.0474397,9.9372738,590,22.0,180.0,,"Østre Havnegade 17, 9000 Aalborg",https://www.q-park.dk/da/parkering/aalborg/havnem%c3%b8llen/,DKK
Denmark,Aalborg,QP12,Jyllandsgade 24,Q-Park,57.0421445,9.9294753,80,12.0,150.0,,"Jyllandsgade 24, 9000 Aalborg",https://www.q-park.dk/da/parkering/aalborg/jyllandsgade-24/,DKK
Denmark,Aalborg,QP13,Karolinelundsvej 11,Q-Park,57.045787,9.934744,50,14.0,120.0,,"Karolinelundvej 11, 9000 Aalborg",https://www.q-park.dk/da/parkering/aalborg/karolinelundsvej-11/,DKK
Denmark,Aalborg,QP14,Kennedy Arkaden,Q-Park,57.041572,9.9184424,352,27.0,260.0,True,"J. F. Kennedy Plads 1, 9000 Aalborg",https://www.q-park.dk/da/parkering/aalborg/kennedy-arkaden/,DKK
Denmark,Aalborg,QP15,Kildestrømme 6-8,Q-Park,57.033679,9.937353,54,16.0,62.0,,"Kildestrømme, 9000 Aalborg",https://www.q-park.dk/da/parkering/aalborg/kildestr%c3%b8mme-6-8/,DKK
Denmark,Aalborg,QP16,Kornmøllen,Q-Park,57.0478014,9.9362733,396,22.0,180.0,True,"Østre Havnegade 31, 9000 Aalborg",https://www.q-park.dk/da/parkering/aalborg/kornm%c3%b8llen/,DKK
Denmark,Aalborg,QP17,"Kridtsløjfen 4, 4a",Q-Park,57.035945,9.937761,26,12.0,150.0,,"Kridtsløjfen 4, 4a, 9000 Aalborg","https://www.q-park.dk/da/parkering/aalborg/kridtsl%c3%b8jfen-4,-4a/",DKK
Denmark,Aalborg,QP18,Kulturen,Q-Park,57.047582,9.930958,299,24.0,240.0,True,"Nyhavnsgade 21, 9000 Aalborg",https://www.q-park.dk/da/parkering/aalborg/kulturen/,DKK
Denmark,Aalborg,QP19,Nørre Tranders Vej 3-9,Q-Park,57.042409,9.950881,14,14.0,,,"Nørre Tranders Vej 3-9, 9000 Aalborg","https://www.q-park.dk/da/parkering/aalborg/n%c3%b8rre-tranders-vej-3-9,-9000-aalborg/",DKK
Denmark,Aalborg,QP20,Palads,Q-Park,57.05049,9.920042,469,27.0,260.0,True,"Ved Stranden 11, 9000 Aalborg",https://www.q-park.dk/da/parkering/aalborg/palads/,DKK
Denmark,Aalborg,QP21,Plaza Aalborg,Q-Park,57.052026,9.918291,80,19.0,,True,"Strandvejen 3, 9000 Aalborg",https://www.q-park.dk/da/parkering/aalborg/plaza-aalborg/,DKK
Denmark,Aalborg,QP22,Riishøjvej 109,Q-Park,57.036186,9.945516,10,12.0,,,"Riishøjvej 109, 9000 Aalborg",https://www.q-park.dk/da/parkering/aalborg/riish%c3%b8jvej-109/,DKK
Denmark,Aalborg,QP23,Saxogade 10,Q-Park,57.0494216,9.9097018,60,10.0,100.0,,"Saxogade 10, 9000 Aalborg",https://www.q-park.dk/da/parkering/aalborg/saxogade-10/,DKK
Denmark,Aalborg,QP24,Sohngårdsholmvej 2 & Alexander Foss Gade,Q-Park,57.0366,9.93698,66,12.0,150.0,,"Sohngårdsholmvej & Alexander Foss Gade 2, 9000 Aalborg","https://www.q-park.dk/da/parkering/aalborg/sohng%c3%a5rdsholmvej-2-,-a-,-alexander-foss-gade/",DKK
Denmark,Aalborg,QP25,Spritten,Q-Park,57.054915,9.908686,85,14.0,,,"Akvavitvej, 9000 Aalborg",https://www.q-park.dk/da/parkering/aalborg/spritten/,DKK
Denmark,Aalborg,QP26,Stormgade 17-19,Q-Park,57.046533,9.940961,39,16.0,,,"Stormgade 17-19, 9000 Aalborg",https://www.q-park.dk/da/parkering/aalborg/stormgade-17-19/,DKK
Denmark,Aalborg,QP27,Strandvejen 25,Q-Park,57.0536258,9.9091762,60,10.0,100.0,,"Strandvejen 25, 9000 Aalborg",https://www.q-park.dk/da/parkering/aalborg/strandvejen-25/,DKK
Denmark,Aalborg,QP28,Sundhedens Hus,Q-Park,57.043668,9.926118,50,22.0,,,"Dag Hammerskjöldsgade 4, 9000 Aalborg",https://www.q-park.dk/da/parkering/aalborg/sundhedens-hus/,DKK
Denmark,Aalborg,QP29,Turøgade 1,Q-Park,57.0420611,9.94222,47,8.0,80.0,,"Turøgade 1, 9000 Aalborg",https://www.q-park.dk/da/parkering/aalborg/tur%c3%b8gade-1/,DKK
Denmark,Aalborg,QP30,Vesterbro 21 A-G,Q-Park,57.044836,9.911435,36,20.0,,,"Vesterbro 21 A-G, 9000 Aalborg",https://www.q-park.dk/da/parkering/aalborg/vesterbro-21-a-g/,DKK
Denmark,Aalborg,QP31,Vesterbro 23,Q-Park,57.044954,9.911341,10,20.0,,,"Vesterbro 23, 9000 Aalborg",https://www.q-park.dk/da/parkering/aalborg/vesterbro-23/,DKK
Denmark,Aalborg,QP32,Voergårdvej 2,Q-Park,57.015317,9.892819,,10.0,,,"Voergårdvej 2, 9200 Aalborg SV",https://www.q-park.dk/da/parkering/aalborg/voerg%c3%a5rdvej-2/,DKK
Denmark,Aalborg,APC01,APCOA Østerbro Brygge,APCOA,57.046633,9.937005,114,15.0,,,"Østerbro 35, 9000 Aalborg",https://www.apcoa.dk/find-en-p-plads/lokationer/aalborg/oesterbro-brygge,DKK
Denmark,Aalborg,APC02,APCOA Salling Aalborg,APCOA,57.047377,9.923222,300,15.0,,,"Braskensgade 8, 9000 Aalborg",https://www.apcoa.dk/find-en-p-plads/lokationer/aalborg/salling-aalborg,DKK
Denmark,Aalborg,APC03,APCOA Slotsgade 8-14,APCOA,57.047666,9.924598,116,15.0,,,"Slotsgade 8-14, 9000 Aalborg",https://www.apcoa.dk/find-en-p-plads/lokationer/aalborg/slotsgade-8-14,DKK
Denmark,Aalborg,APC04,APCOA C.W. Obel P-hus,APCOA,57.052555,9.911599,376,7.0,,,"Badehusvej 5, 9000 Aalborg",https://www.apcoa.dk/find-en-p-plads/lokationer/aalborg/badehusvej-p-hus,DKK
Denmark,Aalborg,APC05,APCOA Kjellerups Torv 10-22,APCOA,57.046572,9.929832,90,12.0,,,"Kjellerups Torv 10, 9000 Aalborg",https://www.apcoa.dk/find-en-p-plads/lokationer/aalborg/kjellerups-torv-10-22,DKK
Denmark,Aalborg,APC06,APCOA Budolfi Plads 1,APCOA,57.047336,9.918842,105,8.0,,,"Budolfi Plads 1, 9000 Aalborg",https://www.apcoa.dk/find-en-p-plads/lokationer/aalborg/budolfi-plads-1,DKK
Denmark,Aalborg,APC07,APCOA Karolinehaven,APCOA,57.036095,9.931795,100,15.0,,,"Karolinehaven, 9000 Aalborg",https://www.apcoa.dk/find-en-p-plads/lokationer/aalborg/karolinehaven,DKK
Denmark,Aalborg,APC08,APCOA Poul Larsens Vej 2,APCOA,57.03483,9.933119,292,13.0,,,"Poul Larsens Vej 2, 9000 Aalborg",https://www.apcoa.dk/find-en-p-plads/lokationer/aalborg/poul-larsens-vej-2,DKK
Denmark,Aalborg,APC09,APCOA Aalborg Streetfood,APCOA,57.05708627,9.89813233,40,20.0,,,"Skudehavnsvej 35, 9000 Aalborg",https://www.apcoa.dk/find-en-p-plads/lokationer/aalborg/aalborg-streetfood,DKK
Denmark,Aalborg,APC10,APCOA Hobrovej 42,APCOA,57.03522274,9.90867871,57,18.0,,,"Hobrovej 42, 9000 Aalborg",https://www.apcoa.dk/find-en-p-plads/lokationer/aalborg/hobrovej-42,DKK
Denmark,Aalborg,APC11,APCOA Østerbro Brygge - Terræn,APCOA,57.04615348,9.93652856,15,15.0,,,"Østerbro Brygge, 9000 Aalborg",https://www.apcoa.dk/find-en-p-plads/lokationer/aalborg/oesterbro-brygge-terraen,DKK
Denmark,Aalborg,APC12,APCOA Hjulmagervej 50,APCOA,57.038906,9.918952,50,10.0,,,"Hjulmagervej 50, 9000 Aalborg",https://www.apcoa.dk/find-en-p-plads/lokationer/aalborg/hjulmagervej-50,DKK
Denmark,Aalborg,APC13,APCOA Østre Havnepark 10,APCOA,57.04736421,9.94359741,61,18.0,,,"Østre Havnepark 10, 9000 Aalborg",https://www.apcoa.dk/find-en-p-plads/lokationer/aalborg/oestre-havnepark-10,DKK
Denmark,Aalborg,APC14,"APCOA Østre Havnepark 10, Blå zone",APCOA,57.04736391,9.94363735,66,18.0,,,"Østre Havnepark 10, 9000 Aalborg",https://www.apcoa.dk/find-en-p-plads/lokationer/aalborg/oestre-havnepark-10-blaa-zone,DKK
Denmark,Aalborg,APC15,APCOA Boeck-Hansens Vej 14,APCOA,57.03276249,9.93422201,83,15.0,,,"Boeck-Hansens Vej 14, 9000 Aalborg",https://www.apcoa.dk/find-en-p-plads/lokationer/aalborg/boeck-hansens-vej-14,DKK
Denmark,Aalborg,APC16,APCOA Jyllandsgade 30,APCOA,57.04232938,9.92909579,75,14.0,,,"Jyllandsgade 30, 9000 Aalborg",https://www.apcoa.dk/find-en-p-plads/lokationer/aalborg/jyllandsgade-30,DKK
Denmark,Aalborg,SP01,Friis Shoppingcenter,SikkerParkering,57.047702,9.926089,850,17.0,,True,"Nytorv 27, 9000 Aalborg",https://friisaalborg.dk/information/parkering,DKK
Denmark,Helsingør,QP01,Lundegade 4,Q-Park,56.0376565,12.6097122,27,14.0,,,"Lundegade 4, 3000 Helsingør",https://www.q-park.dk/da/parkering/helsing%c3%b8r/lundegade-4/,DKK
Denmark,Helsingør,QP02,Mads Holms Vej 7,Q-Park,56.0313369,12.6017323,10,8.0,,,"Mads Holms Vej 7, 3000 Helsingør",https://www.q-park.dk/da/parkering/helsing%c3%b8r/mads-holms-vej-7/,DKK
Denmark,Helsingør,QP03,Murergade 8A-10,Q-Park,56.033133,12.604981,9,14.0,,,"Murergade 8A-10, 3000 Helsingør",https://www.q-park.dk/da/parkering/helsing%c3%b8r/murergade-8a-10/,DKK
Denmark,Helsingør,QP04,Marienlyst - Ndr. Strandvej 2,Q-Park,56.0441001,12.602656,300,10.0,140.0,,"Ndr. Strandvej 2, 3000 Helsingør","https://www.q-park.dk/da/parkering/helsing%c3%b8r/ndr,-d-,-strandvej-2/",DKK
Denmark,Helsingør,QP05,Nordlysvænget 4-8,Q-Park,56.0402238,12.6114042,24,12.0,,,"Nordlysvænget 4-8, 3000 Helsingør",https://www.q-park.dk/da/parkering/helsing%c3%b8r/nordlysv%c3%a6nget-4-8/,DKK
Denmark,Helsingør,AP01,"Hammershave, Trækbanen",APCOA,56.033836,12.605955,109,,,True,"Murergade 5N, 3000 Helsingør",https://www.apcoa.dk/find-en-p-plads/lokationer/helsingoer/hammershave-traekbanen,DKK
Denmark,Helsingør,AP02,Kronborg Slot,APCOA,56.039812,12.614061,224,12.0,60.0,,"Nordhavnsvej 1A, 3000 Helsingør",https://www.apcoa.dk/find-en-p-plads/lokationer/helsingoer/kronborg-slot,DKK
Denmark,Hillerød,QP01,Gallerierne,Q-Park,55.9284139,12.3019244,215,16.0,380.0,True,"Hostrupsvej 22, 3400 Hillerød",https://www.q-park.dk/da/parkering/hiller%c3%b8d/gallerierne/,DKK
Denmark,Hillerød,QP02,"Banestræde, Ramblaen og Campusvej",Q-Park,55.9280734,12.3126281,50,25.0,,,"Banestræde, Ramblaen og Campusvej, 3400 Hillerød","https://www.q-park.dk/da/parkering/hiller%c3%b8d/banestr%c3%a6de,-ramblaen-og-campusvej/",DKK
Denmark,Hillerød,QP03,Carlsbergvej 32 A-D,Q-Park,55.9265799,12.3129713,116,25.0,,,"Carlsbergvej 32 A-D, 3400 Hillerød",https://www.q-park.dk/da/parkering/hiller%c3%b8d/carlsbergvej-32-a-d/,DKK
Denmark,Hillerød,QP04,Munkeengen 4-32,Q-Park,55.9300113,12.2953538,500,12.0,,,"Munkeengen 4-32, 3400 Hillerød",https://www.q-park.dk/da/parkering/hiller%c3%b8d/munkeengen-4-32/,DKK
Denmark,Hillerød,QP05,Campusvej 169 - 373,Q-Park,55.9290585,12.3125762,36,15.0,50.0,,"Campusvej 169 - 373, 3400 Hillerød",https://www.q-park.dk/da/parkering/hiller%c3%b8d/campusvej-169---373/,DKK
Denmark,Hillerød,AP01,Slangerupgade 6,APCOA,55.932392,12.297321,20,15.0,,,"Slangerupgade 6, 3400 Hillerød",https://www.apcoa.dk/find-en-p-plads/lokationer/hilleroed/slangerupgade-6,DKK
Denmark,Hillerød,AP02,Slotsgade 65,APCOA,55.93309,12.297003,80,,,,"Slotsgade 65, 3400 Hillerød",https://www.apcoa.dk/find-en-p-plads/lokationer/hilleroed/slotsgade-65,DKK
Denmark,Hillerød,AP03,Frederiksborg Slot,APCOA,55.934912,12.297471,96,12.0,,,"Frederiksborg Slot 7, 3400 Hillerød",https://www.apcoa.dk/find-en-p-plads/lokationer/hilleroed/frederiksborg-slot,DKK
Denmark,Hillerød,AP04,Slotsgade 31-35,APCOA,55.9307,12.298248,45,20.0,,,"Slotsgade 31-35, 3400 Hillerød",https://www.apcoa.dk/find-en-p-plads/lokationer/hilleroed/slotsgade-31-35,DKK
Denmark,Hillerød,AP05,Slotsgade 63,APCOA,55.933172,12.297504,20,15.0,,,"Slotsgade 63, 3400 Hillerød",https://www.apcoa.dk/find-en-p-plads/lokationer/hilleroed/slotsgade-63,DKK
Denmark,Hillerød,AP06,Finn Bager Jensens Vej 1-15,APCOA,55.9418825,12.26129404,159,10.0,,,"Finn Bager Jensens Vej 1-15, 3400 Hillerød",https://www.apcoa.dk/find-en-p-plads/lokationer/hilleroed/finn-bager-jensens-vej-1-15,DKK
Denmark,Hillerød,AP07,Frederiksværksgade 154,APCOA,55.94220115,12.26019465,75,20.0,,,"Frederiksværksgade 154, 3400 Hillerød",https://www.apcoa.dk/find-en-p-plads/lokationer/hilleroed/frederiksvaerksgade-154,DKK
Denmark,Hillerød,AP08,Slotsgade 67,APCOA,55.93353266,12.29652658,32,15.0,,,"Slotsgade 67, 3400 Hillerød",https://www.apcoa.dk/find-en-p-plads/lokationer/hilleroed/slotsgade-67-1,DKK
Denmark,Hillerød,HK01,Parkeringshus Torvet,Hillerød Kommune,55.929731,12.305541,345,10.0,,,"Østergade 3, 3400 Hillerød",https://hillerod.dk/service-og-selvbetjening/veje-og-trafik/parkering/parkeringshus-torvet/,DKK
Denmark,Kolding,QP01,Q-Park Engstien 1,Q-Park,55.491024,9.46498,184,16.0,,,"Engstien 1, 6000 Kolding",https://www.q-park.dk/da/parkering/kolding/engstien-1/,DKK
Denmark,Kolding,QP02,Q-Park Kolding Åpark,Q-Park,55.495973,9.473052,251,,,True,"Kolding Åpark, 6000 Kolding",https://www.q-park.dk/da/parkering/kolding/kolding-åpark/,DKK
Denmark,Kolding,QP03,Q-Park Design City,Q-Park,55.487028,9.485115,140,10.0,,,"Kolding Åpark 2, 6000 Kolding",https://www.q-park.dk/da/parkering/kolding/kolding-åpark-2/,DKK
Denmark,Kolding,QP04,Q-Park Kolding Åpark 24,Q-Park,55.4869022,9.4887031,60,14.0,,,"Kolding Åpark 24, 6000 Kolding",https://www.q-park.dk/da/parkering/kolding/kolding-åpark-24/,DKK
Denmark,Kolding,QP05,Q-Park Saxovej 2-20,Q-Park,55.488246,9.463418,100,10.0,,,"Saxovej 2-20, 6000 Kolding",https://www.q-park.dk/da/parkering/kolding/saxovej-2-20/,DKK
Denmark,Kolding,AP01,Koldinghus,APCOA,55.490777,9.475509,100,12.0,,,"Staldgården 1, 6000 Kolding",https://www.apcoa.dk/find-en-p-plads/lokationer/kolding/koldinghus,DKK
Denmark,Kolding,AP02,Dalbygade 39-40,APCOA,55.483531,9.476706,115,10.0,,,"Dalbygade 39-40, 6000 Kolding",https://www.apcoa.dk/find-en-p-plads/lokationer/kolding/dalbygade-39-40,DKK
Denmark,Kolding,AP03,Engstien 1,APCOA,55.491045,9.464992,200,12.0,,,"Engstien 1, 6000 Kolding",https://www.apcoa.dk/find-en-p-plads/lokationer/kolding/engstien-1,DKK
Denmark,Kolding,AP04,Jernbanegade 33,APCOA,55.490517,9.479243,8,,,,"Jernbanegade 33, 6000 Kolding",https://www.apcoa.dk/find-en-p-plads/lokationer/kolding/jernbanegade-33,DKK
Denmark,Kolding,AP05,Klostergade 16,APCOA,55.489021,9.476457,92,10.0,240.0,True,"Klostergade 16, 6000 Kolding",https://www.apcoa.dk/find-en-p-plads/lokationer/kolding/klostergade-16,DKK
Denmark,Kolding,AP06,Kløvervej 46,APCOA,55.486005,9.499489,26,5.0,45.0,True,"Kløvervej 46, 6000 Kolding",https://www.apcoa.dk/find-en-p-plads/lokationer/kolding/kloevervej-46,DKK
Denmark,Kolding,AP07,Brostræde 7,APCOA,55.48853,9.474356,14,,,,"Brostræde 7, 6000 Kolding",https://www.apcoa.dk/find-en-p-plads/lokationer/kolding/brostraede-7,DKK
Denmark,Kolding,KK01,Ny Vestergade,Kolding Kommune,55.489605,9.47168,35,15.0,,,"Ny Vestergade, 6000 Kolding",https://parkering.kolding.dk/,DKK
Denmark,Kolding,KK02,Markdanersgade,Kolding Kommune,55.490803,9.475955,14,12.0,,,"Markdanersgade, 6000 Kolding",https://parkering.kolding.dk/,DKK
Denmark,Kolding,KK03,Staldgården,Kolding Kommune,55.49107,9.476667,59,12.0,,,"Staldgården, 6000 Kolding",https://parkering.kolding.dk/,DKK
Denmark,Kolding,KK04,Låsbybanke,Kolding Kommune,55.491539,9.472067,32,15.0,,True,"Låsbybanke, 6000 Kolding",https://parkering.kolding.dk/,DKK
Denmark,Kolding,KK05,Kolding Byferie,Kolding Kommune,55.492397,9.471052,28,15.0,,,"Kedelsmedgangen, 6000 Kolding",https://parkering.kolding.dk/,DKK
Denmark,Kolding,KK06,Borchs Gård,Kolding Kommune,55.48967,9.473157,100,15.0,,True,"Naverstræde, 6000 Kolding",https://parkering.kolding.dk/,DKK
Denmark,Kolding,KK07,Hyrdestræde,Kolding Kommune,55.49147,9.472974,39,15.0,,,"Hyrdestræde, 6000 Kolding",https://parkering.kolding.dk/,DKK
Denmark,Lyngby,QP01,Jernbanepladsen 1,Q-Park,55.767875,12.50581,122,12.0,,,"Jernbanepladsen 1, 2800 Kgs. Lyngby",https://www.q-park.dk/da/parkering/lyngby/jernbanepladsen-1/,DKK
Denmark,Lyngby,QP02,Kulturhustorvet,Q-Park,55.771024,12.508613,116,22.0,,,"Kulturhustorvet, 2800 Kgs. Lyngby",https://www.q-park.dk/da/parkering/lyngby/kulturhustorvet/,DKK
Denmark,Lyngby,QP03,Lyngby City,Q-Park,55.771614,12.507247,353,22.0,180.0,True,"Klampenborgvej 211, 2800 Kgs. Lyngby",https://www.q-park.dk/da/parkering/lyngby/lyngby-city/,DKK
Denmark,Lyngby,QP04,Lyngby Hovedgade 63,Q-Park,55.767353,12.50806,123,24.0,200.0,True,"Lyngby Hovedgade 63, 2800 Kgs. Lyngby",https://www.q-park.dk/da/parkering/lyngby/lyngby-hovedgade-63/,DKK
Denmark,Lyngby,QP05,Magasin P-Hus,Q-Park,55.769748,12.505701,264,22.0,,True,"Nørgaardsvej 1, 2800 Kgs. Lyngby",https://www.q-park.dk/da/parkering/lyngby/magasin-p-hus/,DKK
Denmark,Lyngby,AP01,Hollandsvej 10,APCOA,55.76573365,12.50666094,205,15.0,,,"Hollandsvej 10, 2800 Kgs. Lyngby",https://www.apcoa.dk/find-en-p-plads/lokationer/kongens-lyngby/hollandsvej-10,DKK
Denmark,Lyngby,AP02,Gl. Lundtoftevej 1-9,APCOA,55.774673,12.500635,165,,,,"Gl. Lundtoftevej 3B, 2800 Kgs. Lyngby",https://www.apcoa.dk/find-en-p-plads/lokationer/kgs-lyngby/gl-lundtoftevej-1-9,DKK
Denmark,Lyngby,AP03,Lyngby Hovedgade 11-25,APCOA,55.77198,12.501748,140,30.0,,,"Lyngby Hovedgade 11-25, 2800 Kgs. Lyngby",https://www.apcoa.dk/find-en-p-plads/lokationer/kgs-lyngby/lyngby-hovedgade-11-25,DKK
Denmark,Lyngby,AP04,Jernbanepladsen 10,APCOA,55.768901,12.503934,32,10.0,,,"Jernbanepladsen 10, 2800 Kgs. Lyngby",https://www.apcoa.dk/find-en-p-plads/lokationer/kgs-lyngby/jernbanepladsen-10,DKK
Denmark,Lyngby,AP05,Lundtoftegårdsvej 93A,APCOA,55.79301724,12.52757222,106,10.0,,,"Lundtoftegårdsvej 93, 2800 Kgs. Lyngby",https://www.apcoa.dk/find-en-p-plads/lokationer/kgs-lyngby/lundtoftegaardsvej-93a,DKK
Denmark,Lyngby,AP06,Kanalvej 1-7,APCOA,55.77311595,12.5078239,800,10.0,,,"Kanalvej 1-7, 2800 Kgs. Lyngby",https://www.apcoa.dk/find-en-p-plads/lokationer/kgs-lyngby/kanalvej-1-7,DKK
Denmark,Lyngby,AP07,Nørgaardsvej 1B,APCOA,55.76998272,12.50643201,40,20.0,,,"Nørgaardsvej 1B, 2800 Kgs. Lyngby",https://www.apcoa.dk/find-en-p-plads/lokationer/kgs-lyngby/noergaardsvej-1b,DKK
Denmark,Silkeborg,QP01,Q-Park Århusvej 45,Q-Park,56.169793,9.5674,400,10.0,50.0,,"Århusvej 45, 8600 Silkeborg",https://www.q-park.dk/da/parkering/silkeborg/århusvej-45/,DKK
Denmark,Silkeborg,QP02,Q-Park Borgergade 72,Q-Park,56.1810818,9.5493706,30,12.0,,,"Borgergade 72, 8600 Silkeborg",https://www.q-park.dk/da/parkering/silkeborg/borgergade-72/,DKK
Denmark,Silkeborg,QP03,Q-Park Papirfabrikken/Smedebakken,Q-Park,56.1728578,9.5572302,600,17.0,,True,"Papirfabrikken/Smedebakken, 8600 Silkeborg",https://www.q-park.dk/da/parkering/silkeborg/papirfabrikken/smedebakken/,DKK
Denmark,Silkeborg,QP04,Q-Park Sølystvej 2,Q-Park,56.176457,9.55415,12,14.0,,,"Sølystvej 2, 8600 Silkeborg",https://www.q-park.dk/da/parkering/silkeborg/sølystvej-2/,DKK
Denmark,Silkeborg,QP05,Q-Park Stagehøjvej 25,Q-Park,56.1872868,9.5602593,40,8.0,,,"Stagehøjvej 25, 8600 Silkeborg",https://www.q-park.dk/da/parkering/silkeborg/stagehøjvej-25/,DKK
Denmark,Silkeborg,QP06,Q-Park Torvet Silkeborg,Q-Park,56.169838,9.54949,224,16.0,160.0,True,"Rådhusgade 4, 8600 Silkeborg",https://www.q-park.dk/da/parkering/silkeborg/torvet-silkeborg/,DKK
Denmark,Silkeborg,QP07,Q-Park Vestergade 38,Q-Park,56.1678701,9.5433247,12,15.0,,,"Vestergade 38, 8600 Silkeborg",https://www.q-park.dk/da/parkering/silkeborg/vestergade-38/,DKK
Denmark,Silkeborg,QP08,Q-Park Vestergade 8-30,Q-Park,56.1690921,9.5450789,865,15.0,,,"Vestergade 8-30, 8600 Silkeborg",https://www.q-park.dk/da/parkering/silkeborg/vestergade-8-30/,DKK
Denmark,Silkeborg,AP01,Silkeborg Sygehus P-hus,APCOA,56.170213,9.559284,730,16.0,76.0,,"Falkevej 1, 8600 Silkeborg",https://www.apcoa.dk/find-en-p-plads/lokationer/silkeborg/silkeborg-sygehus-p-hus,DKK
Denmark,Silkeborg,AP02,Christian 8's vej 8,APCOA,56.166567,9.551913,65,,,,"Christian 8's vej 8, 8600 Silkeborg",https://www.apcoa.dk/find-en-p-plads/lokationer/silkeborg/christian-8s-vej-8,DKK
Denmark,Silkeborg,AP03,Søtorvet,APCOA,56.17312407,9.55515334,196,,,,"Søtorvet, 8600 Silkeborg",https://www.apcoa.dk/find-en-p-plads/lokationer/silkeborg/soetorvet,DKK
Denmark,Slagelse,QP01,Ingemannsvej 30,Q-Park,55.402548,11.364996,1000,,,True,"Ingemannsvej 30, 4200 Slagelse",https://www.q-park.dk/da/parkering/slagelse/ingemannsvej-30/,DKK
Denmark,Slagelse,QP02,Klingeberg 3B,Q-Park,55.402267,11.356028,61,13.0,,,"Klingeberg 3B, 4200 Slagelse",https://www.q-park.dk/da/parkering/slagelse/klingeberg-3b/,DKK
Denmark,Slagelse,QP03,Løvegade 4 og Frederiksgade 1,Q-Park,55.404378,11.352673,50,23.0,,,"Løvegade og Frederiksgade 4 og 1, 4200 Slagelse",https://www.q-park.dk/da/parkering/slagelse/l%c3%b8vegade-4/,DKK
Denmark,Slagelse,QP04,Marievangsvej 49-51,Q-Park,55.3993187,11.3298517,50,7.0,,,"Marievangsvej 49-51, 4200 Slagelse",https://www.q-park.dk/da/parkering/slagelse/marievangsvej-49-51/,DKK
Denmark,Slagelse,QP05,Parkvænget 10 og Ingemannsvej 17,Q-Park,55.404239,11.360246,100,10.0,,,"Parkvænget og Ingemannsvej 10 og 17, 4200 Slagelse",https://www.q-park.dk/da/parkering/slagelse/parkv%c3%a6nget-10-og-ingemannsvej-17/,DKK
Denmark,Slagelse,QP06,Rytterstaldstræde 10-18,Q-Park,55.40047,11.354984,17,12.0,,,"Rytterstaldstræde 10-18, 4200 Slagelse",https://www.q-park.dk/da/parkering/slagelse/rytterstaldstr%c3%a6de-10-18/,DKK
Denmark,Slagelse,QP07,Søndre Stationsvej,Q-Park,55.406977,11.347873,116,8.0,,,"Sdr. Stationsvej 28 K-S & 30, 4200 Slagelse",https://www.q-park.dk/da/parkering/slagelse/s%c3%b8ndre-stationsvej/,DKK
Denmark,Slagelse,QP08,Stop 39 (Lastvogn),Q-Park,55.3868145,11.3625522,50,25.0,100.0,,"Trafikcenter Alle 4, 4200 Slagelse",https://www.q-park.dk/da/parkering/slagelse/stop-39-(lastvogn)/,DKK
Denmark,Slagelse,QP09,Stop 39 (Personbil),Q-Park,55.3880901,11.3622867,70,28.0,150.0,,"Trafikcenter Alle 4 - Stop 39, 4200 Slagelse","https://www.q-park.dk/da/parkering/slagelse/trafikcenter-alle-4-,-a-,-stop-39/",DKK
Denmark,Slagelse,AP01,Ndr. Ringgade 24,APCOA,55.41372006,11.35302651,40,10.0,,,"Ndr. Ringgade 24, 4200 Slagelse",https://www.apcoa.dk/find-en-p-plads/lokationer/slagelse/ndr-ringgade-24,DKK
Denmark,Slagelse,AP02,Kalvehaven 7-52,APCOA,55.41064435,11.34366215,108,10.0,,,"Kalvehaven 7 - 52, 4200 Slagelse",https://www.apcoa.dk/find-en-p-plads/lokationer/slagelse/kalvehaven-7-52,DKK
Denmark,Svendborg,QP01,Q-Park Ørbækvej 2-6,Q-Park,55.070988,10.6312206,60,8.0,80.0,,"Ørbækvej 2-6, 5700 Svendborg",https://www.q-park.dk/da/parkering/svendborg/ørbækvej-2-6/,DKK
Denmark,Svendborg,QP02,Q-Park Frederiksgade 6,Q-Park,55.0592848,10.6135933,25,14.0,,,"Frederiksgade 6, 5700 Svendborg",https://www.q-park.dk/da/parkering/svendborg/frederiksgade-6/,DKK
Denmark,Svendborg,QP03,Q-Park Korsgade & Jernbanegade,Q-Park,55.057451,10.609506,90,12.0,,,"Korsgade 11-13 + 15-17 & Jernbanegade 26, 5700 Svendborg","https://www.q-park.dk/da/parkering/svendborg/korsgade-,-a-,-jernbanegade/",DKK
Denmark,Svendborg,QP04,Q-Park Nordre Havnevej 11,Q-Park,55.0626851,10.6170338,180,12.0,,,"Nordre Havnevej 11, 5700 Svendborg",https://www.q-park.dk/da/parkering/svendborg/nordre-havnevej-11/,DKK
Denmark,Svendborg,QP05,Q-Park Sundhedshus Svendborg,Q-Park,55.0611056,10.6115649,30,14.0,,,"Hulgade 9 og 4, 5700 Svendborg",https://www.q-park.dk/da/parkering/svendborg/sundhedshus-svendborg/,DKK
Denmark,Svendborg,QP06,Q-Park Tinghusgade 43,Q-Park,55.060388,10.602531,35,14.0,,,"Tinghusgade 43, 5700 Svendborg",https://www.q-park.dk/da/parkering/svendborg/tinghusgade-43/,DKK
Denmark,Svendborg,QP07,Q-Park Toldbodvej 8,Q-Park,55.0622606,10.6136922,75,14.0,,,"Toldbodvej 8, 5700 Svendborg",https://www.q-park.dk/da/parkering/svendborg/toldbodvej-8/,DKK
Denmark,Svendborg,AP01,Svendborg Bycenter,APCOA,55.059877,10.604592,156,12.0,,,"Tinghusgade 29, 5700 Svendborg",https://www.apcoa.dk/find-en-p-plads/lokationer/svendborg/svendborg-bycenter,DKK
Denmark,Svendborg,AP02,Centrumpladsen 1,APCOA,55.06053188,10.60599546,60,10.0,120.0,,"Centrumpladsen 1, 5700 Svendborg",https://www.apcoa.dk/find-en-p-plads/lokationer/svendborg/centrumpladsen-1,DKK
Denmark,Svendborg,AP03,Voldgade 16,APCOA,55.059206,10.604583,30,10.0,,,"Voldgade 16, 5700 Svendborg",https://www.apcoa.dk/find-en-p-plads/lokationer/svendborg/voldgade-16,DKK
Denmark,Svendborg,AP04,Toldbodvej 17-19,APCOA,55.062087,10.612223,70,0.0,,,"Toldbodvej 17-19, 5700 Svendborg",https://www.apcoa.dk/find-en-p-plads/lokationer/svendborg/toldbodvej-17-19,DKK
Denmark,Svendborg,AP05,Korsgade 16,APCOA,55.057753,10.609561,50,0.0,,,"Korsgade 16, 5700 Svendborg",https://www.apcoa.dk/find-en-p-plads/lokationer/svendborg/korsgade-16,DKK
Denmark,Svendborg,AP06,Svendborg Sygehus,APCOA,55.056384,10.607809,677,0.0,,,"Valdemarsgade 51C, 5700 Svendborg",https://www.apcoa.dk/find-en-p-plads/lokationer/svendborg/svendborg-sygehus,DKK
Denmark,Svendborg,AP07,Valdemarsgade 73,APCOA,55.058012,10.606783,75,14.0,,,"Valdemarsgade 73, 5700 Svendborg",https://www.apcoa.dk/find-en-p-plads/lokationer/svendborg/valdemarsgade-73,DKK
Denmark,Svendborg,AP08,Kedelsmedestræde 15,APCOA,55.060319,10.605464,18,0.0,,,"Kedelsmedestræde 15, 5700 Svendborg",https://www.apcoa.dk/find-en-p-plads/lokationer/svendborg/kedelsmedestraede-15,DKK
Denmark,Svendborg,AP09,Møllergade 104,APCOA,55.06446058,10.61408868,10,0.0,,,"Møllergade 104, 5700 Svendborg",https://www.apcoa.dk/find-en-p-plads/lokationer/svendborg/moellergade-104,DKK
Denmark,Risskov,QP01,Q-Park Agerbækvej 36-82,Q-Park,56.1881546,10.2207562,36,10.0,,,"Agerbækvej 36-82, 8240 Risskov",https://www.q-park.dk/da/parkering/risskov/agerbækvej-36-82/,DKK
Denmark,Risskov,QP02,"Q-Park Broloftet 1-29, Terræn",Q-Park,56.1857852,10.2144435,10,15.0,,,"Broloftet 1-29, Terræn, 8240 Risskov","https://www.q-park.dk/da/parkering/risskov/broloftet-1-29,-terræn/",DKK
Denmark,Risskov,QP03,Q-Park Børglumvej 2H,Q-Park,56.1872377,10.2121005,89,12.0,100.0,,"Børglumvej 2H, 8240 Risskov",https://www.q-park.dk/da/parkering/risskov/børglumvej-2h/,DKK
Denmark,Risskov,QP04,Q-Park Møllehatten,Q-Park,56.1873286,10.215216,115,16.0,,,"Møllehatten, 8240 Risskov",https://www.q-park.dk/da/parkering/risskov/møllehatten/,DKK
Denmark,Risskov,QP05,"Q-Park Risskov Brynet - Møllehatten 1-13, Terræn",Q-Park,56.1864932,10.2110877,75,10.0,,,"Risskov Brynet - Møllehatten 1-13, Terræn, 8240 Risskov","https://www.q-park.dk/da/parkering/risskov/risskov-brynet---møllehatten-1-13,-terræn/",DKK
Denmark,Risskov,QP06,Q-Park Vindrosen 19-45,Q-Park,56.1869674,10.2154359,78,16.0,,,"Vindrosen 19-45, 8240 Risskov",https://www.q-park.dk/da/parkering/risskov/vindrosen-19-45/,DKK
Denmark,Risskov,APC01,APCOA Broloftet 2-42,APCOA,56.185306,10.214242,43,12.0,288.0,,"Broloftet 2-42, 8240 Risskov",https://www.apcoa.dk/find-en-p-plads/lokationer/risskov/broloftet-2-42,DKK
Denmark,Risskov,APC02,APCOA Kværnloftet 2-44,APCOA,56.18552,10.212698,25,12.0,288.0,,"Kværnloftet 2-44, 8240 Risskov",https://www.apcoa.dk/find-en-p-plads/lokationer/risskov/kvaernloftet-2-44,DKK
Denmark,Risskov,APC03,APCOA J.R. Hübertz Gade 13-33,APCOA,56.18560967,10.23011362,88,7.0,50.0,,"J.R. Hübertz Gade 13-33, 8240 Risskov",https://www.apcoa.dk/find-en-p-plads/lokationer/risskov/jr-huebertz-gade-13-33,DKK
Denmark,Risskov,APC04,APCOA Brassøvej 17,APCOA,56.20315703,10.23553813,40,13.0,165.0,True,"Brassøvej 17, 8240 Risskov",https://www.apcoa.dk/find-en-p-plads/lokationer/risskov/brassoevej-17,DKK
Denmark,Risskov,APC05,APCOA F.K. Hallagers Gade,APCOA,56.18575893,10.22723611,50,7.0,50.0,,"F.K. Hallagers Gade, 8240 Risskov",https://www.apcoa.dk/find-en-p-plads/lokationer/risskov/fk-hallagers-gade,DKK
Denmark,Risskov,APC06,APCOA Stationsgade 2C,APCOA,56.18085063,10.23441628,30,12.0,288.0,,"Stationsgade 2C, 8240 Risskov",https://www.apcoa.dk/find-en-p-plads/lokationer/risskov/stationsgade-2c,DKK
Denmark,Skanderborg,QP01,Adelgade 38,Q-Park,56.031243,9.933654,7,16.0,,,"Adelgade 38, 8660 Skanderborg",https://www.q-park.dk/da/parkering/skanderborg/adelgade-38/,DKK
Denmark,Skanderborg,QP02,Adelgade 45,Q-Park,56.0324166,9.9314324,16,16.0,,,"Adelgade 45, 8660 Skanderborg",https://www.q-park.dk/da/parkering/skanderborg/adelgade-45/,DKK
Denmark,Skanderborg,QP03,Adelgade 47,Q-Park,56.032622,9.931983,10,16.0,,,"Adelgade 47, 8660 Skanderborg",https://www.q-park.dk/da/parkering/skanderborg/adelgade-47/,DKK
Denmark,Skanderborg,QP04,Adelgade 49A,Q-Park,56.032877,9.931921,14,16.0,,,"Adelgade 49A, 8660 Skanderborg",https://www.q-park.dk/da/parkering/skanderborg/adelgade-49a/,DKK
Denmark,Skanderborg,QP05,Bloms Butikker,Q-Park,56.032483,9.931284,400,,,,"Adelgade 61, 8660 Skanderborg",https://www.q-park.dk/da/parkering/skanderborg/bloms-butikker/,DKK
Denmark,Horsens,QP01,Q-Park Emil Møllers Gade 59-69,Q-Park,55.8675661,9.837777,59,15.0,,,"Emil Møllers Gade 59-69, 8700 Horsens",https://www.q-park.dk/da/parkering/horsens/emil-møllers-gade-59-69/,DKK
Denmark,Horsens,QP02,Q-Park Fabriksvej 2,Q-Park,55.865427,9.8423205,49,16.0,160.0,,"Fabriksvej 2, 8700 Horsens",https://www.q-park.dk/da/parkering/horsens/fabriksvej-2/,DKK
Denmark,Horsens,QP03,Q-Park Godsbanegade 2,Q-Park,55.8656945,9.8407105,52,16.0,,,"Godsbanegade 2, 8700 Horsens",https://www.q-park.dk/da/parkering/horsens/godsbanegade-2/,DKK
Denmark,Horsens,QP04,Q-Park Løvenørnsgade 25,Q-Park,55.860103,9.841328,110,16.0,,,"Løvenørnsgade 25, 8700 Horsens",https://www.q-park.dk/da/parkering/horsens/løvenørnsgade-25/,DKK
Denmark,Horsens,AP01,Levysgade P-hus,APCOA,55.86151271,9.84369041,223,22.0,528.0,True,"Levysgade 8, 8700 Horsens",https://www.apcoa.dk/find-en-p-plads/lokationer/horsens/levysgade-p-hus,DKK
Denmark,Horsens,AP02,Løvenørnsgade 12,APCOA,55.86041162,9.84299287,50,17.0,396.0,True,"Løvenørnsgade 12, 8700 Horsens",https://www.apcoa.dk/find-en-p-plads/lokationer/horsens/loevenoernsgade-12,DKK
Denmark,Horsens,AP03,Jessensgade 1,APCOA,55.86239356,9.84420795,22,22.0,340.0,True,"Jessensgade 1, 8700 Horsens",https://www.apcoa.dk/find-en-p-plads/lokationer/horsens/jessensgade-1,DKK
Denmark,Horsens,AP04,Søndergade 13,APCOA,55.86253,9.846808,14,,,,"Søndergade 13, 8700 Horsens",https://www.apcoa.dk/find-en-p-plads/lokationer/horsens/soendergade-13,DKK
Denmark,Horsens,AP05,"Lilli Gyldenkildes Torv, P-hus",APCOA,55.85923971,9.84442301,102,12.0,,True,"Sønderbrogade 21A, 8700 Horsens",https://www.apcoa.dk/find-en-p-plads/lokationer/horsens/lilli-gyldenkildes-torv-p-hus,DKK
Denmark,Horsens,AP06,Rådhusgade 3-5,APCOA,55.861284,9.848556,15,20.0,480.0,,"Rådhusgade 3, 8700 Horsens",https://www.apcoa.dk/find-en-p-plads/lokationer/horsens/raadhusgade-3-5,DKK
Denmark,Horsens,AP07,Rædersgade 1-3,APCOA,55.8636,9.845964,95,20.0,,,"Rædersgade 1-3, 8700 Horsens",https://www.apcoa.dk/find-en-p-plads/lokationer/horsens/raedersgade-1-3,DKK
Denmark,Horsens,AP08,"Lilli Gyldenkildes Torv, Terræn",APCOA,55.858564,9.84581,384,16.0,,True,"Sankt Helene Vej 20, 8700 Horsens",https://www.apcoa.dk/find-en-p-plads/lokationer/horsens/lilli-gyldenkildes-torv-terraen,DKK
Denmark,Horsens,AP09,Mælketorvets P-hus,APCOA,55.86358244,9.84718118,176,22.0,230.0,,"Rædersgade 9, 8700 Horsens",https://www.apcoa.dk/find-en-p-plads/lokationer/horsens/maelketorvets-p-hus,DKK
Denmark,Horsens,AP10,Rådhustorvet 13-19,APCOA,55.86126662,9.84958783,30,17.0,408.0,,"Rådhustorvet 13-19, 8700 Horsens",https://www.apcoa.dk/find-en-p-plads/lokationer/horsens/raadhustorvet-13-19,DKK
Denmark,Horsens,AP11,Buchwalds Bro,APCOA,55.85810533,9.84378264,70,12.0,288.0,True,"Buchwalds Bro, 8700 Horsens",https://www.apcoa.dk/find-en-p-plads/lokationer/horsens/buchwalds-bro,DKK
Denmark,Horsens,AP12,Blumersgade 3,APCOA,55.85955911,9.83958261,110,12.0,288.0,True,"Blumersgade 3, 8700 Horsens",https://www.apcoa.dk/find-en-p-plads/lokationer/horsens/blumersgade-3,DKK
Denmark,Horsens,AP13,Søndergade 42,APCOA,55.860786,9.850229,30,17.0,,,"Søndergade 42, 8700 Horsens",https://www.apcoa.dk/find-en-p-plads/lokationer/horsens/soendergade-42,DKK
Denmark,Horsens,AP14,Rådhustorvet 4 (Rådhusparken),APCOA,55.85912569,9.84915924,217,19.0,456.0,,"Rådhustorvet 4, 8700 Horsens",https://www.apcoa.dk/find-en-p-plads/lokationer/horsens/raadhustorvet-4-1,DKK
Denmark,Horsens,AP15,Rådhustorvet 4 (J Chr Juliussens Vej 2),APCOA,55.85992016,9.85007681,62,19.0,456.0,,"Rådhustorvet 4, 8700 Horsens",https://www.apcoa.dk/find-en-p-plads/lokationer/horsens/raadhustorvet-4,DKK
Denmark,Horsens,AP16,"AL Bank, Åboulevarden 57",APCOA,55.860708,9.850934,55,20.0,,,"Åboulevarden 57, 8700 Horsens",https://www.apcoa.dk/find-en-p-plads/lokationer/horsens/al-bank-aaboulevarden-57,DKK
Denmark,Horsens,AP17,Nørregade 34,APCOA,55.862591,9.850508,30,29.0,696.0,,"Nørregade 34, 8700 Horsens",https://www.apcoa.dk/find-en-p-plads/lokationer/horsens/noerregade-34,DKK
Denmark,Horsens,AP18,Emilies Plads 2,APCOA,55.859773,9.851364,225,20.0,75.0,,"Emilies Plads 2B, 8700 Horsens",https://www.apcoa.dk/find-en-p-plads/lokationer/horsens/emilies-plads-2,DKK
Denmark,Horsens,AP19,Horsens Sundhedshus,APCOA,55.858653,9.851986,450,15.0,75.0,,"Grønlandsvej 3B, 8700 Horsens",https://www.apcoa.dk/find-en-p-plads/lokationer/horsens/horsens-sundhedshus,DKK
Denmark,Horsens,AP20,Åboulevarden 96,APCOA,55.85973516,9.85374096,15,15.0,360.0,,"Åboulevarden 96, 8700 Horsens",https://www.apcoa.dk/find-en-p-plads/lokationer/horsens/aaboulevarden-96,DKK
Denmark,Horsens,AP21,Holmboes Allé 11,APCOA,55.856412,9.849691,60,,,,"Holmboes Allé 11, 8700 Horsens",https://www.apcoa.dk/find-en-p-plads/lokationer/horsens/holmboes-alle-11,DKK
Denmark,Horsens,AP22,Holmboes Allé 4,APCOA,55.855943,9.848074,65,,,True,"Holmboes Allé 4, 8700 Horsens",https://www.apcoa.dk/find-en-p-plads/lokationer/horsens/holmboes-alle-4,DKK
Denmark,Horsens,AP23,Holmboes Allé 15,APCOA,55.856416,9.849912,120,,,,"Holmboes Allé 15, 8700 Horsens",https://www.apcoa.dk/find-en-p-plads/lokationer/horsens/holmboes-alle-15,DKK
Denmark,Horsens,AP24,Guldberghus,APCOA,55.858952,9.853811,119,,,,"Grønlandsvej 5, 8700 Horsens",https://www.apcoa.dk/find-en-p-plads/lokationer/horsens/guldberghus,DKK
Denmark,Horsens,AP25,Høegh Guldbergsgade 5,APCOA,55.856336,9.853655,150,12.0,288.0,,"Ove Jensens Allé 19D, 8700 Horsens",https://www.apcoa.dk/find-en-p-plads/lokationer/horsens/hoeegh-guldbergsgade-5,DKK
Denmark,Horsens,AP26,Havnen 1,APCOA,55.858832,9.859318,50,19.0,,,"Havnen 1, 8700 Horsens",https://www.apcoa.dk/find-en-p-plads/lokationer/horsens/havnen-1,DKK
Denmark,Horsens,AP27,Gasvej 21,APCOA,55.860168,9.860805,60,12.0,288.0,True,"Gasvej 21, 8700 Horsens",https://www.apcoa.dk/find-en-p-plads/lokationer/horsens/gasvej-21,DKK
Denmark,Horsens,AP28,Nordhavnens P-hus,APCOA,55.859191,9.862477,210,19.0,100.0,True,"Jenny Kammersgaards Vej 40, 8700 Horsens",https://www.apcoa.dk/find-en-p-plads/lokationer/horsens/nordhavnens-p-hus,DKK
Denmark,Horsens,AP29,Jenny Kammersgaards Vej 2a,APCOA,55.85954683,9.8677475,40,17.0,399.0,True,"Jenny Kammersgaards Vej 2a, 8700 Horsens",https://www.apcoa.dk/find-en-p-plads/lokationer/horsens/jenny-kammersgaards-vej-2a,DKK
Denmark,Horsens,AP30,Regionshospitalet Horsens,APCOA,55.863793,9.872654,1050,17.0,78.0,True,"Sundvej 30, 8700 Horsens",https://www.apcoa.dk/find-en-p-plads/lokationer/horsens/regionshospitalet-horsens,DKK
Denmark,Horsens,AP31,Chr. M. Østergaards Vej,APCOA,55.87159134,9.88546051,953,13.0,,,"Chr. M. Østergaards Vej 4, 8700 Horsens",https://www.apcoa.dk/find-en-p-plads/lokationer/horsens/chr-m-oestergaards-vej,DKK
Denmark,Horsens,AP32,Recharge City,APCOA,55.84575404,9.73569554,80,18.0,,,"Kai Lindbergs Vej, 8700 Horsens",https://www.apcoa.dk/find-en-p-plads/lokationer/horsens/recharge-city,DKK
Denmark,Søborg,QP01,Gladsaxevej 386,Q-Park,55.7388409,12.4871892,116,10.0,,,"Gladsaxevej 386, 2860 Søborg",https://www.q-park.dk/da/parkering/s%c3%b8borg/gladsaxevej-386/,DKK
Denmark,Søborg,QP02,Rosenkæret 22,Q-Park,55.738617,12.483442,70,10.0,,,"Rosenkæret 22, 2860 Søborg",https://www.q-park.dk/da/parkering/s%c3%b8borg/rosenk%c3%a6ret-22/,DKK
Denmark,Søborg,QP03,Sydmarken 32,Q-Park,55.733545,12.477678,100,10.0,,,"Sydmarken 32, 2860 Søborg",https://www.q-park.dk/da/parkering/s%c3%b8borg/sydmarken-32/,DKK
Denmark,Søborg,QP04,Tobaksvejen 4B m. flere,Q-Park,55.7405592,12.4832502,120,15.0,,,"Rosendal 1-15 & 2-28, 2860 Søborg","https://www.q-park.dk/da/parkering/s%c3%b8borg/tobaksvejen-4b-m,-d-,-flere/",DKK
Denmark,Søborg,AP01,Søborg Hovedgade 66-70 - Erik Bøghs Alle 1-7,APCOA,55.733891,12.51666,100,,,,"Erik Bøghs Alle 2, 2860 Søborg",https://www.apcoa.dk/find-en-p-plads/lokationer/soeborg/soeborg-hovedegade-66-70-erik-boeghs-alle-1-7,DKK
Denmark,Taastrup,QP01,Q-Park Oldenburg Allé 1-7,Q-Park,55.6429316,12.2728175,300,14.0,,,"Oldenburg Allé 1-7, 2630 Taastrup",https://www.q-park.dk/da/parkering/taastrup/oldenburg-all%c3%a9-1-7/,DKK
Denmark,Taastrup,QP02,Q-Park Spotorno Alle 2-12,Q-Park,55.645543,12.270849,180,30.0,,True,"Spotorno Alle 2-12, 2630 Taastrup",https://www.q-park.dk/da/parkering/taastrup/spotorno-alle-2-12/,DKK
Denmark,Taastrup,QP03,Q-Park Spotorno Alle,Q-Park,55.6431892,12.2717619,40,14.0,,,"Spotorno Alle, 2630 Taastrup",https://www.q-park.dk/da/parkering/taastrup/spotorno-alle/,DKK
Denmark,Taastrup,QP04,Q-Park Telegade 1 - Carl Gustavs Gade 3,Q-Park,55.6480631,12.2738902,32,30.0,,,"Telegade - Carl Gustavs Gade 1 - 3, 2630 Taastrup",https://www.q-park.dk/da/parkering/taastrup/telegade-1---carl-gustavs-gade-3/,DKK
Denmark,Taastrup,APC01,APCOA Taastrup Torv,APCOA,55.651431,12.299923,330,14.0,100.0,,"Taastrup Torv 30, 2630 Taastrup",https://www.apcoa.dk/find-en-p-plads/lokationer/taastrup/taastrup-torv,DKK
Denmark,Taastrup,APC02,APCOA G/F Høje Taastrup Station Nord,APCOA,55.651026,12.267378,300,10.0,240.0,,"Skagensgade 2, 2630 Taastrup",https://www.apcoa.dk/find-en-p-plads/lokationer/taastrup/g/f-hoeje-taastrup-station-nord,DKK
Denmark,Taastrup,APC03,APCOA Bornholms Allé 2,APCOA,55.64623611,12.26741531,194,16.0,154.0,,"Bornholms Allé 2, 2630 Taastrup",https://www.apcoa.dk/find-en-p-plads/lokationer/taastrup/bornholms-alle-2,DKK
Denmark,Taastrup,APC04,APCOA Lemviggade 31,APCOA,55.64801004,12.27895622,900,14.0,,,"Lemviggade 31, 2630 Taastrup",https://www.apcoa.dk/find-en-p-plads/lokationer/taastrup/lemviggade-31,DKK
Denmark,Taastrup,APC05,APCOA Bornholms Alle 14,APCOA,55.64577175,12.2692575,50,30.0,720.0,,"Bornholms Allé 14, 2630 Taastrup",https://www.apcoa.dk/find-en-p-plads/lokationer/taastrup/bornholms-alle-14,DKK
Denmark,Vejle,QP01,Q-Park Bryggen,Q-Park,55.705365,9.529003,700,14.0,,True,"Sønder Torv 2, 7100 Vejle",https://www.q-park.dk/da/parkering/vejle/bryggen/,DKK
Denmark,Vejle,QP02,Q-Park Exxit 59,Q-Park,55.748187,9.588405,580,16.0,175.0,,"Danmarks Transport Center, 7100 Vejle",https://www.q-park.dk/da/parkering/vejle/exxit-59/,DKK
Denmark,Vejle,QP03,Q-Park Fiskergade 2-8,Q-Park,55.706742,9.534296,30,32.0,148.0,,"Fiskergade 2-8, 7100 Vejle",https://www.q-park.dk/da/parkering/vejle/fiskergade-2-8/,DKK
Denmark,Vejle,QP04,Q-Park Viborg Hovedvej 44,Q-Park,55.7820253,9.5750816,50,10.0,50.0,,"Viborg Hovedvej 44, 7100 Vejle",https://www.q-park.dk/da/parkering/vejle/viborg-hovedvej-44/,DKK
Denmark,Vejle,AP01,Grønnegade 17-24,APCOA,55.708501,9.534947,16,22.0,526.0,,"Grønnegade 17-24, 7100 Vejle",https://www.apcoa.dk/find-en-p-plads/lokationer/vejle/groennegade-17-24,DKK
Denmark,Vejle,AP02,Vissingsgade 16-22,APCOA,55.70884331,9.53451379,32,27.0,,,"Vissingsgade 16-22, 7100 Vejle",https://www.apcoa.dk/find-en-p-plads/lokationer/vejle/vissingsgade-16-22,DKK
Denmark,Vejle,AP03,Kirkegade 25,APCOA,55.70813113,9.53532332,46,16.0,,,"Kirkegade 25, 7100 Vejle",https://www.apcoa.dk/find-en-p-plads/lokationer/vejle/kirkegade-25,DKK
Denmark,Vejle,AP04,Dæmningen 23,APCOA,55.709015,9.535784,60,32.0,768.0,True,"Dæmningen 23, 7100 Vejle",https://www.apcoa.dk/find-en-p-plads/lokationer/vejle/daemningen-23,DKK
Denmark,Vejle,AP05,Foldegade 31-39,APCOA,55.70602277,9.53424309,40,25.0,600.0,,"Foldegade 31-39, 7100 Vejle",https://www.apcoa.dk/find-en-p-plads/lokationer/vejle/foldegade-31-39,DKK
Denmark,Vejle,AP06,Havnegade 5-7,APCOA,55.70755954,9.53656164,45,22.0,528.0,,"Havnegade 5-7, 7100 Vejle",https://www.apcoa.dk/find-en-p-plads/lokationer/vejle/havnegade-5-7,DKK
Denmark,Vejle,AP07,Å-centret,APCOA,55.706059,9.530568,110,44.0,500.0,,"Enghavevej 15, 7100 Vejle",https://www.apcoa.dk/find-en-p-plads/lokationer/vejle/aa-centret,DKK
Denmark,Vejle,AP08,Borgvold 12,APCOA,55.7060376,9.53565498,45,22.0,528.0,,"Borgvold 12, 7100 Vejle",https://www.apcoa.dk/find-en-p-plads/lokationer/vejle/borgvold-12,DKK
Denmark,Vejle,AP09,Føtex Nørregade,APCOA,55.710565,9.532292,149,9.0,,,"Nørregade 15-27, 7100 Vejle",https://www.apcoa.dk/find-en-p-plads/lokationer/vejle/foetex-noerregade,DKK
Denmark,Vejle,AP10,Enghavecentret,APCOA,55.706354,9.528951,107,35.0,,,"Enghavevej 9A, 7100 Vejle",https://www.apcoa.dk/find-en-p-plads/lokationer/vejle/enghavecentret,DKK
Denmark,Vejle,AP11,Enghavevej 32,APCOA,55.70657597,9.52780311,60,25.0,600.0,,"Enghavevej 32, 7100 Vejle",https://www.apcoa.dk/find-en-p-plads/lokationer/vejle/enghavevej-32,DKK
Denmark,Vejle,AP12,Gl. Havn / Dæmningen,APCOA,55.704742,9.535246,90,16.0,,,"Gl. Havn/Dæmningen, 7100 Vejle",https://www.apcoa.dk/find-en-p-plads/lokationer/vejle/gl-havn-/-daemningen,DKK
Denmark,Vejle,AP13,Reinholdts Plads,APCOA,55.705269,9.537051,15,23.0,,,"Reinholdts Plads 10, 7100 Vejle",https://www.apcoa.dk/find-en-p-plads/lokationer/vejle/reinholdts-plads,DKK
Denmark,Vejle,AP14,Havneparken 14Q,APCOA,55.70669032,9.5400509,48,14.0,,,"Havneparken 14Q, 7100 Vejle",https://www.apcoa.dk/find-en-p-plads/lokationer/vejle/havneparken-14q,DKK
Denmark,Vejle,AP15,Staldgaardsgade 6-8,APCOA,55.712063,9.535224,16,17.0,408.0,,"Staldgaardsgade 6-8, 7100 Vejle",https://www.apcoa.dk/find-en-p-plads/lokationer/vejle/staldgaardsgade-6-8,DKK
Denmark,Vejle,AP16,Højbanetorvet 15,APCOA,55.711942,9.537127,20,15.0,,,"Højbanetorvet 15, 7100 Vejle",https://www.apcoa.dk/find-en-p-plads/lokationer/vejle/hoejbanetorvet-15,DKK
Denmark,Vejle,AP17,Fredericiagade 1/Sønderbrogade 35,APCOA,55.70315548,9.53201081,30,10.0,240.0,,"Fredericiagade 1/Sønderbrogade 35, 7100 Vejle",https://www.apcoa.dk/find-en-p-plads/lokationer/vejle/fredericiagade-1/soenderbrogade-35,DKK
Denmark,Vejle,AP18,Sjællandsgade 12-16,APCOA,55.704791,9.539834,60,12.0,,,"Sjællandsgade 12-16, 7100 Vejle",https://www.apcoa.dk/find-en-p-plads/lokationer/vejle/sjaellandsgade-12-16,DKK
Denmark,Vejle,AP19,Damhaven 5D,APCOA,55.70359035,9.52837527,4,16.0,370.0,,"Damhaven 5D, 7100 Vejle",https://www.apcoa.dk/find-en-p-plads/lokationer/vejle/damhaven-5d,DKK
Denmark,Vejle,AP20,Ejgil Jensens Vej,APCOA,55.7031247,9.53579844,178,18.0,432.0,,"Ejgil Jensens Vej, 7100 Vejle",https://www.apcoa.dk/find-en-p-plads/lokationer/vejle/ejgil-jensens-vej,DKK
Denmark,Vejle,AP21,Boulevarden 19,APCOA,55.70875048,9.52325331,134,12.0,288.0,,"Boulevarden 19, 7100 Vejle",https://www.apcoa.dk/find-en-p-plads/lokationer/vejle/boulevarden-19,DKK
Denmark,Vejle,AP22,Vesterbrogade 17-19,APCOA,55.71443727,9.53361523,11,12.0,288.0,,"Vesterbrogade 17-19, 7100 Vejle",https://www.apcoa.dk/find-en-p-plads/lokationer/vejle/vesterbrogade-17-19,DKK
Denmark,Vejle,AP23,Havneøens P-hus,APCOA,55.706917,9.552513,298,15.0,120.0,True,"Kahytten 2, 7100 Vejle",https://www.apcoa.dk/find-en-p-plads/lokationer/vejle/havneoeens-p-hus,DKK
Denmark,Vejle,AP24,Horsensvej 72,APCOA,55.71829072,9.56278579,200,15.0,360.0,,"Horsensvej 72, 7100 Vejle",https://www.apcoa.dk/find-en-p-plads/lokationer/vejle/horsensvej-72,DKK
Denmark,Vejle,VK01,P-hus Cronhammar,Vejle Kommune,55.7034731,9.5379696,1000,9.0,38.0,True,"Sjællandsgade 10e, 7100 Vejle",https://www.vejle.dk/da/service-og-selvbetjening/borger/trafik-og-parkering/parkering-og-tilladelser/priser-og-betaling-for-parkering/hvad-koster-det-at-parkere/,DKK
Denmark,Vejle,VK02,P-hus Tróndur,Vejle Kommune,55.710247,9.5374954,273,9.0,38.0,,"Volmersgade 9, 7100 Vejle",https://www.vejle.dk/da/service-og-selvbetjening/borger/trafik-og-parkering/parkering-og-tilladelser/priser-og-betaling-for-parkering/hvad-koster-det-at-parkere/,DKK
Denmark,Vejle,VK03,P-hus Albert,Vejle Kommune,55.711361,9.533307,600,9.0,38.0,,"Ved Anlæget 24, 7100 Vejle",https://www.vejle.dk/da/service-og-selvbetjening/borger/trafik-og-parkering/parkering-og-tilladelser/priser-og-betaling-for-parkering/hvad-koster-det-at-parkere/,DKK
Denmark,Vejle,VK04,Abelones Plads,Vejle Kommune,55.7147775,9.5352393,,6.0,26.0,,"Abelones Plads, 7100 Vejle",https://www.vejle.dk/da/service-og-selvbetjening/borger/trafik-og-parkering/parkering-og-tilladelser/priser-og-betaling-for-parkering/hvad-koster-det-at-parkere/,DKK
Denmark,Albertslund,QP01,Bytorvet 2,Q-Park,55.6561947,12.3531206,25,15.0,150.0,,"Bytorvet 2, 2620 Albertslund",https://www.q-park.dk/da/parkering/albertslund/bytorvet-2/,DKK
Denmark,Albertslund,QP02,Herstedvang 10-14,Q-Park,55.670006,12.368347,150,14.0,,,"Herstedvang 10-14, 2620 Albertslund",https://www.q-park.dk/da/parkering/albertslund/herstedvang-10-14/,DKK
Denmark,Albertslund,QP03,Roskildevej 22,Q-Park,55.6634145,12.3596884,100,50.0,,,"Roskildevej 22, 2620 Albertslund",https://www.q-park.dk/da/parkering/albertslund/roskildevej-22/,DKK
Denmark,Albertslund,AP01,Roskildevej 65,APCOA,55.662258,12.360845,466,12.0,100.0,,"Roskildevej 65, 2620 Albertslund",https://www.apcoa.dk/find-en-p-plads/lokationer/albertslund/roskildevej-65,DKK
Denmark,Albertslund,AP02,"Roskildevej 65, COOP Byen Terræn",APCOA,55.662258,12.360845,100,12.0,100.0,,"Roskildevej 65, COOP Byen Terræn, 2620 Albertslund",https://www.apcoa.dk/find-en-p-plads/lokationer/albertslund/roskildevej-65-coop-byen-terraen,DKK
Denmark,Albertslund,AP03,COOP HQ Personale,APCOA,55.66296127,12.36356361,450,15.0,360.0,,"Roskildevej 65, 2620 Albertslund",https://www.apcoa.dk/find-en-p-plads/lokationer/albertslund/coop-hq-personale,DKK
Denmark,Ballerup,QP01,Borupvang 5C,Q-Park,55.730795,12.380898,94,14.0,,True,"Borupvang 5C, 2750 Ballerup",https://www.q-park.dk/da/parkering/ballerup/borupvang-5c/,DKK
Denmark,Ballerup,QP02,Tempovej 35,Q-Park,55.7237891,12.3732,150,10.0,,,"Tempovej 35, 2750 Ballerup",https://www.q-park.dk/da/parkering/ballerup/tempovej-35/,DKK
Denmark,Ballerup,QP03,Tempovej 42-46,Q-Park,55.7239766,12.3724789,25,15.0,,,"Tempovej 42-46, 2750 Ballerup",https://www.q-park.dk/da/parkering/ballerup/tempovej-42-46/,DKK
Denmark,Ballerup,CP01,Ballerup Centret,CP Parking System,55.7287937,12.357222,1200,20.0,,True,"Ballerup-Centret 2, 2750 Ballerup",https://ballerupcentret.dk/information/parkering,DKK
Denmark,Fredericia,QP01,Q-Park Gefionsvej 29 & Nymarksvej 26-30,Q-Park,55.574567,9.762201,18,,,,"Gefionsvej & Nymarksvej 29 & 26-30, 7000 Fredericia","https://www.q-park.dk/da/parkering/fredericia/gefionsvej-29-,-a-,-nymarksvej-26-30/",DKK
Denmark,Fredericia,QP02,Q-Park Hydra,Q-Park,55.560995,9.754588,309,15.0,120.0,True,"Sønder Voldgade, 7000 Fredericia",https://www.q-park.dk/da/parkering/fredericia/hydra/,DKK
Denmark,Fredericia,QP03,Q-Park Nørrebrogade 30,Q-Park,55.571595,9.750098,7,,,,"Nørrebrogade 30, 7000 Fredericia",https://www.q-park.dk/da/parkering/fredericia/n%c3%b8rrebrogade-30/,DKK
Denmark,Fredericia,AP01,Vendersgade 40-42,APCOA,55.563407,9.754442,,,,,"Vendersgade 40-42, 7000 Fredericia",https://www.apcoa.dk/find-en-p-plads/lokationer/fredericia/vendersgade-40-42,DKK
Denmark,Fredericia,AP02,Oldenborggade 29,APCOA,55.56184682,9.76060178,125,8.0,,,"Oldenborggade 29, 7000 Fredericia",https://www.apcoa.dk/find-en-p-plads/lokationer/fredericia/oldenborggade-29,DKK
Denmark,Fredericia,AP03,"Delmenhorstgade, Carolinelunden",APCOA,55.55802092,9.75984902,130,14.0,,,"Delmenhorstgade, 7000 Fredericia",https://www.apcoa.dk/find-en-p-plads/lokationer/fredericia/delmenhorstgade-carolinelunden,DKK
Denmark,Fredericia,AP04,Vejlevej 6,APCOA,55.569691,9.735581,200,15.0,26.0,,"Vejlevej 6, 7000 Fredericia",https://www.apcoa.dk/find-en-p-plads/lokationer/fredericia/vejlevej,DKK
Denmark,Fredericia,FRK01,Parkeringshus Domus Axel,Fredericia Kommune,55.564916,9.758985,200,,,,"Købmagergade 60, 7000 Fredericia",https://www.fredericia.dk/parkering,DKK
Denmark,Ringsted,QP01,Christian Petersens Gård,Q-Park,55.443386,11.793142,136,5.0,50.0,,"Dagmarsgade/Sct. Hans Gade, 4100 Ringsted",https://www.q-park.dk/da/parkering/ringsted/christian-petersens-g%c3%a5rd/,DKK
Denmark,Ringsted,QP02,Torvet 6,Q-Park,55.445033,11.790062,35,8.0,,,"Torvet 6, 4100 Ringsted",https://www.q-park.dk/da/parkering/ringsted/torvet-6/,DKK
Denmark,Ringsted,QP03,Vestervej 2,Q-Park,55.439315,11.786331,10,10.0,,,"Vestervej 2, 4100 Ringsted",https://www.q-park.dk/da/parkering/ringsted/vestervej-2/,DKK
Denmark,Ringsted,AP01,Ringsted Centret,APCOA,55.446888,11.788826,250,10.0,240.0,,"Nørregade 13, 4100 Ringsted",https://www.apcoa.dk/find-en-p-plads/lokationer/ringsted/ringsted-centret,DKK
Denmark,Ringsted,AP02,Nørregade 27,APCOA,55.44767798,11.78771964,23,10.0,240.0,,"Nørregade 27, 4100 Ringsted",https://www.apcoa.dk/find-en-p-plads/lokationer/ringsted/noerregade-27,DKK
Denmark,Valby,QP01,Carl Jacobsens Vej 29-31,Q-Park,55.654665,12.514739,60,10.0,,,"Carl Jacobsens Vej 29-31, 2500 Valby",https://www.q-park.dk/da/parkering/valby/carl-jacobsens-vej-29-31/,DKK
Denmark,Valby,QP02,"Gammel Køge Landevej 63, 2500 Valby",Q-Park,55.6567357,12.5140845,121,16.0,,,"Gammel Køge Landevej 63, 2500 Valby","https://www.q-park.dk/da/parkering/valby/gammel-k%c3%b8ge-landevej-63,-2500-valby/",DKK
Denmark,Valby,QP03,Panumsvej 1-7,Q-Park,55.660865,12.501933,,20.0,,,"Panumsvej 1-7, 2500 Valby",https://www.q-park.dk/da/parkering/valby/panumsvej-1-7/,DKK
Denmark,Valby,AP01,"Gl. Køge Landevej 39-41,45",APCOA,55.65832353,12.51449866,275,34.0,,,"Gammel Køge Landevej 39-45, 2500 Valby",https://www.apcoa.dk/find-en-p-plads/lokationer/valby/gl-koege-landevej-39-4145,DKK
Denmark,Valby,AP02,Glostervej/Mutzuvej,APCOA,55.653433,12.504034,70,19.0,456.0,,"Glostervej/Mutzuvej, 2500 Valby",https://www.apcoa.dk/find-en-p-plads/lokationer/valby/glostervej/mutzuvej,DKK
Denmark,Valby,AP03,Grønttorvet Terræn,APCOA,55.654736,12.501838,125,17.0,408.0,,"Grønttorvet, 2500 Valby",https://www.apcoa.dk/find-en-p-plads/lokationer/valby/groenttorvet-terraen,DKK
Denmark,Valby,AP04,Grønttorvets parkeringskælder,APCOA,55.65429301,12.50579477,384,17.0,,True,"Grønttorvet, 2500 Valby",https://www.apcoa.dk/find-en-p-plads/lokationer/valby/groenttorvets-parkeringskaelder,DKK
Denmark,Valby,AP05,Hibicus Hus,APCOA,55.656311,12.506109,154,,,,"Ingrid Marievej 47-85, 2500 Valby",https://www.apcoa.dk/find-en-p-plads/lokationer/valby/hibicus-hus,DKK
Denmark,Valby,AP06,Høffdingsvej 32-36,APCOA,55.65737,12.506595,140,22.0,200.0,,"Høffdingsvej 32, 2500 Valby",https://www.apcoa.dk/find-en-p-plads/lokationer/valby/hoeffdingsvej-32-36,DKK
Denmark,Valby,AP07,Ottilia Jacobsens Plads 1,APCOA,55.6669834,12.53123418,84,32.0,,,"Ottilia Jacobsens Plads, 2500 Valby",https://www.apcoa.dk/find-en-p-plads/lokationer/valby/ottilia-jacobsens-plads-1,DKK
Denmark,Valby,AP08,Pakkerivej 10,APCOA,55.6609,12.514193,20,27.0,250.0,,"Pakkerivej 10, 2500 Valby",https://www.apcoa.dk/find-en-p-plads/lokationer/valby/pakkerivej-10,DKK
Denmark,Valby,AP09,Poul Bundgaards vej 5,APCOA,55.65931663,12.50971326,85,27.0,250.0,,"Poul Bundgaards vej 5, 2500 Valby",https://www.apcoa.dk/find-en-p-plads/lokationer/valby/poul-bundgaards-vej-5,DKK
Denmark,Valby,AP10,Retortvej 8B,APCOA,55.65698839,12.49999756,200,12.0,288.0,,"Retortvej 8 B, 2500 Valby",https://www.apcoa.dk/find-en-p-plads/lokationer/valby/retortvej-8b,DKK
Denmark,Valby,AP11,Sdr. Fasanvej 90-94,APCOA,55.668032,12.515764,200,20.0,150.0,,"Søndre Fasanvej 90-94, 2500 Valby",https://www.apcoa.dk/find-en-p-plads/lokationer/valby/sdr-fasanvej-90-94,DKK
Denmark,Valby,AP12,Valby Have,APCOA,55.65664254,12.5124086,190,17.0,408.0,,"Valby Have, 2500 Valby",https://www.apcoa.dk/find-en-p-plads/lokationer/valby/valby-have,DKK
Denmark,Valby,AP13,Valby Maskinfabrik,APCOA,55.658543,12.51358,470,27.0,250.0,,"Kirsten Walthers Vej 1, 2500 Valby",https://www.apcoa.dk/find-en-p-plads/lokationer/valby/valby-maskinfabrik,DKK
Denmark,Valby,AP14,"Valby Maskinfabrik, P-kælder 1",APCOA,55.659151,12.511981,496,27.0,250.0,,"Kirsten Walthers Vej 12, 2500 Valby",https://www.apcoa.dk/find-en-p-plads/lokationer/valby/valby-maskinfabrik-p-kaelder-1,DKK
Denmark,Valby,AP15,"Valby Maskinfabrik, P-kælder 2",APCOA,55.660924,12.513258,85,27.0,240.0,,"Pakkerivej 5, 2500 Valby",https://www.apcoa.dk/find-en-p-plads/lokationer/valby/valby-maskinfabrik-p-kaelder-2,DKK
Denmark,Bagsværd,QP01,Smørmosevej 16,Q-Park,55.7540197,12.4492288,71,50.0,,,"Smørmosevej 16, 2880 Bagsværd",https://www.q-park.dk/da/parkering/bagsv%c3%a6rd/sm%c3%b8rmosevej-16/,DKK
Denmark,Bagsværd,QP02,Vadstrupvej 35-41,Q-Park,55.7589735,12.4492467,120,10.0,,,"Vadstrupvej 35-41, 2880 Bagsværd",https://www.q-park.dk/da/parkering/bagsv%c3%a6rd/vadstrupvej-35-41/,DKK
Denmark,Bagsværd,AP01,Laurentsvej 16,APCOA,55.7594003,12.45167021,57,15.0,,,"Laurentsvej 16, 2880 Bagsværd",https://www.apcoa.dk/find-en-p-plads/lokationer/bagsvaerd/laurentsvej-16,DKK
Denmark,Brønshøj,QP01,Frederikssundsvej 324,Q-Park,55.7128015,12.4717429,100,15.0,150.0,,"Frederikssundsvej 324, 2700 Brønshøj",https://www.q-park.dk/da/parkering/br%c3%b8nsh%c3%b8j/frederikssundsvej-324/,DKK
Denmark,Brønshøj,QP02,Stavnstrupvej 1-3 - Hagestedvej 2-8,Q-Park,55.704463,12.491411,5,20.0,,,"Stavnstrupvej 1-3 - Hagestedvej 2-8, 2700 Brønshøj",https://www.q-park.dk/da/parkering/br%c3%b8nsh%c3%b8j/stavnstrupvej-1-3---hagestedvej-2-08/,DKK
Denmark,Brønshøj,AP01,Frederikssundsvej 266-270,APCOA,55.71022,12.481096,60,25.0,600.0,,"Frederikssundsvej 266-270, 2700 Brønshøj",https://www.apcoa.dk/find-en-p-plads/lokationer/broenshoej/frederikssundsvej-266-270,DKK
Denmark,Brønshøj,AP02,Kobbelvænget 74,APCOA,55.7105327,12.48053179,18,25.0,250.0,,"Kobbelvænget 74, 2700 Brønshøj",https://www.apcoa.dk/find-en-p-plads/lokationer/broenshoej/kobbelvaenget-74,DKK
Denmark,Frederikshavn,QP01,Havnepladsen 7,Q-Park,57.438097,10.538136,46,16.0,130.0,,"Havnepladsen 7, 9900 Frederikshavn",https://www.q-park.dk/da/parkering/frederikshavn/havnepladsen-7/,DKK
Denmark,Frederikshavn,QP02,Tordenskjoldsgade 3,Q-Park,57.4404677,10.5352923,25,12.0,,,"Tordenskjoldsgade 3, 9900 Frederikshavn",https://www.q-park.dk/da/parkering/frederikshavn/tordenskjoldsgade-3/,DKK
Denmark,Frederikshavn,AP01,Parallelvej Matr. 305e,APCOA,57.439044,10.533979,40,10.0,240.0,,"Parallelvej Matr. 305e, 9900 Frederikshavn",https://www.apcoa.dk/find-en-p-plads/lokationer/frederikshavn/parallelvej-matr-305e,DKK
Denmark,Frederikshavn,AP02,Havnepladsen 9,APCOA,57.4379,10.536952,25,11.0,72.0,,"Havnepladsen 9, 9900 Frederikshavn",https://www.apcoa.dk/find-en-p-plads/lokationer/frederikshavn/havnepladsen-9,DKK
Denmark,Frederikshavn,AP03,Danmarksgade 74,APCOA,57.438963,10.535336,10,,,,"Danmarksgade 74A, 9900 Frederikshavn",https://www.apcoa.dk/find-en-p-plads/lokationer/frederikshavn/danmarksgade-74,DKK
Denmark,Frederikshavn,AP04,Havnegade 4-6,APCOA,57.437572,10.535101,,10.0,240.0,,"Havnegade 4-6, 9900 Frederikshavn",https://www.apcoa.dk/find-en-p-plads/lokationer/frederikshavn/havnegade-4-6,DKK
Denmark,Frederikshavn,AP05,Læsøgade 18,APCOA,57.4361902,10.53414791,30,10.0,240.0,,"Læsøgade 18, 9900 Frederikshavn",https://www.apcoa.dk/find-en-p-plads/lokationer/frederikshavn/laesoegade-18,DKK
Denmark,Hellerup,QP01,Sofievej 2-4 & Strandvejen 169-171,Q-Park,55.7327924,12.5740184,65,25.0,,,"Sofievej 2-4 & Strandvejen 169-171, 2900 Hellerup","https://www.q-park.dk/da/parkering/hellerup/sofievej-2-4-,-a-,-strandvejen-169-171/",DKK
Denmark,Hellerup,QP02,Waterfront Shopping,Q-Park,55.726329,12.580058,537,30.0,240.0,True,"Tuborg Havnevej 17, 2900 Hellerup",https://www.q-park.dk/da/parkering/hellerup/waterfront-shopping/,DKK
Denmark,Hellerup,AP01,Tuborg Syd P-kælder,APCOA,55.7245,12.58074,1000,24.0,230.0,,"Philip Heymans Allé 1, 2900 Hellerup",https://www.apcoa.dk/find-en-p-plads/lokationer/hellerup/tuborg-syd-p-kaelder,DKK
Denmark,Hellerup,AP02,Hellerupvej 52 ABC,APCOA,55.733318,12.564114,15,,,,"Hellerupvej 52 A-B-C, 2900 Hellerup",https://www.apcoa.dk/find-en-p-plads/lokationer/hellerup/hellerupvej-52-abc,DKK
Denmark,Hellerup,AP03,Strandvejen 163,APCOA,55.73161351,12.57472359,17,,,,"Strandvejen 163, 2900 Hellerup",https://www.apcoa.dk/find-en-p-plads/lokationer/hellerup/strandvejen-163,DKK
Denmark,Hellerup,AP04,Bakkedraget 8,APCOA,55.72307874,12.58287406,248,10.0,50.0,,"Bakkedraget 8, 2900 Hellerup",https://www.apcoa.dk/find-en-p-plads/lokationer/hellerup/bakkedraget-8,DKK
Denmark,Herlev,QP01,Engløbet 22-82,Q-Park,55.7219782,12.4305833,117,20.0,,,"Engløbet 22-82, 2730 Herlev",https://www.q-park.dk/da/parkering/herlev/engl%C3%B8bet-22-82/,DKK
Denmark,Herlev,QP02,Hørkær 12,Q-Park,55.718995,12.437204,234,,,,"Hørkær 12, 2730 Herlev",https://www.q-park.dk/da/parkering/herlev/h%C3%B8rk%C3%A6r-12/,DKK
Denmark,Herlev,AP01,Herlev Hovedgade 17,APCOA,55.719277,12.450735,,,,,"Herlev Hovedgade 17, 2730 Herlev",https://www.apcoa.dk/find-en-p-plads/lokationer/herlev/herlev-hovedgade-17,DKK
Denmark,Herlev,AP02,Hørkær 1-3,APCOA,55.7204004,12.43159388,,16.0,384.0,,"Hørkær 1-3, 2730 Herlev",https://www.apcoa.dk/find-en-p-plads/lokationer/herlev/hoerkaer-1-3,DKK
Denmark,Herlev,AP03,Hørkær 17,APCOA,55.718276,12.437621,100,16.0,384.0,,"Hørkær 17, 2730 Herlev",https://www.apcoa.dk/find-en-p-plads/lokationer/herlev/hoerkaer-17,DKK
Denmark,Herlev,AP04,Hørkær 8,APCOA,55.71984348,12.4345613,,16.0,160.0,,"Hørkær 8, 2730 Herlev",https://www.apcoa.dk/find-en-p-plads/lokationer/herlev/hoerkaer-8,DKK
Denmark,Herlev,CP01,Herlev Bymidte Center,CP Parking System,55.723627,12.439253,,20.0,,True,"Herlev Torv 2, 2730 Herlev",https://herlevbymidtecenter.dk/parkering/,DKK
Denmark,Hjørring,QP01,Q-Park Banegårdspladsen 3,Q-Park,57.4565765,9.9842146,12,12.0,120.0,,"Banegårdspladsen 3, 9800 Hjørring",https://www.q-park.dk/da/parkering/hjørring/banegårdspladsen-3/,DKK
Denmark,Hjørring,QP02,Q-Park Parallelvej og Markedsgade,Q-Park,57.4569212,9.9926108,100,12.0,,,"Parallelvej og Markedsgade, 9800 Hjørring",https://www.q-park.dk/da/parkering/hjørring/parallelvej-og-markedsgade/,DKK
Denmark,Aabyhøj,QP01,Q-Park Sylbækvej 34,Q-Park,56.14305,10.1422674,8,12.0,,,"Sylbækvej 34, 8230 Aabyhøj",https://www.q-park.dk/da/parkering/aabyhøj/sylbækvej-34/,DKK
Denmark,Aabyhøj,APC01,APCOA Søren Frichs vej 38 A,APCOA,56.15264385,10.17750494,792,18.0,432.0,,"Søren Frichs Vej 38 A, 8230 Åbyhøj",https://www.apcoa.dk/find-en-p-plads/lokationer/aabyhoej/soeren-frichs-vej-38-a,DKK
Denmark,Aabyhøj,APC02,APCOA Klamsagervej 19-31 & 35,APCOA,56.14233293,10.15215281,287,15.0,360.0,,"Klamsagervej 19-35, 8230 Åbyhøj",https://www.apcoa.dk/find-en-p-plads/lokationer/aabyhoej/klamsagervej-19-31-35,DKK
Denmark,Birkerød,QP01,Q-Park Bregnerødvej 127 / Pilehøj Vænge,Q-Park,55.8385683,12.4038338,61,10.0,,,"Bregnerødvej 127, 3460 Birkerød",https://www.q-park.dk/da/parkering/birkerød/bregnerødvej-127-/-pilehøj-vænge/,DKK
Denmark,Blokhus,QP01,Q-Park Aalborgvej 9,Q-Park,57.2518543,9.586627,30,12.0,,,"Aalborgvej 9, 9492 Blokhus",https://www.q-park.dk/da/parkering/blokhus/aalborgvej-9/,DKK
Denmark,Brabrand,QP01,Q-Park Emmasvej 1 og 2,Q-Park,56.158462,10.129202,63,14.0,,,"Emmasvej, 8220 Brabrand",https://www.q-park.dk/da/parkering/brabrand/emmasvej-1-og-2/,DKK
Denmark,Ebeltoft,QP01,Q-Park Færgevejen 60,Q-Park,56.154491,10.669839,100,14.0,100.0,,"Færgevejen 60, 8400 Ebeltoft",https://www.q-park.dk/da/parkering/ebeltoft/færgevejen-60/,DKK
Denmark,Esbjerg,QP01,"Q-Park Fanølinjen, Esbjerg Havn",Q-Park,55.4610802,8.4395075,350,14.0,140.0,True,"Fanølinjen, Esbjerg Havn, 6700 Esbjerg","https://www.q-park.dk/da/parkering/esbjerg/fanølinjen,-esbjerg-havn/",DKK
Denmark,Esbjerg,APC01,APCOA Kongensgade 44-48,APCOA,55.465761,8.45116,46,12.0,,,"Kongensgade 44-48, 6700 Esbjerg",https://www.apcoa.dk/find-en-p-plads/lokationer/esbjerg/kongensgade-44-48,DKK
Denmark,Esbjerg,APC02,APCOA Borgergade 38,APCOA,55.465155,8.452109,35,14.0,336.0,,"Borgergade 38, 6700 Esbjerg",https://www.apcoa.dk/find-en-p-plads/lokationer/esbjerg/borgergade-38,DKK
Denmark,Esbjerg,APC03,APCOA Havnegade 37,APCOA,55.465058,8.450271,62,8.0,192.0,,"Havnegade 37E, 6700 Esbjerg",https://www.apcoa.dk/find-en-p-plads/lokationer/esbjerg/havnegade-37,DKK
Denmark,Esbjerg,APC04,APCOA Borgergade 12,APCOA,55.464976,8.455193,35,12.0,,True,"Borgergade 12, 6700 Esbjerg",https://www.apcoa.dk/find-en-p-plads/lokationer/esbjerg/borgergade-12,DKK
Denmark,Esbjerg,APC05,APCOA Kongensgade 70,APCOA,55.46565557,8.44806128,60,12.0,288.0,,"Kongensgade 70, 6700 Esbjerg",https://www.apcoa.dk/find-en-p-plads/lokationer/esbjerg/kongensgade-70,DKK
Denmark,Esbjerg,APC06,APCOA Kongensgade 61,APCOA,55.46693546,8.44740559,17,14.0,,,"Kongensgade 61, 6700 Esbjerg",https://www.apcoa.dk/find-en-p-plads/lokationer/esbjerg/kongensgade-61,DKK
Denmark,Esbjerg,APC07,APCOA Kronprinsensgade 12-16,APCOA,55.466366,8.445376,4,10.0,240.0,,"Kronprinsensgade 12-16, 6700 Esbjerg",https://www.apcoa.dk/find-en-p-plads/lokationer/esbjerg/kronprinsensgade-12-16,DKK
Denmark,Esbjerg,APC08,APCOA BROEN SHOPPING,APCOA,55.467987,8.460024,,,,,"BROEN SHOPPING, 6700 Esbjerg",https://www.apcoa.dk/find-en-p-plads/lokationer/esbjerg/broen-shopping,DKK
Denmark,Esbjerg,APC09,APCOA Stormgade 39,APCOA,55.46972591,8.44455045,20,12.0,288.0,,"Stormgade 39, 6700 Esbjerg",https://www.apcoa.dk/find-en-p-plads/lokationer/esbjerg/stormgade-39,DKK
Denmark,Esbjerg,APC10,APCOA Willemoesgade 2,APCOA,55.467277,8.440416,90,8.0,192.0,,"Willemoesgade 2, 6700 Esbjerg",https://www.apcoa.dk/find-en-p-plads/lokationer/esbjerg/willemoesgade-2,DKK
Denmark,Esbjerg,EK01,P-huset Danmarksgade,Esbjerg Kommune,55.467937,8.450563,369,12.0,,,"Danmarksgade 53, 6700 Esbjerg",https://www.esbjergcity.dk/info/parkering/,DKK
Denmark,Esbjerg,EK02,P-huset Borgergade,Esbjerg Kommune,55.465372,8.449333,93,12.0,,,"Borgergade 60, 6700 Esbjerg",https://www.esbjergcity.dk/info/parkering/,DKK
Denmark,Frederikssund,QP01,Q-Park Bløden 43,Q-Park,55.837413,12.064093,,13.0,,,"Bløden 43, 3600 Frederikssund",https://www.q-park.dk/da/parkering/frederikssund/bløden-43/,DKK
Denmark,Frederikssund,APC01,APCOA Ny Østergade 11,APCOA,55.84067151,12.06536755,18,15.0,,,"Ny Østergade 11, 3600 Frederikssund",https://www.apcoa.dk/find-en-p-plads/lokationer/frederikssund/ny-oestergade-11,DKK
Denmark,Frederikssund,APC02,APCOA Ny Østergade 5-7 / Tværstræde 14,APCOA,55.840177,12.063672,25,12.0,55.0,,"Tværstræde 14, 3600 Frederikssund",https://www.apcoa.dk/find-en-p-plads/lokationer/frederikssund/ny-oestergade-5-7-/-tvaerstraede-14,DKK
Denmark,Frederikssund,APC03,APCOA Falkenborggården 1-7,APCOA,55.83868061,12.06528328,120,12.0,60.0,,"Falkenborggården 1-7, 3600 Frederikssund",https://www.apcoa.dk/find-en-p-plads/lokationer/frederikssund/falkenborggaarden-1-7,DKK
Denmark,Frederikssund,APC04,APCOA Nygade 8,APCOA,55.83647042,12.06375456,29,10.0,240.0,,"Nygade 8, 3600 Frederikssund",https://www.apcoa.dk/find-en-p-plads/lokationer/frederikssund/nygade-8,DKK
Denmark,Frederikssund,APC05,APCOA Sillebroen Shopping,APCOA,55.834701,12.064994,800,12.0,,,"Nygade 1, 3600 Frederikssund",https://www.apcoa.dk/find-en-p-plads/lokationer/frederikssund/sillebroen-shopping,DKK
Denmark,Gentofte,QP01,Baunegårdsvej 7A,Q-Park,55.7461074,12.5423859,45,15.0,90.0,,"Baunegårdsvej 7A, 2820 Gentofte",https://www.q-park.dk/da/parkering/gentofte/baunegårdsvej-7a/,DKK
Denmark,Gentofte,AP01,Gentoftegade 50-52,APCOA,55.747486,12.540815,16,,,,"Gentoftegade 50-52, 2820 Gentofte",https://www.apcoa.dk/find-en-p-plads/lokationer/gentofte/gentoftegade-50-52,DKK
Denmark,Glostrup,QP01,Smedeland 7,Q-Park,55.680217,12.389886,100,12.0,,,"Smedeland 7, 2600 Glostrup",https://www.q-park.dk/da/parkering/glostrup/smedeland-7/,DKK
Denmark,Glostrup,SP01,Glostrup Shoppingcenter,SikkerParkering,55.665991,12.400423,650,16.0,,True,"Hovedvejen 81, 2600 Glostrup",https://glostrupshoppingcenter.dk/information/parkering,DKK
Denmark,Grenaa,QP01,Kattegatcentret,Q-Park,56.406288,10.925897,400,,25.0,True,"Færgevej 4, 8500 Grenaa",https://www.q-park.dk/da/parkering/grenaa/kattegatcentret/,DKK
Denmark,Greve Strand,QP01,Hundige Strandvej 192-194,Q-Park,55.585083,12.3182612,20,8.0,,,"Hundige Strandvej 192-194, 2670 Greve Strand",https://www.q-park.dk/da/parkering/greve-strand/hundige-strandvej-192-194/,DKK
Denmark,Hadsund,QP01,Havblik 2 Øster Hurup,Q-Park,56.8065432,10.2724942,37,14.0,,,"Havblik 2, Øster Hurup, 9560 Hadsund","https://www.q-park.dk/da/parkering/hadsund/havblik-4,-øster-hurup/",DKK
Denmark,Holbæk,QP01,Kasernevej 45-75 og Anders Larsensvej 11-13,Q-Park,55.713933,11.724823,65,8.0,150.0,,"Kasernevej 49-75, 4300 Holbæk",https://www.q-park.dk/da/parkering/holbæk/kasernevej-45-75-og-anders-larsensvej-11-13/,DKK
Denmark,Holbæk,AP01,Ahlgade 61-63,APCOA,55.71697,11.715559,50,,,,"Ahlgade 61-63, 4300 Holbæk",https://www.apcoa.dk/find-en-p-plads/lokationer/holbaek/ahlgade-61-63,DKK
Denmark,Holme-Olstrup,QP01,Glasværksvej 53,Q-Park,55.2842986,11.8179572,300,,,,"Glasværksvej 53, 4684 Holme-Olstrup",https://www.q-park.dk/da/parkering/holme-olstrup/glasværksvej-53/,DKK
Denmark,Holstebro,QP01,Færchhuset,Q-Park,56.3577857,8.6208838,110,10.0,65.0,,"Østergade og Lille Østergade 10 og 4-6, 7500 Holstebro",https://www.q-park.dk/da/parkering/holstebro/f%c3%a6rchhuset/,DKK
Denmark,Holstebro,QP02,Lille Østergade 8A,Q-Park,56.3574933,8.6198842,6,10.0,65.0,,"Lille Østergade 8A, 7500 Holstebro",https://www.q-park.dk/da/parkering/holstebro/lille-%c3%b8stergade-8a/,DKK
Denmark,Kalundborg,QP01,Klosterparkvej 20-22,Q-Park,55.6842152,11.0870147,20,10.0,,,"Klosterparkvej 20-22, 4400 Kalundborg",https://www.q-park.dk/da/parkering/kalundborg/klosterparkvej-20-22/,DKK
Denmark,Kalundborg,AP01,Nytorv 2A,APCOA,55.677903,11.095715,13,10.0,240.0,,"Nytorv 2A, 4400 Kalundborg",https://www.apcoa.dk/find-en-p-plads/lokationer/kalundborg,DKK
Denmark,Karrebæksminde,QP01,Enø Kystvej 55,Q-Park,55.1751002,11.6552951,60,10.0,,,"Enø Kystvej 55, 4736 Karrebæksminde",https://www.q-park.dk/da/parkering/karreb%c3%a6ksminde/en%c3%b8-kystvej-55/,DKK
Denmark,Kastrup,QP01,Bryggergården 1-21,Q-Park,55.637023,12.654527,28,20.0,,,"Bryggergården, 2770 Kastrup",https://www.q-park.dk/da/parkering/kastrup/bryggerg%c3%a5rden-1-21/,DKK
Denmark,Kastrup,AP01,Tømmerup Stationsvej 10,APCOA,55.615906,12.631119,50,,,,"Tømmerup Stationsvej 10, 2770 Kastrup",https://www.apcoa.dk/find-en-p-plads/lokationer/kastrup,DKK
Denmark,Kastrup,AP02,Copenhagen Go Hotel,APCOA,55.664172,12.624585,100,14.0,90.0,,"Lergravsvej 53, 2300 København S",https://www.apcoa.dk/find-en-p-plads/lokationer/kastrup,DKK
Denmark,Kastrup,AP03,Amager Strandvej 401,APCOA,55.635308,12.654718,30,20.0,250.0,,"Amager Strandvej 401, 2770 Kastrup",https://www.apcoa.dk/all-locations-by-city/kastrup/amager-strandvej-401/,DKK
Denmark,Kastrup,AP04,Amager Strandvej 401-403,APCOA,55.636002,12.654422,55,15.0,360.0,,"Amager Strandvej 401-403, 2770 Kastrup",https://www.apcoa.dk/all-locations-by-city/kastrup/amager-strandvej-401-403/,DKK
Denmark,Kastrup,AP05,"Scanport, Amager Strandvej ved Kastrup Lufthavn",APCOA,55.6339022,12.6531674,300,15.0,,,"Amager Strandvej 399-405, 2770 Kastrup",https://www.apcoa.dk/all-locations-by-city/kastrup/scanport-amager-strandvej-ved-kastrup-lufthavn/,DKK
Denmark,Kastrup,AP06,Kajakvej ved Havnepladsen,APCOA,55.637465,12.6539809,83,15.0,120.0,,"Kajakvej, 2770 Kastrup",https://www.apcoa.dk/all-locations-by-city/kastrup/kajakvej-ved-havnepladsen/,DKK
Denmark,Kastrup,AP07,Den Blå Planet,APCOA,55.6381433,12.6560998,575,,,,"Jacob Fortlingsvej, 2770 Kastrup",https://www.apcoa.dk/all-locations-by-city/kastrup/den-blaa-planet/,DKK
Denmark,Køge,QP01,Bag Haverne 5-7,Q-Park,55.4550152,12.1847111,40,10.0,,,"Bag Haverne 5-7, 4600 Køge","https://www.q-park.dk/da/parkering/k%c3%b8ge/brogade,-d-,-bag-haverne-matr,-d-,-233a,-231b,-233c/",DKK
Denmark,Køge,AP01,Strædet Køge P-kælder,APCOA,55.459551,12.18614,500,10.0,,,"Rådhusstræde 12B, 4600 Køge",https://www.apcoa.dk/all-locations-by-city/koege/straedet-koege-p-kaelder/,DKK
Denmark,Køge,KK01,Søndre Molevej Parkeringshus,Køge Kommune,55.452064,12.193678,280,10.0,,,"Søndre Molevej, 4600 Køge",https://www.koege.dk/om-koege-kommune/presse-og-kommunikation/nyheder-og-aktuelt/nyheder/parkeringshuset-paa-soendre-havn-aabner-fredag-den-28-november,DKK
Denmark,Køge,CP01,Bag Haverne (Køge Kyst),CP Parking,55.4553913,12.1842947,,10.0,,,"Bag Haverne, 4600 Køge",https://koegekyst.dk/byen/parkering/,DKK
Denmark,Køge,CP02,Collstropgrunden (Køge Kyst),CP Parking,55.4584103,12.1874503,,10.0,,,"Østre Banevej, 4600 Køge",https://koegekyst.dk/byen/parkering/,DKK
Denmark,Korsør,QP01,Algade 29,Q-Park,55.328016,11.138422,52,6.0,,,"Algade 29, 4220 Korsør",https://www.q-park.dk/da/parkering/kors%c3%b8r/algade-29/,DKK
Denmark,Middelfart,QP01,Birke Allé 15-23,Q-Park,55.505411,9.723414,58,8.0,80.0,,"Birke Allé 15-23, 5500 Middelfart",https://www.q-park.dk/da/parkering/middelfart/birke-all%c3%a9-15-23/,DKK
Denmark,Middelfart,QP02,Middelfart Midtpunkt,Q-Park,55.502351,9.735058,110,8.0,132.0,,"Jernbanegade 75-77, 5500 Middelfart",https://www.q-park.dk/da/parkering/middelfart/middelfart-midtpunkt/,DKK
Denmark,Nørre-Alslev,QP01,Cargovej 4,Q-Park,54.899253,11.8936652,40,,,,"Cargovej 4, 4840 Nørre-Alslev",https://www.q-park.dk/da/parkering/n%c3%b8rre-alslev/cargovej-4/,DKK
Denmark,Nykøbing F,QP01,Nygade 14A,Q-Park,54.765516,11.87061,35,10.0,60.0,,"Nygade 14A, 4800 Nykøbing F",https://www.q-park.dk/da/parkering/nyk%c3%b8bing-f/nygade/,DKK
Denmark,Nykøbing F,QP02,Slotsbryggen 5 - 19,Q-Park,54.771841,11.865159,65,15.0,,,"Slotsbryggen 5 - 19, 4800 Nykøbing F",https://www.q-park.dk/da/parkering/nyk%c3%b8bing-f/slotsbryggen-5---19/,DKK
Denmark,Nykøbing F,AP01,Langgade 6-12,APCOA,54.767345,11.865836,60,,,,"Langgade 6-12, 4800 Nykøbing F",https://www.apcoa.dk/find-en-p-plads/lokationer/nykoebing-f/langgade-6-12,DKK
Denmark,Nykøbing F,AP02,Hospitalsvej 8,APCOA,54.77846121,11.86518771,34,12.0,288.0,,"Hospitalsvej 8, 4800 Nykøbing F",https://www.apcoa.dk/find-en-p-plads/lokationer/nykoebing-f/hospitalsvej-8,DKK
Denmark,Padborg,QP01,Industrivej 20,Q-Park,54.8312209,9.3516761,11,,70.0,,"Industrivej 20, 6330 Padborg",https://www.q-park.dk/da/parkering/padborg/industrivej-20/,DKK
Denmark,Ringe,QP01,Centrumpladsen 2,Q-Park,55.2366073,10.478461,30,10.0,,,"Centrumpladsen 2, 5750 Ringe",https://www.q-park.dk/da/parkering/ringe/centrumpladsen-2/,DKK
Denmark,Roskilde,QP01,Algade 4,Q-Park,55.6403159,12.0822834,91,15.0,,,"Algade 4, 4000 Roskilde",https://www.q-park.dk/da/parkering/roskilde/algade-4/,DKK
Denmark,Roskilde,AP01,Læderstræde 4,APCOA,55.640131,12.08252,40,17.0,396.0,,"Læderstræde 4, 4000 Roskilde",https://www.apcoa.dk/find-en-p-plads/lokationer/roskilde/laederstraede-4,DKK
Denmark,Roskilde,AP02,Trekroner Butikscenter,APCOA,55.648464,12.131647,80,15.0,,,"Trekroner Centervej 51, 4000 Roskilde",https://www.apcoa.dk/find-en-p-plads/lokationer/roskilde/trekroner-butikscenter,DKK
Denmark,Roskilde,AP03,Algade 10,APCOA,55.640265,12.083162,16,15.0,,,"Algade 10, 4000 Roskilde",https://www.apcoa.dk/find-en-p-plads/lokationer/roskilde/algade-10,DKK
Denmark,Roskilde,AP04,Algade 12,APCOA,55.640305,12.083459,44,15.0,,,"Algade 12, 4000 Roskilde",https://www.apcoa.dk/find-en-p-plads/lokationer/roskilde/algade-12,DKK
Denmark,Roskilde,AP05,Algade 18,APCOA,55.640561,12.085435,20,10.0,240.0,,"Algade 18, 4000 Roskilde",https://www.apcoa.dk/find-en-p-plads/lokationer/roskilde/algade-18,DKK
Denmark,Sjællands Odde,QP01,Odden Færgehavn - Oddenvej 388,Q-Park,55.976136,11.301721,100,21.0,200.0,,"Oddenvej 388, 4583 Sjællands Odde",https://www.q-park.dk/da/parkering/sj%c3%a6llands-odde/odden-f%c3%a6rgehavn---oddenvej-388/,DKK
Denmark,Skagen,QP01,Skagen Gl. Station - Sct. Laurentii Vej 20A - 20B,Q-Park,57.723746,10.592381,38,18.0,,True,"Skagen Gl. Station - Sct. Laurentii Vej 20A - 20B, 9990 Skagen","https://www.q-park.dk/da/parkering/skagen/skagen-gl,-d-,-station---sct,-d-,-laurentii-vej-20a---20b/",DKK
Denmark,Skagen,AP01,Auktionsvej 2,APCOA,57.7195258,10.58909057,131,20.0,480.0,,"Auktionsvej 2, 9990 Skagen",https://www.apcoa.dk/find-en-p-plads/lokationer/skagen/auktionsvej-2,DKK
Denmark,Skagen,AP02,Stålkajen,APCOA,57.71569973,10.58577808,56,16.0,384.0,,"Stålkajen, 9990 Skagen",https://www.apcoa.dk/find-en-p-plads/lokationer/skagen/staalkajen,DKK
Denmark,Skive,QP01,Q-Park Østergade 1,Q-Park,56.567506,9.027877,40,20.0,,,"Østergade 1, 7800 Skive",https://www.q-park.dk/da/parkering/skive/østergade-1/,DKK
Denmark,Slangerup,QP01,Q-Park Kongensgade 1,Q-Park,55.8443551,12.1714767,30,7.0,,,"Kongensgade 1, 3550 Slangerup",https://www.q-park.dk/da/parkering/slangerup/kongensgade-1/,DKK
Denmark,Stege,QP01,Q-Park Storegade 75,Q-Park,54.987184,12.288305,15,,30.0,,"Storegade 75, 4780 Stege",https://www.q-park.dk/da/parkering/stege/storegade-75/,DKK
Denmark,Thisted,QP01,Q-Park Nytorv 2,Q-Park,56.955335,8.69259,12,10.0,,,"Nytorv 2, 7700 Thisted",https://www.q-park.dk/da/parkering/thisted/nytorv-2/,DKK
Denmark,Thisted,AP01,J.P. Jacobsen Center,APCOA,56.954058,8.692125,220,,,,"Store Torv 2D, 7700 Thisted",https://www.apcoa.dk/find-en-p-plads/lokationer/thisted/jp-jacobsen-center,DKK
Denmark,Thisted,AP02,P-Kælder v/ Rema 1000,APCOA,56.955249,8.687754,13,,,,"Rosenkrantzgade, 7700 Thisted",https://www.apcoa.dk/find-en-p-plads/lokationer/thisted/p-kaelder-v/-rema-1000,DKK
Denmark,Tønder,QP01,Q-Park Kongevej 16,Q-Park,54.9355571,8.8630471,40,10.0,,,"Kongevej 16, 6270 Tønder",https://www.q-park.dk/da/parkering/tønder/kongevej-16/,DKK
Denmark,Vallensbæk,QP01,Q-Park Dagmarhaven 34-42/Vejlesvinget 8,Q-Park,55.6236582,12.3792917,80,18.0,180.0,,"Dagmarhaven/Vejlesvinget 34-42/8, 2665 Vallensbæk",https://www.q-park.dk/da/parkering/vallensbæk/dagmarhaven-34-42/vejlesvinget-8/,DKK
Denmark,Vallensbæk,OP01,Vallensbæk Stationstorv,Oparko,55.62444,12.388741,,,,,"Vallensbæk Stationstorv 1, 2665 Vallensbæk Strand",https://www.vallensbaek.dk/nyheder/2025/jan/nu-er-der-nye-parkeringsregler-i-vallensbaek-stationscenter,DKK
Denmark,Vanløse,QP01,Q-Park Kastanie Allé 18-20,Q-Park,55.6840899,12.4901855,12,15.0,,,"Kastanie Allé 18-20, 2720 Vanløse",https://www.q-park.dk/da/parkering/vanløse/kastanie-allé-18-20/,DKK
Denmark,Vanløse,AP01,Vanløse Allé 79,APCOA,55.68858705,12.49475617,21,15.0,,,"Vanløse Allé 79, 2720 Vanløse",https://www.apcoa.dk/find-en-p-plads/lokationer/vanloese/vanloese-alle-79,DKK
Denmark,Viborg,QP01,Q-Park Reberbanen 11A,Q-Park,56.453108,9.40948,22,,30.0,,"Reberbanen 11A, 8800 Viborg",https://www.q-park.dk/da/parkering/viborg/reberbanen-11a/,DKK
Denmark,Viborg,QP02,Q-Park Sct. Mathias Gade 3,Q-Park,56.450498,9.403508,45,10.0,,,"Sct. Mathias Gade 3, 8800 Viborg","https://www.q-park.dk/da/parkering/viborg/sct,-d-,-mathias-gade-3/",DKK
Denmark,Viborg,AP01,Gl. Århusvej 19,APCOA,56.44195278,9.40383573,20,12.0,288.0,,"Gl. Århusvej 19, 8800 Viborg",https://www.apcoa.dk/find-en-p-plads/lokationer/viborg/gl-aarhusvej-19,DKK
Denmark,Viborg,AP02,Jernbanegade 19,APCOA,56.4491588,9.40131593,2,12.0,288.0,,"Jernbanegade 19, 8800 Viborg",https://www.apcoa.dk/find-en-p-plads/lokationer/viborg/jernbanegade-19,DKK
Denmark,Viborg,AP03,Tingvej 10,APCOA,56.45420114,9.40485491,150,12.0,288.0,,"Tingvej 10, 8800 Viborg",https://www.apcoa.dk/find-en-p-plads/lokationer/viborg/tingvej-10,DKK
Denmark,Viborg,AP04,Vesterbrogade 7,APCOA,56.44960189,9.4008657,46,12.0,288.0,,"Vesterbrogade 7, 8800 Viborg",https://www.apcoa.dk/find-en-p-plads/lokationer/viborg/vesterbrogade-7,DKK
Denmark,Viborg,AP05,Viborg Baneby Gadeparkering,APCOA,56.44622347,9.39169902,7,13.5,67.5,,"Erik Ejegods Vej 22, 8800 Viborg",https://www.apcoa.dk/find-en-p-plads/lokationer/viborg/viborg-baneby-gadeparkering,DKK
Denmark,Viborg,AP06,Viborg Baneby P-hus,APCOA,56.44607048,9.39128867,193,13.5,67.5,,"Erik Ejegods Vej 22, 8800 Viborg",https://www.apcoa.dk/find-en-p-plads/lokationer/viborg/viborg-baneby-p-hus,DKK
Denmark,Viborg,AP07,Viborg Baneby Terræn,APCOA,56.44612343,9.39115968,200,18.0,108.0,,"Erik Ejegods Vej, 8800 Viborg",https://www.apcoa.dk/find-en-p-plads/lokationer/viborg/viborg-baneby-terraen,DKK
Denmark,Viborg,AP08,Vilhelm Ehlerts Alle 6,APCOA,56.44464035,9.39356405,150,15.0,360.0,,"Vilhelm Ehlerts Alle 6, 8800 Viborg",https://www.apcoa.dk/find-en-p-plads/lokationer/viborg/vilhelm-ehlerts-alle-6,DKK
Denmark,Viby J,QP01,Q-Park Skanderborgvej 200,Q-Park,56.127389,10.159696,28,14.0,,,"Skanderborgvej 200, 8260 Viby J",https://www.q-park.dk/da/parkering/viby-j/skanderborgvej-200/,DKK
Denmark,Viby J,AP01,Skanderborgvej 212,APCOA,56.12636293,10.15875297,25,15.0,360.0,,"Skanderborgvej 212, 8260 Viby J",https://www.apcoa.dk/find-en-p-plads/lokationer/viby-j/skanderborgvej-212,DKK
France,Paris,QP01,Marceau - Champs-Elysées,Q-Park,48.8717623,2.2967282,510,6.6,54.45,True,"77 Avenue Marceau, 75008 Paris",https://www.q-park.fr/fr-fr/villes/paris/marceau-champs-elys%c3%a9es/,EUR
France,Paris,QP02,Edouard VII - Haussmann,Q-Park,48.871539,2.328393,339,5.0,45.0,,"16 Rue Bruno Coquatrix, 75009 Paris",https://www.q-park.fr/fr-fr/villes/paris/edouard-vii-olympia-haussmann/,EUR
France,Paris,QP03,Marais Lobau Notre Dame,Q-Park,48.85612,2.35336,828,5.6,50.4,True,"4 Rue Lobau, 75004 Paris",https://www.q-park.fr/fr-fr/villes/paris/lobau/,EUR
France,Paris,QP04,Meyerbeer Opéra,Q-Park,48.8713,2.33407,813,5.15,42.3,True,"4 Rue de la Chaussée d'Antin, 75009 Paris",https://www.q-park.fr/fr-fr/villes/paris/meyerbeer-opera/,EUR
France,Paris,QP05,Philharmonie,Q-Park,48.8904483,2.3954284,564,4.6,35.2,,"185 Boulevard Sérurier, 75019 Paris",https://www.q-park.fr/fr-fr/villes/paris/philharmonie/,EUR
France,Paris,QP06,Daumesnil - Gare de Lyon,Q-Park,48.8444084,2.3818924,337,5.7,49.0,,"6 Rue de Rambouillet, 75012 Paris",https://www.q-park.fr/fr-fr/villes/paris/gare-de-lyon/,EUR
France,Paris,QP07,Rivoli Pont Neuf - Samaritaine,Q-Park,48.8592418,2.3433341,387,7.2,55.0,True,"2 Rue du Boucher, 75001 Paris",https://www.q-park.fr/fr-fr/villes/paris/rivoli-pont-neuf/,EUR
France,Paris,QP08,Anvers - Montmartre - Sacré Coeur,Q-Park,48.8826801,2.3440288,612,5.15,46.0,True,"41 Boulevard de Rochechouart, 75009 Paris",https://www.q-park.fr/fr-fr/villes/paris/anvers/,EUR
France,Paris,QP09,Tour Maubourg,Q-Park,48.862368,2.30971,440,6.15,50.75,True,"45 Quai d'Orsay, 75007 Paris",https://www.q-park.fr/fr-fr/villes/paris/tour-maubourg/,EUR
France,Paris,QP10,Saint-Placide - Sèvres - rue de Rennes,Q-Park,48.84883,2.32554,452,,,,"33 Rue Saint-Placide, 75006 Paris",https://www.q-park.fr/fr-fr/villes/paris/saint-placide-s%c3%a8vres-rue-de-rennes/,EUR
France,Paris,QP11,Porte de Clignancourt,Q-Park,48.89959,2.3444,505,4.05,36.45,True,"20 Avenue de la Porte de Clignancourt, 75018 Paris",https://www.q-park.fr/fr-fr/villes/paris/porte-de-clignancourt/,EUR
France,Paris,QP12,Cardinet Batignolles,Q-Park,48.888805,2.315292,199,5.2,45.6,True,"3 Rue Mstislav Rostropovitch, 75017 Paris",https://www.q-park.fr/fr-fr/villes/paris/cardinet-batignolles/,EUR
France,Paris,QP13,Cité de la Musique - La Villette,Q-Park,48.8893922,2.3941663,367,4.6,35.3,True,"221 Avenue Jean Jaurès, 75019 Paris",https://www.q-park.fr/fr-fr/villes/paris/cit%c3%a9-de-la-musique-la-villette/,EUR
France,Paris,QP14,Le Méridien Porte Maillot,Q-Park,48.880129,2.2865766,517,4.8,57.6,,"9 Rue Waldeck Rousseau, 75017 Paris",https://www.q-park.fr/fr-fr/villes/paris/le-m%c3%a9ridien-porte-maillot/,EUR
France,Paris,QP15,Cité de la Musique - Conservatoire,Q-Park,48.888468,2.388962,152,,,True,"6 Rue Adolphe Mille, 75019 Paris",https://www.q-park.fr/fr-fr/villes/paris/cit%c3%a9-de-la-musique-conservatoire/,EUR
France,Paris,QP16,Institut Judo - Porte de Versailles,Q-Park,48.822895,2.315575,306,5.7,43.8,True,"21 Avenue de la Porte de Châtillon, 75014 Paris",https://www.q-park.fr/fr-fr/villes/paris/institut-judo-porte-de-versailles/,EUR
France,Paris,QP17,Bastille Saint Antoine,Q-Park,48.85234,2.37243,200,5.1,51.0,True,"45 Rue du Faubourg St Antoine, 75011 Paris",https://www.q-park.fr/fr-fr/villes/paris/bastille-saint-antoine/,EUR
France,Paris,QP18,Bourse Grands Boulevards,Q-Park,48.86971,2.34081,889,5.0,45.0,,"30 Place de la Bourse, 75002 Paris",https://www.q-park.fr/fr-fr/villes/paris/bourse/,EUR
France,Paris,QP19,Cardinet,Q-Park,48.89007,2.317,666,,,True,"168 Rue Cardinet, 75017 Paris",https://www.q-park.fr/fr-fr/villes/paris/cardinet/,EUR
France,Paris,QP20,Damrémont,Q-Park,48.89284,2.33578,159,,,True,"73 Rue Damrémont, 75018 Paris",https://www.q-park.fr/fr-fr/villes/paris/damremont/,EUR
France,Paris,QP21,Firmin Gemier,Q-Park,48.89472,2.33024,154,,,True,"5 Rue Firmin Gémier, 75018 Paris",https://www.q-park.fr/fr-fr/villes/paris/firmin-gemier/,EUR
France,Paris,QP22,Malesherbes Anjou,Q-Park,48.87317,2.32122,1016,4.5,40.5,True,"35 Boulevard Malesherbes, 75008 Paris",https://www.q-park.fr/fr-fr/villes/paris/malesherbes-anjou/,EUR
France,Paris,QP23,Louvre Saint Honoré,Q-Park,48.8620182,2.3391633,206,5.2,50.0,,"1 Rue de Marengo, 75001 Paris",https://www.q-park.fr/fr-fr/villes/paris/louvre-saint-honore/,EUR
France,Paris,SA01,de la Porte de Versailles,Saemes,48.833487,2.285643,482,5.0,55.0,,"40 ter boulevard Victor, 75015 Paris",http://www.saemes.fr/fr/parking/parking-porte-versailles,EUR
France,Paris,SA02,Jean Bouin,Saemes,48.845261,2.253626,487,4.4,39.6,True,"17 rue Nungesser et Coli, 75016 Paris",http://www.saemes.fr/fr/parking/parking-jean-bouin,EUR
France,Paris,SA03,Mairie du 17ème,Saemes,48.884606,2.321516,387,4.7,42.3,True,"16/20 rue des Batignolles, 75017 Paris",http://www.saemes.fr/fr/parking/parking-mairie-17eme,EUR
France,Paris,SA04,Maubert Collège des Bernardins,Saemes,48.849577,2.350867,655,5.0,45.0,True,"37 boulevard St Germain, 75005 Paris",http://www.saemes.fr/fr/parking/parking-maubert-college-bernardins,EUR
France,Paris,SA05,Porte d'Orléans,Saemes,48.87926,2.34258,688,4.2,37.8,True,"1 rue de la Légion Etrangère, 75014 Paris",http://www.saemes.fr/fr/parking/parking-porte-orleans,EUR
France,Paris,SA06,Quai branly-Tour Eiffel,Saemes,48.861935,2.298733,543,5.1,39.2,,"25 Quai Jacques Chirac, 75007 Paris",http://www.saemes.fr/fr/parking/parking-quai-branly-tour-eiffel,EUR
France,Paris,SA07,Saint Augustin-Bergson,Saemes,48.875673,2.320402,910,5.0,45.0,True,"18 rue de Laborde, 75008 Paris",https://www.saemes.fr/fr/parking/parking-bergson,EUR
France,Paris,SA08,Ternes,Saemes,48.87897,2.29319,1092,5.0,45.0,True,"38 avenue des Ternes, 75017 Paris",https://www.saemes.fr/fr/parking/parking-ternes,EUR
France,Paris,SA09,Carnot,Saemes,48.8759745,2.29327722,505,5.0,45.0,,"20 bis avenue Carnot, 75017 Paris",http://www.saemes.fr/fr/parking/parking-carnot,EUR
France,Paris,SA10,Hôpital Sainte Anne,Saemes,48.827057,2.341523,278,3.8,22.4,True,"100 rue de la Santé, 75014 Paris",http://www.saemes.fr/fr/parking/parking-hopital-sainte-anne,EUR
France,Paris,SA11,Lagrange-Maubert,Saemes,48.850541,2.348671,447,4.8,43.2,True,"19 rue Lagrange, 75005 Paris",http://www.saemes.fr/fr/parking/parking-lagrange-maubert,EUR
France,Paris,SA12,Mairie du 15ème - Lecourbe,Saemes,48.841671,2.299584,314,4.7,42.3,True,"143 rue Lecourbe, 75015 Paris",http://www.saemes.fr/fr/parking/parking-mairie-15eme,EUR
France,Paris,SA13,Montholon,Saemes,48.87684,2.34597,426,4.6,41.4,,"1 Rue Mayran, 75009 Paris",https://www.saemes.fr/fr/parking/parking-montholon,EUR
France,Paris,SA14,Rivoli-Sébastopol,Saemes,48.858396,2.350484,267,5.3,47.7,True,"5 rue pernelle, 75004 Paris",http://www.saemes.fr/fr/parking/parking-rivoli-sebastopol,EUR
France,Paris,SA15,Bercy Seine,Saemes,48.833875,2.382319,310,4.6,41.4,True,"210 quai de Bercy, 75012 Paris",http://www.saemes.fr/fr/parking/parking-bercy,EUR
France,Paris,SA16,Hôpital Saint Louis,Saemes,48.873379,2.369972,478,4.1,22.2,,"1 avenue Claude Vellefaux, 75010 Paris",http://www.saemes.fr/fr/parking/parking-hopital-saint-louis,EUR
France,Paris,SA17,Madeleine-Tronchet,Saemes,48.8701243,2.3246848,975,5.0,45.0,True,"Face au 21 place de la Madeleine, 75008 Paris",http://www.saemes.fr/fr/parking/parking-madeleine-tronchet,EUR
France,Paris,SA18,Picpus Nation,Saemes,48.84711,2.39927,944,3.8,34.2,,"Face au 96 boulevard de Picpus, 75012 Paris",https://www.saemes.fr/fr/parking/parking-picpus-nation,EUR
France,Paris,SA19,Porte d'Auteuil,Saemes,48.847473,2.256245,1128,4.7,42.3,True,"1-3 avenue du Général Sarail, 75016 Paris",http://www.saemes.fr/fr/parking/parking-porte-auteuil,EUR
France,Paris,SA20,Reuilly-Diderot,Saemes,48.84622,2.387776,147,4.7,42.3,True,"34 rue de Reuilly, 75012 Paris",http://www.saemes.fr/fr/parking/parking-reuilly-diderot,EUR
France,Paris,SA21,Bac Montalembert,Saemes,48.8566579,2.32699912,417,5.1,45.9,True,"9 rue Montalembert, 75007 Paris",http://www.saemes.fr/fr/parking/parking-bac,EUR
France,Paris,SA22,Champs Elysées,Saemes,48.870672,2.305418,827,5.5,49.5,,"Face au 62 avenue des Champs-Élysées, 75008 Paris",https://www.saemes.fr/fr/parking/parking-champs-elysees,EUR
France,Paris,SA23,Charléty Coubertin,Saemes,48.817356,2.344178,445,3.8,34.2,True,"17 avenue Pierre de Coubertin, 75013 Paris",http://www.saemes.fr/fr/parking/parking-charlety-coubertin,EUR
France,Paris,SA24,Claude Bernard,Saemes,48.899575,2.378149,494,3.2,24.0,True,"12-14 Rue Chana Orloff, 75019 Paris",https://www.saemes.fr/fr/parking/parking-claude-bernard,EUR
France,Paris,SA25,Haussmann Berri,Saemes,48.875263,2.309631,2182,5.0,45.0,,"Face au 155 boulevard Haussmann, 75008 Paris",http://www.saemes.fr/fr/parking/parking-haussmann-berri,EUR
France,Paris,SA26,Hôpital Robert-Debré,Saemes,48.87929,2.40177,180,4.1,22.2,True,"48 boulevard Sérurier, 75019 Paris",http://www.saemes.fr/fr/parking/parking-hopital-robert-debre,EUR
France,Paris,SA27,Hôtel de Ville,Saemes,48.8566,2.349481,505,4.6,41.4,True,"6 Quai de Gesvres, 75004 Paris",http://www.saemes.fr/fr/parking/parking-hotel-ville,EUR
France,Paris,SA28,George V,Saemes,48.87215419,2.29949965,1127,5.5,49.5,,"Face au 32 avenue des Champs-Élysées, 75008 Paris",https://www.saemes.fr/fr/parking/parking-george-v,EUR
France,Paris,SA29,Les Halles-St Eustache,Saemes,48.860212,2.346654,375,5.0,45.0,True,"22 rue des Halles, 75001 Paris",http://www.saemes.fr/fr/parking/parking-halles-saint-eustache,EUR
France,Paris,SA30,Méditerranée - Gare de Lyon,Saemes,48.845002,2.375691,1622,,,True,"26 rue de Chalon, 75012 Paris",http://www.saemes.fr/fr/parking/parking-mediterranee-gare-lyon,EUR
France,Paris,SA31,Porte de Champerret,Saemes,48.88507,2.28735,1465,4.5,40.5,True,"10 Bvd de l'Yser, 75017 Paris",https://www.saemes.fr/fr/parking/parking-porte-de-champerret,EUR
France,Paris,SA32,Saint Sulpice,Saemes,48.851193,2.333569,528,5.4,48.6,,"Sous la Place Saint Sulpice, 75006 Paris",http://www.saemes.fr/fr/parking/parking-saint-sulpice,EUR
France,Paris,IN01,Harlay Pont Neuf,Indigo,48.855701,2.342716,,5.2,,,"Quai des Orfèvres, 75001 Paris",https://www.indigoneo.fr/fr/parkings/340/parking-harlay-pont-neuf,EUR
France,Paris,IN02,Croix des Petits Champs,Indigo,48.863091,2.339648,,5.0,,,"14 Rue Croix des Petits Champs, 75001 Paris",https://www.indigoneo.fr/fr/parkings/341/parking-croix-des-petits-champs,EUR
France,Paris,IN03,Vendôme,Indigo,48.867905,2.330046,,5.85,,True,"28 Place Vendôme, 75001 Paris",https://www.indigoneo.fr/fr/parkings/344/parking-vendome,EUR
France,Paris,IN04,Sébastopol,Indigo,48.860607,2.349304,,5.4,,True,"43 Boulevard de Sébastopol, 75001 Paris",https://www.indigoneo.fr/fr/parkings/342/parking-sebastopol,EUR
France,Paris,IN05,Réaumur Saint-Denis,Indigo,48.866943,2.349594,,5.4,,True,"40 Rue Dussoubs, 75002 Paris",https://www.indigoneo.fr/fr/parkings/345/parking-reaumur-saint-denis,EUR
France,Paris,IN06,Beaubourg Horloge,Indigo,48.861969,2.35381,,6.2,,,"31 Rue Beaubourg, 75003 Paris",https://www.indigoneo.fr/fr/parkings/348/parking-beaubourg-horloge,EUR
France,Paris,IN07,Notre Dame - Ile de la Cité,Indigo,48.855503,2.346225,,4.4,,,"Boulevard du Palais, 75004 Paris",https://www.indigoneo.fr/fr/parkings/349/parking-notre-dame-ile-de-la-cite,EUR
France,Paris,IN08,Soufflot-Panthéon,Indigo,48.847019,2.34247,,5.2,,True,"22 Rue Soufflot, 75005 Paris",https://www.indigoneo.fr/fr/parkings/351/parking-soufflot-pantheon,EUR
France,Paris,IN09,Jardin des Plantes,Indigo,48.840674,2.355684,,4.8,,,"25 Rue Geoffroy-Saint-Hilaire, 75005 Paris",https://www.indigoneo.fr/fr/parkings/1411/parking-jardin-des-plantes,EUR
France,Paris,IN10,Saint-Germain des Prés,Indigo,48.854099,2.331784,,5.8,,True,"171 Boulevard Saint-Germain, 75006 Paris",https://www.indigoneo.fr/fr/parkings/354/parking-saint-germain-des-pres,EUR
France,Paris,IN11,Invalides,Indigo,48.85928,2.314575,,5.4,,,"23 Rue de Constantine, 75007 Paris",https://www.indigoneo.fr/fr/parkings/356/parking-invalides,EUR
France,Paris,IN12,Alma George V,Indigo,48.8652,2.30151,,5.8,,True,"19 Avenue George V, 75008 Paris",https://www.indigoneo.fr/fr/parkings/363/parking-alma-george-v,EUR
France,Paris,IN13,Etoile Friedland,Indigo,48.874149,2.29919,,5.8,,True,"41 Avenue de Friedland, 75008 Paris",https://www.indigoneo.fr/fr/parkings/364/parking-etoile-friedland,EUR
France,Paris,IN14,Rond Point des Champs Elysées,Indigo,48.86937,2.310915,,5.8,,True,"3 Avenue Matignon, 75008 Paris",https://www.indigoneo.fr/fr/parkings/360/parking-rond-point-des-champs-elysees,EUR
France,Paris,IN15,Haussmann Printemps,Indigo,48.874142,2.327052,,6.6,,,"98 Rue de Provence, 75009 Paris",https://www.indigoneo.fr/fr/parkings/370/parking-haussmann-printemps,EUR
France,Paris,IN16,Magenta - Gare de l'Est,Indigo,48.875432,2.354884,,5.0,,True,"11 Square Alban Satragne, 75010 Paris",https://www.indigoneo.fr/fr/parkings/13769/parking-magenta-gare-de-lest,EUR
France,Paris,IN17,Faubourg Saint-Antoine,Indigo,48.850849,2.375396,,5.4,,True,"82 bis Avenue Ledru Rollin, 75012 Paris",https://www.indigoneo.fr/fr/parkings/375/parking-faubourg-saint-antoine,EUR
France,Paris,IN18,Gare de Lyon,Indigo,48.843678,2.373433,,6.2,,,"191 Rue de Bercy, 75012 Paris",https://www.indigoneo.fr/fr/parkings/377/parking-gare-de-lyon,EUR
France,Paris,IN19,Bibliothèque François Mitterrand,Indigo,48.832328,2.378043,,4.2,,True,"21 Rue Emile Durkheim, 75013 Paris",https://www.indigoneo.fr/fr/parkings/380/parking-bibliotheque-francois-mitterrand,EUR
France,Paris,IN20,Alésia,Indigo,48.830322,2.32611,,4.9,,True,"204 Avenue du Maine, 75014 Paris",https://www.indigoneo.fr/fr/parkings/382/parking-alesia,EUR
France,Paris,IN21,Pasteur-Montparnasse,Indigo,48.839527,2.312268,,5.2,,True,"81 Rue Falguière, 75015 Paris",https://www.indigoneo.fr/fr/parkings/2934/parking-pasteur-montparnasse,EUR
France,Paris,IN22,Passy,Indigo,48.858101,2.27517,,5.2,,True,"80 Rue de Passy, 75016 Paris",https://www.indigoneo.fr/fr/parkings/19966/parking-passy,EUR
France,Paris,IN23,Villiers,Indigo,48.881954,2.313877,,5.4,,True,"14 Avenue de Villiers, 75017 Paris",https://www.indigoneo.fr/fr/parkings/387/parking-villiers,EUR
France,Paris,IN24,Parc de la Villette Nord - Cité des Sciences,Indigo,48.897349,2.388356,,4.8,,True,"61 Boulevard Macdonald, 75019 Paris",https://www.indigoneo.fr/fr/parkings/393/parking-parc-de-la-villette-nord-cite-des-sciences,EUR
France,Paris,EF01,Parking Paris gare de Bercy Accor Arena,Effia,48.838098,2.383169,,,,,"48 bis boulevard de Bercy, Gare de Bercy, 75012 PARIS",https://www.effia.com/parking/parking-gare-de-bercy-accor-arena-effia,EUR
France,Paris,EF02,Parking Paris gare de l'Est P1,Effia,48.876458,2.357833,,,,,"Rue du 8 mai 1945, 75010 PARIS",https://www.effia.com/parking/parking-paris-gare-de-lest-p1-effia,EUR
France,Paris,EF03,Parking Paris gare de l'Est P2,Effia,48.876199,2.360216,,,,,"Cour du 11 Novembre 1918, Rue du Faubourg St-Martin, 75010 PARIS",https://www.effia.com/parking/parking-paris-gare-de-lest-p2-effia,EUR
France,Paris,EF04,Parking Lyon Diderot – Paris Gare de Lyon,Effia,48.84466,2.37222,,,,,"198 rue de Bercy, 75012 PARIS",https://www.effia.com/parking/parking-paris-gare-de-lyon-diderot-effia,EUR
France,Paris,EF05,Parking Paris gare de Lyon,Effia,48.8451,2.3699,,,,,"2-4 rue de la Traversière, 75012 PARIS",https://www.effia.com/parking/parking-paris-gare-de-lyon-effia,EUR
France,Paris,EF06,Parking Paris Gare du Nord,Effia,48.879885,2.353501,,,,True,"4, rue de Compiègne, 75010 PARIS",https://www.effia.com/parking/parking-paris-gare-du-nord-effia,EUR
France,Paris,EF07,Parking Paris gare Montparnasse Catalogne,Effia,48.838017,2.319101,,,,,"36 rue du Commandant René Mouchotte, 75014 PARIS",https://www.effia.com/parking/parking-paris-gare-montparnasse-catalogne-effia,EUR
France,Paris,EF08,Parking Paris gare Montparnasse Pasteur,Effia,48.837909,2.317754,,,,,"24 Place des 5 martyrs du lycée Buffon, 75015 PARIS",https://www.effia.com/parking/parking-paris-gare-montparnasse-pasteur-effia,EUR
France,Paris,EF09,Parking Paris gare Saint-Lazare,Effia,48.877412,2.328081,,,,,"Accès voiture : 29 rue de Londres, Accès piéton : 10 place Budapest, 75009 PARIS",https://www.effia.com/parking/parking-paris-gare-saint-lazare-effia,EUR
France,Paris,EF10,Parking Paris Rome Batignolles,Effia,48.882075,2.321219,,,,True,"43 bis, Boulevard des Batignolles, 75008 PARIS",https://www.effia.com/parking/parking-paris-rome-batignolles-effia,EUR
France,Marseille,QP01,Beaugeard,Q-Park,43.3176548,5.4058552,84,,,True,"Avenue de Saint Just, 13013 Marseille",https://www.q-park.fr/fr-fr/villes/marseille/beaugeard/,EUR
France,Marseille,QP02,Blancarde,Q-Park,43.295337,5.40633,340,2.1,14.7,True,"2 Boulevard Louis Frangin, 13005 Marseille",https://www.q-park.fr/fr-fr/villes/marseille/blancarde/,EUR
France,Marseille,QP03,Breteuil,Q-Park,43.286448,5.377697,260,3.3,23.2,True,"Impasse Montevideo, 13006 Marseille",https://www.q-park.fr/fr-fr/villes/marseille/breteuil/,EUR
France,Marseille,QP04,Espercieux,Q-Park,43.3079982,5.3670713,500,3.3,43.0,True,"Rue des Docks, 13002 Marseille",https://www.q-park.fr/fr-fr/villes/marseille/espercieux/,EUR
France,Marseille,QP05,Joliette,Q-Park,43.303871,5.366039,450,3.7,45.2,True,"37 Rue Mazenod, 13002 Marseille",https://www.q-park.fr/fr-fr/villes/marseille/joliette/,EUR
France,Marseille,QP06,La Timone,Q-Park,43.292085,5.40198,725,1.6,14.7,True,"264 Rue Saint-Pierre, 13005 Marseille",https://www.q-park.fr/fr-fr/villes/marseille/la-timone/,EUR
France,Marseille,QP07,Les Docks Arvieux,Q-Park,43.306294,5.366602,283,3.3,43.0,False,"Rue des Docks, 13002 Marseille",https://www.q-park.fr/fr-fr/villes/marseille/les-docks-arvieux/,EUR
France,Marseille,QP08,Marseille Voirie - Enclos Clôt Bey,Q-Park,43.2603422,5.3866864,153,,,False,"Avenue Clôt Bey, 13008 Marseille",https://www.q-park.fr/fr-fr/villes/marseille/marseille-voirie---enclos-clôt-bey/,EUR
France,Marseille,QP09,Marseille Voirie - Enclos P1 Palm Beach,Q-Park,43.2641993,5.373599,125,,,False,"Promenade Georges Pompidou, 13008 Marseille",https://www.q-park.fr/fr-fr/villes/marseille/marseille-voirie---enclos-p1-palm-beach/,EUR
France,Marseille,QP10,Marseille Voirie - Enclos P2 David,Q-Park,43.2625656,5.3746647,67,,,False,"101 Promenade Georges Pompidou, 13008 Marseille",https://www.q-park.fr/fr-fr/villes/marseille/marseille-voirie---enclos-p2-david/,EUR
France,Marseille,QP11,Marseille Voirie - Enclos P3 Huveaune,Q-Park,43.2588908,5.375463,64,,,False,"Avenue Pierre Mendes France, 13008 Marseille",https://www.q-park.fr/fr-fr/villes/marseille/marseille-voirie---enclos-p3-huveaune/,EUR
France,Marseille,QP12,Marseille Voirie - Enclos P4 Véliplanchistes,Q-Park,43.2574551,5.3764501,89,,,False,"Avenue Pierre Mendes France, 13008 Marseille",https://www.q-park.fr/fr-fr/villes/marseille/marseille-voirie---enclos-p4-véliplanchistes/,EUR
France,Marseille,QP13,Marseille Voirie - Enclos P5 La Mer Restaurant,Q-Park,43.2502513,5.3754717,128,,,False,"Avenue Pierre Mendes France, 13008 Marseille",https://www.q-park.fr/fr-fr/villes/marseille/marseille-voirie---enclos-p5-la-mer-restaurant/,EUR
France,Marseille,QP14,Marseille Voirie - Enclos P6 Escale,Q-Park,43.2546165,5.3750254,137,,,False,"Avenue Pierre Mendes France, 13008 Marseille",https://www.q-park.fr/fr-fr/villes/marseille/marseille-voirie---enclos-p6-escale/,EUR
France,Marseille,QP15,P7 Vielle Chapelle,Q-Park,43.2500203,5.3750829,157,,,False,"Avenue Pierre Mendes France, 13008 Marseille",https://www.q-park.fr/fr-fr/villes/marseille/p7-vielle-chapelle/,EUR
France,Marseille,QP16,Pharo,Q-Park,43.291925,5.359518,414,4.9,44.1,True,"75 Impasse Clerville, 13007 Marseille",https://www.q-park.fr/fr-fr/villes/marseille/pharo/,EUR
France,Marseille,QP17,Puget Estrangin,Q-Park,43.289976,5.37702,230,3.6,25.1,False,"6 rue Docteur Combalat, 13006 Marseille",https://www.q-park.fr/fr-fr/villes/marseille/puget-estrangin/,EUR
France,Marseille,QP18,Tilleuls,Q-Park,43.318772,5.4086256,69,,,True,"16 Boulevard des Tilleuls, 13013 Marseille",https://www.q-park.fr/fr-fr/villes/marseille/tilleuls/,EUR
France,Marseille,QP19,Vallier,Q-Park,43.299252,5.401881,460,2.1,14.6,False,"41 Avenue du Maréchal Foch, 13004 Marseille",https://www.q-park.fr/fr-fr/villes/marseille/vallier/,EUR
France,Marseille,QP20,Vieux Port Hôtel de Ville,Q-Park,43.296335,5.368792,545,3.0,19.2,True,"Passage Pentecontore, 13002 Marseille",https://www.q-park.fr/fr-fr/villes/marseille/vieux-port-hôtel-de-ville/,EUR
France,Marseille,IN01,Parking Prado Périer,Indigo,43.281002,5.38903,,3.2,31.0,False,"20 Allée Turcat Méry, 13008 Marseille",https://www.indigoneo.fr/fr/parkings/731/parking-prado-perier,EUR
France,Marseille,IN02,Parking Sainte-Barbe,Indigo,43.300549,5.374356,,4.4,30.9,False,"16 Rue Sainte-Barbe, 13001 Marseille",https://www.indigoneo.fr/fr/parkings/732/parking-sainte-barbe,EUR
France,Marseille,IN03,Parking Bourse - Musée d'Histoire,Indigo,43.29698,5.374289,,4.0,32.0,True,"1 Rue Reine Elisabeth, 13001 Marseille",https://www.indigoneo.fr/fr/parkings/733/parking-bourse-musee-dhistoire,EUR
France,Marseille,IN04,Parking Jean Jaurès,Indigo,43.295613,5.387378,,3.6,30.7,False,"Place Jean Jaurès, 13005 Marseille",https://www.indigoneo.fr/fr/parkings/734/parking-jean-jaures,EUR
France,Marseille,IN05,Parking Charles de Gaulle,Indigo,43.294543,5.375994,,3.6,37.5,True,"22 Place Général de Gaulle, 13001 Marseille",https://www.indigoneo.fr/fr/parkings/735/parking-charles-de-gaulle,EUR
France,Marseille,IN06,Parking Préfecture,Indigo,43.290451,5.379514,,3.8,31.7,False,"Boulevard Paul Peytral, 13006 Marseille",https://www.indigoneo.fr/fr/parkings/736/parking-prefecture,EUR
France,Marseille,IN07,Parking Castellane,Indigo,43.284489,5.386332,,3.7,31.8,True,"14 Avenue Jules Cantini, 13006 Marseille",https://www.indigoneo.fr/fr/parkings/737/parking-castellane,EUR
France,Marseille,IN08,Parking Vieux Port la Criée,Indigo,43.292365,5.366306,,4.4,33.0,True,"38 Quai de Rive Neuve, 13007 Marseille",https://www.indigoneo.fr/fr/parkings/738/parking-vieux-port-la-criee,EUR
France,Marseille,IN09,Parking Hôpital de la Conception,Indigo,43.288614,5.393751,,3.1,22.5,False,"145 Boulevard Baille, 13005 Marseille",https://www.indigoneo.fr/fr/parkings/739/parking-hopital-de-la-conception,EUR
France,Marseille,IN10,Parking République,Indigo,43.29892,5.372014,,4.4,17.9,True,"Rue de la République, 13002 Marseille",https://www.indigoneo.fr/fr/parkings/740/parking-republique,EUR
France,Marseille,IN11,Parking Vieux Port MUCEM,Indigo,43.298576,5.363102,,3.5,31.8,True,"Esplanade J4, 13002 Marseille",https://www.indigoneo.fr/fr/parkings/741/parking-vieux-port-mucem,EUR
France,Marseille,IN12,Parking Paradis Mélizan,Indigo,43.283844,5.380769,,4.0,29.0,True,"202 Rue Paradis, 13006 Marseille",https://www.indigoneo.fr/fr/parkings/742/parking-paradis-melizan,EUR
France,Marseille,IN13,Parking Quai d'Arenc,Indigo,43.312142,5.367873,,3.2,34.0,True,"2 Boulevard Euromediterranée, Quai d'Arenc, 13002 Marseille",https://www.indigoneo.fr/fr/parkings/743/parking-quai-darenc,EUR
France,Marseille,IN14,Parking Hôpital Européen,Indigo,43.310388,5.373179,,2.8,31.0,True,"Avenue Roger Salengro, 13003 Marseille",https://www.indigoneo.fr/fr/parkings/745/parking-hopital-europeen,EUR
France,Marseille,IN15,Parking Marseille Euromed,Indigo,43.311087,5.367524,,4.0,41.6,True,"52 Quai du Lazaret, 13002 Marseille",https://www.indigoneo.fr/fr/parkings/23792/parking-marseille-euromed,EUR
France,Marseille,EF01,Parking gare de Marseille Saint-Charles P1,Effia,43.302512,5.381384,,4.3,26.1,True,"1 avenue Pierre Semard, 13001 Marseille",https://www.effia.com/parking/parking-gare-de-marseille-saint-charles-p1-effia,EUR
France,Marseille,EF02,Parking gare de Marseille Saint-Charles P2 Voltaire,Effia,43.303057,5.384359,,3.9,24.2,True,"31 bis boulevard Voltaire, 13001 Marseille",https://www.effia.com/parking/parking-gare-de-marseille-saint-charles-p2-voltaire-effia,EUR
France,Marseille,EF03,Parking gare de Marseille Saint-Charles P3,Effia,43.303014,5.386509,,4.6,24.2,False,"32 Boulevard National, 13001 Marseille",https://www.effia.com/parking/parking-gare-de-marseille-saint-charles-p3-effia,EUR
France,Marseille,EF04,Parking Marseille Baret,Effia,43.2911053,5.380242,,2.4,15.5,True,"4 Rue Armény, 13006 Marseille",https://www.effia.com/parking/parking-marseille-baret-effia,EUR
France,Marseille,EF05,Parking Marseille Corderie,Effia,43.29039,5.36936,,2.4,15.5,False,"33 Boulevard de la Corderie, 13007 Marseille",https://www.effia.com/parking/parking-marseille-corderie-effia,EUR
France,Marseille,EF06,Parking Marseille Cours Julien,Effia,43.2943,5.3832,,2.4,15.5,True,"58 Cours Julien, 13006 Marseille",https://www.effia.com/parking/parking-marseille-cours-julien-effia,EUR
France,Marseille,EF07,Parking Marseille Gambetta,Effia,43.298912,5.383008,,2.4,15.5,False,"38 Allée Léon Gambetta, 13001 Marseille",https://www.effia.com/parking/parking-marseille-gambetta-effia,EUR
France,Marseille,EF08,Parking Marseille Monthyon,Effia,43.29107,5.37546,,2.4,15.5,False,"31 Rue Breteuil, 13006 Marseille",https://www.effia.com/parking/parking-marseille-monthyon-effia,EUR
France,Marseille,EF09,Parking Résidence Rail de Marseille,Effia,43.302136,5.383006,,,,False,"31 bis bd Voltaire, 13001 Marseille",https://www.effia.com/parking/parking-residence-rail-de-marseille-effia,EUR
France,Chambéry,QP01,Ravet,Q-Park,45.567644,5.924824,474,1.7,15.6,True,"2 Boulevard de Lemenc, 73000 Chambéry",https://www.q-park.fr/fr-fr/villes/chamb%C3%A9ry/ravet/,EUR
France,Chambéry,QP02,Barbot,Q-Park,45.562553,5.925814,61,2.0,23.2,False,"55 Rue André Jacques, 73000 Chambéry",https://www.q-park.fr/fr-fr/villes/chamb%C3%A9ry/barbot/,EUR
France,Chambéry,QP03,Verdun,Q-Park,45.572237,5.916308,128,1.5,16.2,False,"212 Quai des Allobroges, 73000 Chambéry",https://www.q-park.fr/fr-fr/villes/chamb%C3%A9ry/verdun/,EUR
France,Chambéry,QP04,Cassine Gare,Q-Park,45.572202,5.920752,479,1.2,14.8,True,"268 Chemin de la Cassine, 73000 Chambéry",https://www.q-park.fr/fr-fr/villes/chamb%C3%A9ry/cassine-gare/,EUR
France,Chambéry,QP05,Curial,Q-Park,45.563308,5.9228,242,1.7,15.6,True,"11 Place Monge (Carré Curial), 73000 Chambéry",https://www.q-park.fr/fr-fr/villes/chamb%C3%A9ry/curial/,EUR
France,Chambéry,QP06,Roissard,Q-Park,45.569917,5.918174,149,2.0,23.2,False,"Quai du Jeu de Paume, 73000 Chambéry",https://www.q-park.fr/fr-fr/villes/chamb%C3%A9ry/roissard/,EUR
France,Chambéry,QP07,Hôtel de Ville,Q-Park,45.566248,5.920758,243,2.1,22.6,True,"Place de l'Hôtel de Ville, 73000 Chambéry",https://www.q-park.fr/fr-fr/villes/chamb%C3%A9ry/h%C3%B4tel-de-ville/,EUR
France,Chambéry,QP08,Château,Q-Park,45.564715,5.915715,604,1.7,14.3,True,"6 Chemin de l'Esplanade, 73000 Chambéry",https://www.q-park.fr/fr-fr/villes/chamb%C3%A9ry/ch%C3%A2teau/,EUR
France,Chambéry,QP09,Europe,Q-Park,45.563392,5.922852,154,2.0,23.2,False,"Esplanade de l'Europe, 73000 Chambéry",https://www.q-park.fr/fr-fr/villes/chamb%C3%A9ry/europe/,EUR
France,Chambéry,QP10,Falaise,Q-Park,45.562395,5.92602,490,1.2,9.9,True,"122 Rue André Jacques, 73000 Chambéry",https://www.q-park.fr/fr-fr/villes/chamb%C3%A9ry/falaise/,EUR
France,Chambéry,QP11,Manège,Q-Park,45.563814,5.926434,79,2.0,23.2,False,"Place du Manège, 73000 Chambéry",https://www.q-park.fr/fr-fr/villes/chamb%C3%A9ry/man%C3%A8ge/,EUR
France,Chambéry,QP12,Hôpital P1,Q-Park,45.56258,5.912399,259,2.2,17.8,True,"564 Avenue de Lyon, 73000 Chambéry",https://www.q-park.fr/fr-fr/villes/chamb%C3%A9ry/hopital-p1/,EUR
France,Chambéry,QP13,Ducs,Q-Park,45.568465,5.924333,112,,,False,"1 Boulevard Lemenc, 73000 Chambéry",https://www.q-park.fr/fr-fr/villes/chamb%C3%A9ry/ducs/,EUR
France,Chambéry,QP14,Chambéry P4,Q-Park,45.56258,5.912399,82,2.0,20.0,False,"564 Avenue de Lyon, 73000 Chambéry (coordinates approximated from Hôpital P1 - Q-Park's own page embeds null 0,0 geo for P4; same street address given by Q-Park)",https://www.q-park.fr/fr-fr/villes/chamb%C3%A9ry/chamb%C3%A9ry---p4/,EUR
France,Chambéry,QP15,Les Halles,Q-Park,45.56657,5.9183,283,2.5,18.6,False,"3 Rue Derrière les Murs, 73000 Chambéry",https://www.q-park.fr/fr-fr/villes/chamb%C3%A9ry/les-halles/,EUR
France,Chambéry,QP16,Stade - Piscine,Q-Park,45.5737399,5.9072053,430,1.2,12.8,True,"62 Square Louis Sève, 73000 Chambéry",https://www.q-park.fr/fr-fr/villes/chamb%C3%A9ry/stade-piscine/,EUR
France,Chambéry,QP17,Chambéry Voirie (Management Contract),Q-Park,45.5675082,5.9205114,3422,,,False,"336 Quai Charles Ravet, 73000 Chambéry (on-street/voirie parking-meter management contract, not a structured garage; this is the 17th of Q-Park's own self-declared 'facilities' - shares its office address with SAGS, the entity Chambéry's own city page names as running voirie stationnement citywide)",https://www.q-park.fr/fr-fr/villes/chamb%C3%A9ry/chamb%C3%A9ry---voirie---management-contract/,EUR
France,Chambéry,IN01,Palais de Justice,Indigo,45.568615,5.919764,400,2.1,22.6,False,"2 Place du Palais de Justice, 73000 Chambéry (capacity from Chambéry's own official city page - Indigo Neo's own site does not publish it)",https://www.indigoneo.fr/fr/parkings/23725/parking-palais-de-justice,EUR
France,Chambéry,EF01,Gare de Chambéry,Effia,45.57195,5.91879,220,2.2,20.5,True,"90 Avenue de la Boisse, 73000 Chambéry (capacity from Chambéry's own official city page - Effia's own site does not publish it)",https://www.effia.com/parking/parking-gare-de-chambery-effia,EUR
France,Chambéry,EF02,Gare de Chambéry P2,Effia,45.573382,5.917899,,,,False,"260 Avenue de la Boisse, 73000 Chambéry (subscription-only facility per Effia's own site - no walk-up hourly tariff published, capacity not published)",https://www.effia.com/parking/parking-gare-de-chambery-p2-effia,EUR
France,Courbevoie,QP01,Ajoux,Q-Park,48.9018129,2.2734324,59,,,,"206 Boulevard Saint Denis, 92400 Courbevoie",https://www.q-park.fr/fr-fr/villes/courbevoie/ajoux/,EUR
France,Courbevoie,QP02,Blot,Q-Park,48.90344,2.25441,117,1.6,23.1,,"25 Rue Pierre Curie, 92400 Courbevoie",https://www.q-park.fr/fr-fr/villes/courbevoie/blot/,EUR
France,Courbevoie,QP03,Camille Claudel,Q-Park,48.89904,2.23981,187,1.6,23.1,,"77 Boulevard de la Mission Marchand, 92400 Courbevoie",https://www.q-park.fr/fr-fr/villes/courbevoie/camille-claudel/,EUR
France,Courbevoie,QP04,Capricorne,Q-Park,48.89621,2.24996,133,1.6,23.1,,"7 Rue de l'Alma, 92400 Courbevoie",https://www.q-park.fr/fr-fr/villes/courbevoie/capricorne/,EUR
France,Courbevoie,QP05,Charras,Q-Park,48.8966,2.25294,561,2.1,26.7,True,"37 Rue de l'Alma, 92400 Courbevoie",https://www.q-park.fr/fr-fr/villes/courbevoie/charras/,EUR
France,Courbevoie,QP06,Courbevoie Colombier,Q-Park,48.8980666,2.2567017,180,,,,"18 Rue de Colombes, 92400 Courbevoie",https://www.q-park.fr/fr-fr/villes/courbevoie/courbevoie-colombier/,EUR
France,Courbevoie,QP07,Courbevoie Marceau,Q-Park,48.90118,2.24412,148,1.6,23.1,,"69 Avenue Marceau, 92400 Courbevoie",https://www.q-park.fr/fr-fr/villes/courbevoie/courbevoie-marceau/,EUR
France,Courbevoie,QP08,Fontanes,Q-Park,48.89423,2.25348,55,1.6,23.1,,"4 Rue Auguste Beau, 92400 Courbevoie",https://www.q-park.fr/fr-fr/villes/courbevoie/fontanes/,EUR
France,Courbevoie,QP09,Gaultier,Q-Park,48.89923,2.24449,438,1.6,23.1,,"58 Rue Gaultier, 92400 Courbevoie",https://www.q-park.fr/fr-fr/villes/courbevoie/gaultier/,EUR
France,Courbevoie,QP10,Jean-Pierre Timbaud,Q-Park,48.89864,2.25245,170,1.6,23.1,,"47 Rue Jean Pierre Timbaud, 92400 Courbevoie",https://www.q-park.fr/fr-fr/villes/courbevoie/jean-pierre-timbaud/,EUR
France,Courbevoie,QP11,Mermoz,Q-Park,48.90213,2.27335,130,,,,"263 boulevard Saint Denis, 92400 Courbevoie",https://www.q-park.fr/fr-fr/villes/courbevoie/mermoz/,EUR
France,Courbevoie,QP12,Paix,Q-Park,48.90339,2.26752,320,1.6,23.1,,"2 bis Place de Belgique, 92400 Courbevoie",https://www.q-park.fr/fr-fr/villes/courbevoie/paix/,EUR
France,Courbevoie,QP13,Renardières,Q-Park,48.89308,2.25254,255,1.6,23.1,,"11 Rue de Bezons, 92400 Courbevoie",https://www.q-park.fr/fr-fr/villes/courbevoie/renardieres/,EUR
France,Courbevoie,QP14,Verdun Carpeaux Briand,Q-Park,48.89953,2.25833,727,1.6,23.1,,"5 Boulevard Aristide Briand, 92400 Courbevoie",https://www.q-park.fr/fr-fr/villes/courbevoie/verdun-carpeaux-briand/,EUR
France,Courbevoie,QP15,Villebois Mareuil,Q-Park,48.90215,2.26772,204,1.6,23.1,,"96 Rue Armand Silvestre, 92400 Courbevoie",https://www.q-park.fr/fr-fr/villes/courbevoie/villebois-mareuil/,EUR
France,Courbevoie,QP16,Watteau,Q-Park,48.90346,2.27402,799,1.6,23.1,,"8 Rue Adolphe Lalyre, 92400 Courbevoie",https://www.q-park.fr/fr-fr/villes/courbevoie/watteau/,EUR
France,Courbevoie,IN01,Coeur Défense,Indigo Neo,48.891881,2.244103,,,,,"10 Avenue André Prothin, 92400 Courbevoie",https://www.indigoneo.fr/fr/parkings/23671/parking-coeur-defense,EUR
France,Courbevoie,IN02,Jacques Cartier,Indigo Neo,48.895787,2.239436,,3.6,35.0,,"36 Avenue Léonard de Vinci, 92400 Courbevoie",https://www.indigoneo.fr/fr/parkings/31715/parking-jacques-cartier,EUR
France,Bourg Saint Maurice Les Arcs,QP01,Parking Gare - Hôtel de Ville P1,Q-Park,45.61725,6.77074,296,0.0,14.1,False,"131 Avenue Maréchal Leclerc, 73700 Bourg St Maurice",https://www.q-park.fr/fr-fr/villes/bourg-saint-maurice-les-arcs/bourg-saint-maurice-les-arcs---gare---h%c3%b4tel-de-vil/,EUR
France,Bourg Saint Maurice Les Arcs,QP02,Parking des Alpins P3,Q-Park,45.611681,6.766264,245,0.0,11.0,True,"979 Rue Pinon, 73700 Bourg St Maurice",https://www.q-park.fr/fr-fr/villes/bourg-saint-maurice-les-arcs/bourg-saint-maurice---les-alpins-p3/,EUR
France,Bourg Saint Maurice Les Arcs,QP03,Parking Charmettoger P3 (Arc 1800),Q-Park,45.56841,6.77701,309,0.0,29.8,True,"Montée de Charmettoger, 73700 Bourg St Maurice",https://www.q-park.fr/fr-fr/villes/bourg-saint-maurice-les-arcs/arc-1800---charmettoger-p3/,EUR
France,Bourg Saint Maurice Les Arcs,QP04,Parking Charvet P1 (Arc 1800),Q-Park,45.57732,6.78233,444,0.0,29.8,True,"Impasse de l'Hôtel du Golf, 73700 Bourg St Maurice",https://www.q-park.fr/fr-fr/villes/bourg-saint-maurice-les-arcs/arc-1800---charvet-p1/,EUR
France,Bourg Saint Maurice Les Arcs,QP05,Parking Latitudes (Arc 1800),Q-Park,45.56982,6.77804,50,,,False,"Impasse du Belmont, 73700 Bourg St Maurice",https://www.q-park.fr/fr-fr/villes/bourg-saint-maurice-les-arcs/arc-1800---latitudes/,EUR
France,Bourg Saint Maurice Les Arcs,QP06,Parking Villards (Arc 1800),Q-Park,45.5713,6.77734,457,0.0,29.8,False,"Montée des Villards, 73700 Bourg St Maurice",https://www.q-park.fr/fr-fr/villes/bourg-saint-maurice-les-arcs/arc-1800---villards/,EUR
France,Bourg Saint Maurice Les Arcs,QP07,Parking Lac des Combes P7 (Arc 2000),Q-Park,45.57143,6.83344,443,0.0,29.8,True,"Place du Lac des Combes, 73700 Bourg St Maurice",https://www.q-park.fr/fr-fr/villes/bourg-saint-maurice-les-arcs/arc-2000---lac-des-combes-p7/,EUR
France,Bourg Saint Maurice Les Arcs,QP08,Parking Mont Blanc P1 (Arc 2000),Q-Park,45.57361,6.83453,197,0.0,29.8,True,"Route du Mont Blanc, 73700 Bourg St Maurice",https://www.q-park.fr/fr-fr/villes/bourg-saint-maurice-les-arcs/arc-2000---mont-blanc-p1/,EUR
France,Bourg Saint Maurice Les Arcs,QP09,Arc 2000 P2 Extérieur,Q-Park,45.57405,6.8343,40,0.0,23.9,False,"Route du Mont Blanc, 73700 Bourg St Maurice",https://www.q-park.fr/fr-fr/villes/bourg-saint-maurice-les-arcs/bourg-saint-maurice-les-arcs---arc-2000---p2-ext%c3%a9r/,EUR
France,Bourg Saint Maurice Les Arcs,QP10,Arc 2000 P3 Extérieur,Q-Park,45.57347,6.83439,60,0.0,23.9,False,"Route du Mont Blanc, 73700 Bourg St Maurice",https://www.q-park.fr/fr-fr/villes/bourg-saint-maurice-les-arcs/bourg-saint-maurice-les-arcs---arc-2000---p3-ext%c3%a9r/,EUR
France,Bourg Saint Maurice Les Arcs,QP11,Parking Arc en Ciel P2,Q-Park,45.61899,6.77265,150,0.0,4.2,False,"Avenue de l'Arc en Ciel, 73700 Bourg St Maurice",https://www.q-park.fr/fr-fr/villes/bourg-saint-maurice-les-arcs/bourg-saint-maurice---arc-en-ciel-p2/,EUR
France,Bourg Saint Maurice Les Arcs,QP12,Parking Centre P0,Q-Park,45.6170117,6.7689575,77,0.0,63.0,True,"120 Route de Montrigon, 73700 Bourg St Maurice",https://www.q-park.fr/fr-fr/villes/bourg-saint-maurice-les-arcs/bourg-saint-maurice---centre-p0/,EUR
France,Bourg Saint Maurice Les Arcs,QP13,Parking Funiculaire P4,Q-Park,45.61466,6.77368,620,0.0,4.3,False,"Avenue de l'Arc en Ciel, 73700 Bourg St Maurice",https://www.q-park.fr/fr-fr/villes/bourg-saint-maurice-les-arcs/bourg-saint-maurice---funiculaire-p4/,EUR
France,Bourg Saint Maurice Les Arcs,QP14,Parkings extérieurs Arc 1800,Q-Park,45.57789,6.78424,1470,0.0,23.9,False,"Route du Chantel, 73700 Bourg St Maurice",https://www.q-park.fr/fr-fr/villes/bourg-saint-maurice-les-arcs/bourg-saint-maurice-les-arcs---arc-1800---ext%c3%a9rieu/,EUR
France,Bourg Saint Maurice Les Arcs,EF01,Parking Les Arcs 1950 (EFFIA),EFFIA,45.572634,6.828149,,,,True,"Le Village, Arc 1950, 73700 Bourg St Maurice",https://www.effia.com/parking/parking-les-arcs-1950-bourg-saint-maurice-effia,EUR
France,Toulon,QP01,Colibri La Rode,Q-Park,43.119345,5.942813,418,1.6,13.8,True,"126 Rue Lulli, 83000 Toulon",https://www.q-park.fr/fr-fr/villes/toulon/colibri-la-rode/,EUR
France,Toulon,QP02,Delaune Pont du Las,Q-Park,43.128379,5.914242,466,0.0,10.4,True,"1 Rue Lieutenant Colonel Bernard, 83000 Toulon",https://www.q-park.fr/fr-fr/villes/toulon/delaune-pont-du-las/,EUR
France,Toulon,QP03,Facultés,Q-Park,43.121272,5.938861,939,2.1,17.3,True,"Rue Alphonse Daudet, 83000 Toulon",https://www.q-park.fr/fr-fr/villes/toulon/facult%C3%A9s/,EUR
France,Toulon,QP04,Gare,Q-Park,43.127637,5.929486,320,2.8,18.7,True,"Face au 19 rue Mirabeau, 83000 Toulon",https://www.q-park.fr/fr-fr/villes/toulon/la-gare/,EUR
France,Toulon,QP05,Lafayette,Q-Park,43.1211897,5.9361579,410,2.1,17.3,True,"1 Avenue de Besagne, 83000 Toulon",https://www.q-park.fr/fr-fr/villes/toulon/lafayette/,EUR
France,Toulon,QP06,Liberté,Q-Park,43.126028,5.92971,658,0.0,18.7,True,"Face au 20 Rue Revel, 83000 Toulon",https://www.q-park.fr/fr-fr/villes/toulon/libert%C3%A9/,EUR
France,Toulon,QP07,Mayol Centre,Q-Park,43.120396,5.9358317,1281,2.1,17.3,True,"Avenue de Besagne (sous le tunnel), 83000 Toulon",https://www.q-park.fr/fr-fr/villes/toulon/mayol-centre/,EUR
France,Toulon,QP08,Peiresc Marché,Q-Park,43.123588,5.935586,538,2.1,17.3,True,"13 Rue de Lorgues, 83000 Toulon",https://www.q-park.fr/fr-fr/villes/toulon/peiresc-march%C3%A9/,EUR
France,Toulon,QP09,Place d'Armes Le Port,Q-Park,43.123606,5.92842,637,2.1,17.3,True,"Avenue Général Magnan, 83000 Toulon",https://www.q-park.fr/fr-fr/villes/toulon/place-d-armes-le-port/,EUR
France,Toulon,QP10,Porte d'Italie,Q-Park,43.121476,5.93817,583,1.6,13.8,True,"Square Colonel Reymond, 83000 Toulon",https://www.q-park.fr/fr-fr/villes/toulon/porte-d-italie/,EUR
France,Toulon,QP11,La Loubière,Q-Park,43.1250502,5.9396574,145,1.5,11.1,False,"Boulevard Raynouard, 83000 Toulon (geo approximated via Nominatim - Q-Park's own embedded schema.org geo was null/0,0; per Toulon Provence Méditerranée's own official metropole page (metropoletpm.fr), this ""Loubière"" facility in Toulon is actually listed as operated directly by the Régie Métropolitaine du Stationnement, not Q-Park - yet it appears on Q-Park's own Toulon city page with a live tariff API response, so kept here as a Q-Park row per Q-Park's own self-declared 12-facility count, matching the task's stated source of truth)",https://www.q-park.fr/fr-fr/villes/toulon/toulon---la-loubiere/,EUR
France,Toulon,QP12,Zénith Préfecture - Gare,Q-Park,43.1292305,5.9337848,667,2.0,16.5,True,"Boulevard du 112ème Régiment d'Infanterie, 83100 Toulon",https://www.q-park.fr/fr-fr/villes/toulon/zenith-prefecture/,EUR
France,Toulon,IN01,Palais Liberté,Indigo,43.125957,5.929742,,2.9,18.5,False,"Pl. de la Liberté, 83000 Toulon (capacity not published by Indigo Neo)",https://www.indigoneo.fr/fr/parkings/23650/parking-palais-liberte,EUR
France,Toulon,EF01,Toulon - Parking Gare SNCF Louis Armand,Effia,43.12887,5.927435,,3.6,25.1,True,"Boulevard Toesca, 83000 Toulon (capacity not published by Effia)",https://www.effia.com/parking/parking-gare-de-toulon-effia,EUR
France,Toulon,EF02,Toulon - Parking Gare SNCF Dépose Minute,Effia,43.128861,5.927658,,4.7,,False,"Boulevard Toesca, 83000 Toulon (short-stay kiss-and-ride drop-off zone at the station; only 15min/30min/1hr tariffs published, no daily cap; capacity not published)",https://www.effia.com/parking/parking-gare-de-toulon-depose-minute-effia,EUR
France,Paris La Défense,QP01,La Défense Boieldieu,Q-Park,48.8892292,2.2411823,1660,5.0,36.5,True,"11 Avenue Jean Moulin, 92800 Puteaux",https://www.q-park.fr/fr-fr/villes/paris-la-défense/la-défense-boieldieu/,EUR
France,Paris La Défense,QP02,La Défense Centre - Grande Arche,Q-Park,48.8908775,2.2420314,876,5.0,36.5,True,"13 Rond point de la Défense, 92400 Courbevoie",https://www.q-park.fr/fr-fr/villes/paris-la-défense/la-défense-centre-grande-arche/,EUR
France,Paris La Défense,QP03,La Défense Corolles,Q-Park,48.8909191,2.246926,398,5.0,36.5,True,"1 Liaison Médiane, 92400 Courbevoie",https://www.q-park.fr/fr-fr/villes/paris-la-défense/la-défense-corolles/,EUR
France,Paris La Défense,QP04,La Défense Coupole-Regnault,Q-Park,48.893903,2.241595,2513,5.0,36.5,True,"15 Square Henri Regnault, 92400 Courbevoie",https://www.q-park.fr/fr-fr/villes/paris-la-défense/la-défense-coupole-regnault/,EUR
France,Paris La Défense,QP05,La Défense Les Terrasses,Q-Park,48.8962536,2.223569,544,2.2,23.4,True,"17 Rue Celestin Hebert, 92000 Nanterre",https://www.q-park.fr/fr-fr/villes/paris-la-défense/la-défense-les-terrasses/,EUR
France,Paris La Défense,QP06,La Défense Michelet,Q-Park,48.8877408,2.2457473,3683,5.0,36.5,True,"8 Rue Michelet, 92800 Puteaux",https://www.q-park.fr/fr-fr/villes/paris-la-défense/la-défense-michelet/,EUR
France,Paris La Défense,QP07,La Défense P1/P2 (Westfield Les 4 Temps),Q-Park,48.891309,2.234023,4244,4.7,34.2,True,"7 Rue Jules Ferry, 92800 Puteaux",https://www.q-park.fr/fr-fr/villes/paris-la-défense/la-défense-p1-p2/,EUR
France,Paris La Défense,QP08,La Défense Reflets/Iris,Q-Park,48.89073,2.246849,3586,5.0,36.5,True,"1 Liaison médiane, 92400 Courbevoie",https://www.q-park.fr/fr-fr/villes/paris-la-défense/la-défense-reflets-iris/,EUR
France,Paris La Défense,QP09,La Défense Saisons,Q-Park,48.89053,2.2527418,1655,5.0,36.5,True,"16 Rue du Général Audran, 92400 Courbevoie",https://www.q-park.fr/fr-fr/villes/paris-la-défense/la-défense-saisons/,EUR
France,Paris La Défense,QP10,La Défense Villon,Q-Park,48.88772,2.242619,2262,5.0,36.5,,"47 Rue Paradis, 92800 Puteaux",https://www.q-park.fr/fr-fr/villes/paris-la-défense/la-défense-villon/,EUR
France,Paris La Défense,IN01,CNIT La Défense,Indigo Neo,48.893861,2.240546,,4.4,30.0,True,"19 Avenue de la Division Leclerc, 92800 Puteaux",https://www.indigoneo.fr/fr/parkings/27315/parking-cnit-la-defense,EUR
France,Paris La Défense,IN02,Valmy La Défense,Indigo Neo,48.892724,2.230708,,4.6,30.6,True,"16 Rue des Longues Raies, 92000 Nanterre",https://www.indigoneo.fr/fr/parkings/33665/parking-valmy-la-defense,EUR
France,Val d'Isère,QP01,Centre des Congrès,Q-Park,45.44804,6.97517,116,,,,"Rue de la Face, 73150 Val d'Isère",https://www.q-park.fr/fr-fr/villes/val-d-is%c3%a8re/centre-des-congres/,EUR
France,Val d'Isère,QP02,P0 Centre,Q-Park,45.4492,6.97718,340,3.2,29.1,True,"Rue Noel Machet, 73150 Val d'Isère",https://www.q-park.fr/fr-fr/villes/val-d-is%c3%a8re/p0-centre/,EUR
France,Val d'Isère,QP03,P1 Face de Bellevarde,Q-Park,45.44654,6.97581,448,3.2,29.1,True,"387 Rue de la Face, 73150 Val d'Isère",https://www.q-park.fr/fr-fr/villes/val-d-is%c3%a8re/p1-face-de-bellevarde/,EUR
France,Val d'Isère,QP04,P2 Daille,Q-Park,45.462366,6.96453,327,3.2,29.1,,"332 Rue de la Daille, 73150 Val d'Isère",https://www.q-park.fr/fr-fr/villes/val-d-is%c3%a8re/p2-daille/,EUR
France,Val d'Isère,QP05,P3 Crêt,Q-Park,45.45576,6.96947,190,3.2,29.1,True,"Route de la Plaine, 73150 Val d'Isère",https://www.q-park.fr/fr-fr/villes/val-d-is%c3%a8re/p3-cret/,EUR
France,Val d'Isère,QP06,P4 Bus,Q-Park,45.45873,6.96688,5,0.0,58.0,,"Route de la Plaine, 73150 Val d'Isère",https://www.q-park.fr/fr-fr/villes/val-d-is%c3%a8re/p4-bus/,EUR
France,Val d'Isère,QP07,P5 Plaine de la Daille,Q-Park,45.45987,6.96592,120,2.6,20.1,True,"D902, Route de la Plaine, 73150 Val d'Isère",https://www.q-park.fr/fr-fr/villes/val-d-is%c3%a8re/p5-plaine-de-la-daille/,EUR
France,Val d'Isère,QP08,P6 Laisinant,Q-Park,45.44725,6.99398,90,2.6,20.1,,"Route du Laisinant, 73150 Val d'Isère",https://www.q-park.fr/fr-fr/villes/val-d-is%c3%a8re/p6-laisinant/,EUR
France,Val d'Isère,QP09,P7 Manchet,Q-Park,45.43824,6.97468,90,0.0,20.1,,"Route de l'Eau Rousse, 73150 Val d'Isère",https://www.q-park.fr/fr-fr/villes/val-d-is%c3%a8re/p7-manchet/,EUR
France,Val d'Isère,QP10,Les Richardes,Q-Park,45.4463,6.98803,59,,,,"Allée des Richardes, 73150 Val d'Isère",https://www.q-park.fr/fr-fr/villes/val-d-is%c3%a8re/richardes/,EUR
France,Val d'Isère,QP11,Rond-Point des Pistes,Q-Park,45.44578,6.97772,77,,,,"Place du Rond Point des Pistes, 73150 Val d'Isère",https://www.q-park.fr/fr-fr/villes/val-d-is%c3%a8re/rond-point-des-pistes/,EUR
France,Val d'Isère,QP12,Val Village,Q-Park,45.44845,6.97972,254,,,,"Rue des Téléphériques, 73150 Val d'Isère",https://www.q-park.fr/fr-fr/villes/val-d-is%c3%a8re/val-village/,EUR
France,Valence,QP01,Chamfort,Q-Park,44.926149,4.894936,200,1.5,17.3,,"26 Rue de Clos Gaillard, 26000 Valence",https://www.q-park.fr/fr-fr/villes/valence/chamfort/,EUR
France,Valence,QP02,Champ de Mars,Q-Park,44.9297662,4.8896752,842,2.5,19.8,True,"5 Place Championnet, 26000 Valence",https://www.q-park.fr/fr-fr/villes/valence/champ-de-mars/,EUR
France,Valence,QP03,Chareton Est,Q-Park,44.934223,4.895884,109,1.5,17.3,,"46 Boulevard Vauban, 26000 Valence",https://www.q-park.fr/fr-fr/villes/valence/chareton-est/,EUR
France,Valence,QP04,Chareton Ouest,Q-Park,44.93577,4.895495,97,1.5,17.3,,"1 Cours Chareton, 26000 Valence",https://www.q-park.fr/fr-fr/villes/valence/chareton-ouest/,EUR
France,Valence,QP05,Chevandier,Q-Park,44.927494,4.89196,98,2.5,19.8,,"22 Rue Chevandier, 26000 Valence",https://www.q-park.fr/fr-fr/villes/valence/chevandier/,EUR
France,Valence,QP06,Faventines,Q-Park,44.929358,4.898325,249,1.5,17.3,,"66 Rue Faventines, 26000 Valence",https://www.q-park.fr/fr-fr/villes/valence/faventines/,EUR
France,Valence,QP07,Gare,Q-Park,44.9271369,4.892767,333,1.5,17.3,,"50 Rue Denis Papin, 26000 Valence",https://www.q-park.fr/fr-fr/villes/valence/gare/,EUR
France,Valence,QP08,Hôtel de Ville,Q-Park,44.933816,4.893934,322,2.0,16.3,,"Rue Belle Image, 26000 Valence",https://www.q-park.fr/fr-fr/villes/valence/h%C3%B4tel-de-ville/,EUR
France,Valence,QP09,Hugo Balzac,Q-Park,44.929077,4.892509,450,2.5,19.8,,"13 Rue Balzac, 26000 Valence",https://www.q-park.fr/fr-fr/villes/valence/hugo-balzac/,EUR
France,Valence,QP10,Manouchian,Q-Park,44.933855,4.893884,58,2.0,16.3,,"Place Missak Manouchian, 26000 Valence",https://www.q-park.fr/fr-fr/villes/valence/manouchian/,EUR
France,Valence,EF01,Gare Valence TGV P1 Alpes,Effia,44.988848,4.980144,811,,,True,"Gare Valence TGV, 26300 Alixan",https://www.effia.com/parking/parking-gare-de-valence-tgv-p1-alpes-effia,EUR
France,Valence,EF02,Gare Valence TGV P2 Rhone,Effia,44.98931,4.978415,513,,,True,"Gare Valence TGV, 26300 Alixan",https://www.effia.com/parking/parking-gare-de-valence-tgv-p2-rhone-effia,EUR
France,Boulogne sur Mer,QP01,Enclos Evêché,Q-Park,50.72659,1.614016,105,1.3,17.6,False,"Enclos de l'Evêché, 62200 Boulogne sur Mer",https://www.q-park.fr/fr-fr/villes/boulogne-sur-mer/enclos-ev%c3%aach%c3%a9/,EUR
France,Boulogne sur Mer,QP02,Enclos Herry,Q-Park,50.7271158,1.6060732,184,1.0,12.2,False,"Place Adolphe Herry, 62200 Boulogne sur Mer",https://www.q-park.fr/fr-fr/villes/boulogne-sur-mer/enclos-herry/,EUR
France,Boulogne sur Mer,QP03,Enclos La Plage,Q-Park,50.731597,1.594944,230,1.3,17.6,False,"Boulevard Sainte-Beuve, 62200 Boulogne sur Mer",https://www.q-park.fr/fr-fr/villes/boulogne-sur-mer/enclos-la-plage/,EUR
France,Boulogne sur Mer,QP04,Enclos Mariette,Q-Park,50.727072,1.612975,290,1.7,19.8,False,"Place Mariette, 62200 Boulogne sur Mer",https://www.q-park.fr/fr-fr/villes/boulogne-sur-mer/enclos-mariette/,EUR
France,Boulogne sur Mer,QP05,Enclos Quai de la Poste,Q-Park,50.7231871,1.6015886,114,1.0,12.2,False,"Quai de la Poste, 62200 Boulogne sur Mer",https://www.q-park.fr/fr-fr/villes/boulogne-sur-mer/enclos-quai-de-la-poste/,EUR
France,Boulogne sur Mer,QP06,Enclos Quai des Paquebots,Q-Park,50.728738,1.596814,100,,,False,"Quai des Paquebots, 62200 Boulogne sur Mer",https://www.q-park.fr/fr-fr/villes/boulogne-sur-mer/enclos-quai-des-paquebots/,EUR
France,Boulogne sur Mer,QP07,Lumière,Q-Park,50.72191,1.607243,450,1.0,12.2,True,"9 Rue du Docteur Douglas Aigre, 62200 Boulogne sur Mer",https://www.q-park.fr/fr-fr/villes/boulogne-sur-mer/lumi%c3%a8re/,EUR
France,Boulogne sur Mer,QP08,Nausicaa,Q-Park,50.728834,1.598658,800,1.2,16.0,True,"86 Rue de Folkestone, 62200 Boulogne sur Mer",https://www.q-park.fr/fr-fr/villes/boulogne-sur-mer/nausicaa/,EUR
France,Boulogne sur Mer,QP09,Saint Louis,Q-Park,50.725603,1.604539,408,1.0,12.2,False,"19 Rue Saint-Louis, 62200 Boulogne sur Mer",https://www.q-park.fr/fr-fr/villes/boulogne-sur-mer/saint-louis/,EUR
France,Clermont Ferrand,cf-qp-1ermai,1er Mai,Q-Park,45.78651,3.10104,278,1.4,9.0,False,"Rue Entre les 2 Villes, 63000 Clermont Ferrand",https://www.q-park.fr/fr-fr/villes/clermont-ferrand/1er-mai/,EUR
France,Clermont Ferrand,cf-qp-blaisepascal,Blaise Pascal,Q-Park,45.7767,3.08866,466,1.5,14.7,False,"Place Michel de l'Hospital, 63000 Clermont Ferrand",https://www.q-park.fr/fr-fr/villes/clermont-ferrand/blaise-pascal/,EUR
France,Clermont Ferrand,cf-qp-cathedrale,Cathédrale,Q-Park,45.7801,3.08561,302,1.4,19.0,False,"5 Rue Saint-Hérem, 63000 Clermont Ferrand",https://www.q-park.fr/fr-fr/villes/clermont-ferrand/cathedrale-clermont-ferrand/,EUR
France,Clermont Ferrand,cf-qp-fontgieve,Fontgièvre,Q-Park,45.78229,3.07868,190,,,False,"12 Rue Jean Bonnefons, 63000 Clermont Ferrand",https://www.q-park.fr/fr-fr/villes/clermont-ferrand/fontgieve/,EUR
France,Clermont Ferrand,cf-qp-gambetta,Gambetta,Q-Park,45.77103,3.08123,478,1.7,16.3,False,"8 Avenue Max Dormoy, 63000 Clermont Ferrand",https://www.q-park.fr/fr-fr/villes/clermont-ferrand/gambetta-clermont-ferrand/,EUR
France,Clermont Ferrand,cf-qp-mediathequeallagnat,Médiathèque Allagnat,Q-Park,45.77482,3.08366,123,,,False,"Rue d'Allagnat, 63000 Clermont Ferrand",https://www.q-park.fr/fr-fr/villes/clermont-ferrand/mediatheque-allagnat/,EUR
France,Clermont Ferrand,cf-qp-saintpierre,Saint-Pierre,Q-Park,45.78019,3.08241,169,1.5,14.7,False,"Place Gilbert Gaillard, 63000 Clermont Ferrand",https://www.q-park.fr/fr-fr/villes/clermont-ferrand/saint-pierre-clermont-ferrand/,EUR
France,Clermont Ferrand,cf-qp-vercingetorix,Vercingétorix,Q-Park,45.777675,3.081369,268,1.5,14.7,False,"Rue Lamartine, 63000 Clermont Ferrand",https://www.q-park.fr/fr-fr/villes/clermont-ferrand/vercingetorix/,EUR
France,Clermont Ferrand,cf-effia-gare,Gare de Clermont-Ferrand,Effia,45.777248,3.10173,,2.4,21.7,True,"17 Rue Pierre Sémard, Parking Gare SNCF de Clermont, 63000 Clermont Ferrand",https://www.effia.com/parking/parking-gare-de-clermont-ferrand-effia,EUR
France,Clermont Ferrand,cf-effia-lespistes,Les Pistes,Effia,45.798151,3.113557,,,,False,"349 Rue de la Fontaine de la Ratte, 63100 Clermont Ferrand",https://www.effia.com/parking/parking-clermont-ferrand-les-pistes-effia,EUR
France,Clermont Ferrand,cf-effia-chuestaing,CHU-Estaing Esplanade,Effia,45.78379,3.10972,,2.4,13.0,False,"66 Rue Auger, 63000 Clermont Ferrand",https://www.effia.com/parking/parking-clermont-ferrand-chu-estaing-esplanade-effia,EUR
France,Clermont Ferrand,cf-indigo-carmesdelille,Carmes Delille,Indigo,45.781605,3.092087,,,,False,"Rue Henri Barbusse, 63000 Clermont-Ferrand",https://www.indigoneo.fr/fr/parkings/23638/parking-carmes-delille,EUR
France,Metz,QP01,Aubertin,Q-Park,49.105191,6.169908,154,,,False,"Rue Clotilde Aubertin, 57000 Metz",https://www.q-park.fr/fr-fr/villes/metz/aubertin/,EUR
France,Metz,QP02,Boulevard de Trèves P1,Q-Park,49.1225556,6.1878889,150,,10.0,False,"18 Boulevard de Trèves, 57000 Metz",https://www.q-park.fr/fr-fr/villes/metz/boulevard-de-tr%C3%A8ves-p1/,EUR
France,Metz,QP03,Boulevard de Trèves P2,Q-Park,49.1217222,6.1880833,100,,10.0,False,"2 Boulevard de Trèves, 57000 Metz",https://www.q-park.fr/fr-fr/villes/metz/boulevard-de-tr%C3%A8ves-p2/,EUR
France,Metz,QP04,Boulevard de Trèves P3,Q-Park,49.1230833,6.1878333,372,,10.0,False,"20 Boulevard de Trèves, 57000 Metz",https://www.q-park.fr/fr-fr/villes/metz/boulevard-de-tr%C3%A8ves-p3/,EUR
France,Metz,QP05,Boulevard de Trèves P4,Q-Park,49.1237222,6.1879166,95,,,False,"5 Boulevard de Trèves, 57000 Metz",https://www.q-park.fr/fr-fr/villes/metz/boulevard-de-tr%C3%A8ves-p4/,EUR
France,Metz,QP06,Mazelle,Q-Park,49.1136061,6.1844132,270,1.7,14.0,True,"48 Place Mazelle, 57000 Metz",https://www.q-park.fr/fr-fr/villes/metz/mazelle/,EUR
France,Metz,QP07,Paixhans,Q-Park,49.121018,6.1844902,387,1.7,14.0,False,"Rue du General Fournier, 57000 Metz",https://www.q-park.fr/fr-fr/villes/metz/paixhans/,EUR
France,Metz,EF01,Gare de Metz Château d'Eau,Effia,49.110951,6.17923,,1.8,17.1,False,"2 passage de l'amphithéâtre, 57000 Metz",https://www.effia.com/parking/parking-gare-de-metz-chateau-deau-effia,EUR
France,Metz,EF02,Gare de Metz,Effia,49.108956,6.175098,,1.8,16.6,True,"Rue Lafayette, 57000 Metz",https://www.effia.com/parking/parking-gare-de-metz-effia,EUR
France,Annemasse,QP01,Chablais Park,Q-Park,46.197083,6.236685,614,1.6,18.0,True,"13 Rue des Alpes, 74100 Annemasse",https://www.q-park.fr/fr-fr/villes/annemasse/chablais-park/,EUR
France,Annemasse,QP02,Clos Fleury,Q-Park,46.192187,6.232508,160,2.0,14.6,False,"2 Place du Clos Fleury, 74100 Annemasse",https://www.q-park.fr/fr-fr/villes/annemasse/clos-fleury/,EUR
France,Annemasse,QP03,Étoile Gare,Q-Park,46.199954,6.23859,516,1.6,18.0,True,"2 Rue des Frères Tassile, 74100 Annemasse",https://www.q-park.fr/fr-fr/villes/annemasse/etoile-gare/,EUR
France,Annemasse,QP04,Hôtel de Ville Montessuit,Q-Park,46.194016,6.232034,239,1.6,18.0,True,"11 Rue Molière, 74100 Annemasse",https://www.q-park.fr/fr-fr/villes/annemasse/hotel-de-ville-montessuit/,EUR
France,Annemasse,QP05,Libération,Q-Park,46.192767,6.235742,634,1.6,18.0,True,"4 Place de la Libération, 74100 Annemasse",https://www.q-park.fr/fr-fr/villes/annemasse/liberation/,EUR
France,Annemasse,QP06,Place des Marchés,Q-Park,46.191554,6.235399,300,2.0,14.6,False,"6 Rue Charles Dupraz, 74100 Annemasse",https://www.q-park.fr/fr-fr/villes/annemasse/place-des-march%C3%A9s/,EUR
France,Annemasse,QP07,Sémard,Q-Park,46.199707,6.239531,71,1.4,14.6,False,"7 Rue des Frères Tassile, 74100 Annemasse",https://www.q-park.fr/fr-fr/villes/annemasse/semard/,EUR
France,Colombes,QP01,Aragon,Q-Park,48.915366,2.228258,51,2.0,17.5,True,"152 Boulevard Charles de Gaulle, 92700 Colombes",https://www.q-park.fr/fr-fr/villes/colombes/aragon/,EUR
France,Colombes,QP02,Charles De Gaulle,Q-Park,48.9101349,2.2352919,450,2.0,17.5,,"50 Boulevard Charles De Gaulle, 92700 Colombes",https://www.q-park.fr/fr-fr/villes/colombes/charles-de-gaulle/,EUR
France,Colombes,QP03,Hôtel de Ville,Q-Park,48.92288,2.254065,273,2.0,17.5,True,"9 Rue de la liberté, 92700 Colombes",https://www.q-park.fr/fr-fr/villes/colombes/h%c3%b4tel-de-ville/,EUR
France,Colombes,QP04,Marceau,Q-Park,48.928354,2.265832,26,,15.7,,"Rue de Belgique, 92700 Colombes",https://www.q-park.fr/fr-fr/villes/colombes/marceau/,EUR
France,Colombes,QP05,Saint Denis,Q-Park,48.924311,2.2488901,100,2.0,17.5,,"114 Rue St Denis, 92700 Colombes",https://www.q-park.fr/fr-fr/villes/colombes/saint-denis/,EUR
France,Colombes,QP06,Tribunal,Q-Park,48.922594,2.250064,33,,15.7,,"19 Rue Beaurepaire, 92700 Colombes",https://www.q-park.fr/fr-fr/villes/colombes/tribunal/,EUR
France,Colombes,QP07,Village,Q-Park,48.92291,2.255893,97,2.0,17.5,True,"61 Rue Bournard, 92700 Colombes",https://www.q-park.fr/fr-fr/villes/colombes/village/,EUR
France,Epinal,QP01,Aristide Briand,Q-Park,48.172848,6.450339,45,,,False,"6 Rue Aristide Briand, 88000 Épinal",https://www.q-park.fr/fr-fr/villes/epinal/aristide-briand/,EUR
France,Epinal,QP02,De Lattre De Tassigny,Q-Park,48.1770805,6.4439222,57,1.8,9.8,False,"9 Avenue du Maréchal de Lattre de Tassigny, 88000 Épinal",https://www.q-park.fr/fr-fr/villes/epinal/de-lattre-de-tassigny/,EUR
France,Epinal,QP03,Marché Couvert,Q-Park,48.174097,6.449614,38,2.0,13.6,False,"9 Rue de la Comédie, 88000 Épinal",https://www.q-park.fr/fr-fr/villes/epinal/epinal-march%C3%A9-couvert/,EUR
France,Epinal,QP04,Gare,Q-Park,48.17715,6.442461,205,1.5,11.4,True,"8 Avenue du Général de Gaulle, 88000 Épinal",https://www.q-park.fr/fr-fr/villes/epinal/gare/,EUR
France,Epinal,QP05,Georges Clémenceau,Q-Park,48.179211,6.446873,57,1.8,9.8,False,"46 Pont Léopold, 88000 Épinal",https://www.q-park.fr/fr-fr/villes/epinal/georges-cl%C3%A9menceau/,EUR
France,Epinal,QP06,Saint Michel,Q-Park,48.175998,6.452917,228,1.5,11.1,True,"1 Rue Saint-Michel, 88000 Épinal",https://www.q-park.fr/fr-fr/villes/epinal/saint-michel/,EUR
France,Epinal,QP07,Saint Nicolas,Q-Park,48.177043,6.448402,410,1.5,11.4,True,"25 Rue de la Chipotte, 88000 Épinal",https://www.q-park.fr/fr-fr/villes/epinal/saint-nicolas/,EUR
France,Epinal,EF01,Gare d'Épinal,Effia,48.178418,6.440414,,1.2,8.1,,"Rue Jean Jaurès, 88000 Épinal",https://www.effia.com/parking/parking-gare-depinal-effia,EUR
France,La Plagne,QP01,Bellecôte P1 Couvert,Q-Park,45.51543,6.69487,606,2.0,22.0,False,"Plagne Bellecôte, 73210 La Plagne",https://www.q-park.fr/fr-fr/villes/la-plagne/la-plagne---bellec%c3%b4te-p1-couvert/,EUR
France,La Plagne,QP02,Bellecôte P2 Aérien,Q-Park,45.51559,6.69528,300,2.4,22.0,False,"Plagne Bellecôte, 73210 La Plagne",https://www.q-park.fr/fr-fr/villes/la-plagne/la-plagne---bellec%c3%b4te-p2-a%c3%a9rien/,EUR
France,La Plagne,QP03,Caravaneige,Q-Park,45.50516,6.68862,40,,,False,"Route du Boulevard, 73210 La Plagne",https://www.q-park.fr/fr-fr/villes/la-plagne/caravaneige/,EUR
France,La Plagne,QP04,Le Boulevard,Q-Park,45.50713,6.67834,1281,,,False,"Plagne Centre - Route du Boulevard, 73210 La Plagne",https://www.q-park.fr/fr-fr/villes/la-plagne/le-boulevard/,EUR
France,La Plagne,QP05,Le Cervin,Q-Park,45.50859,6.68566,90,,,False,"Plagne Soleil, 73210 La Plagne",https://www.q-park.fr/fr-fr/villes/la-plagne/le-cervin/,EUR
France,La Plagne,QP06,Les Lodges 1970,Q-Park,45.50761,6.67672,52,,,False,"Route de Plagne Centre, 73210 La Plagne",https://www.q-park.fr/fr-fr/villes/la-plagne/les-lodges-1970/,EUR
France,La Plagne,QP07,Plagne Soleil,Q-Park,45.50871,6.68458,140,2.4,22.0,False,"Plagne Soleil, 73210 La Plagne",https://www.q-park.fr/fr-fr/villes/la-plagne/plagne-soleil/,EUR
France,Antibes,QP01,Frères Olivier,Q-Park,43.579751,7.119258,327,,42.9,True,"19 Boulevard Gustave Chancel, 06600 Antibes",https://www.q-park.fr/fr-fr/villes/antibes/fr%c3%a8res-olivier/,EUR
France,Antibes,QP02,Jean-Marie Poirier,Q-Park,43.581401,7.119684,282,4.0,38.0,True,"8 Avenue Tourre, 06600 Antibes",https://www.q-park.fr/fr-fr/villes/antibes/jean-marie-poirier/,EUR
France,Antibes,QP03,La Poste,Q-Park,43.581324,7.124123,330,,42.9,True,"22 Rue Vauban, 06600 Antibes",https://www.q-park.fr/fr-fr/villes/antibes/la-poste/,EUR
France,Antibes,QP04,Médiathèque,Q-Park,43.5790216,7.1187117,192,,,True,"26 Rue des Lits Militaires, 06600 Antibes",https://www.q-park.fr/fr-fr/villes/antibes/m%c3%a9diath%c3%a8que/,EUR
France,Antibes,QP05,Palais des Congrès,Q-Park,43.5682823,7.1162365,374,2.9,35.0,False,"60 Chemin des Sables, 06160 Antibes",https://www.q-park.fr/fr-fr/villes/antibes/palais-des-congr%c3%a8s/,EUR
France,Antibes,QP06,Pré aux Pêcheurs,Q-Park,43.58379,7.125817,569,,42.9,True,"20 Avenue de Verdun, 06600 Antibes",https://www.q-park.fr/fr-fr/villes/antibes/pr%c3%a9-aux-p%c3%aacheurs/,EUR
France,Aubagne,QP01,8 Mai 1945,Q-Park,43.294329,5.564113,375,0.0,18.3,True,"120 Chemin de l'Isle des Marronniers, 13400 Aubagne",https://www.q-park.fr/fr-fr/villes/aubagne/8-mai-1945/,EUR
France,Aubagne,QP02,Aubagne - Hôpital,Q-Park,43.2916538,5.5635998,940,,,False,"179 Avenue des Soeurs Gastine, 13400 Aubagne",https://www.q-park.fr/fr-fr/villes/aubagne/aubagne---h%c3%b4pital/,EUR
France,Aubagne,QP03,Potiers,Q-Park,43.28931,5.57154,74,0.0,18.3,False,"Rue des Tuiliers, 13400 Aubagne",https://www.q-park.fr/fr-fr/villes/aubagne/aubagne---potiers/,EUR
France,Aubagne,QP04,Beaumond,Q-Park,43.290751,5.570099,234,0.0,18.3,False,"65 Rue de la République, 13400 Aubagne",https://www.q-park.fr/fr-fr/villes/aubagne/beaumond/,EUR
France,Aubagne,QP05,Centre Ancien,Q-Park,43.29395,5.570462,331,0.0,18.3,False,"30 Avenue Elzéard Rougier, 13400 Aubagne",https://www.q-park.fr/fr-fr/villes/aubagne/centre-ancien/,EUR
France,Aubagne,QP06,Marché,Q-Park,43.2949841,5.5712981,590,2.4,18.3,True,"216 Avenue Gabriel Péri, 13400 Aubagne",https://www.q-park.fr/fr-fr/villes/aubagne/march%c3%a9/,EUR
France,Bergerac,QP01,Aire Camping-Car,Q-Park,44.87104,0.5035,22,,,False,"43 Rue du Coulobre, 24100 Bergerac",https://www.q-park.fr/fr-fr/villes/bergerac/aire-camping-car/,EUR
France,Bergerac,QP02,Parking Bellegarde,Q-Park,44.85278,0.48145,339,1.4,16.4,False,"3 Place Bellegarde, 24100 Bergerac",https://www.q-park.fr/fr-fr/villes/bergerac/bellegarde/,EUR
France,Bergerac,QP03,Parking Gambetta,Q-Park,44.85503,0.4825,107,1.4,1.4,False,"34 Place Gambetta, 24100 Bergerac",https://www.q-park.fr/fr-fr/villes/bergerac/bergerac---gambetta/,EUR
France,Bergerac,QP04,Parking République,Q-Park,44.85317,0.48658,320,1.5,,False,"2 Rue des Carmes, 24100 Bergerac",https://www.q-park.fr/fr-fr/villes/bergerac/bergerac---r%C3%A9publique/,EUR
France,Bergerac,QP05,Parking Carmes,Q-Park,44.853341,0.486718,285,1.4,16.4,False,"4 Rue des Carmes, 24100 Bergerac",https://www.q-park.fr/fr-fr/villes/bergerac/carmes/,EUR
France,Bergerac,QP06,Parking Saint Jacques,Q-Park,44.85147,0.48268,73,,,False,"1 Rue Fonbalquine, 24100 Bergerac",https://www.q-park.fr/fr-fr/villes/bergerac/saint-jacques/,EUR
France,Chartres,QP01,Cœur de Ville,Q-Park,48.44382,1.483916,1118,3.0,25.1,True,"Place des Épars, 28000 Chartres",https://www.q-park.fr/fr-fr/villes/chartres/c%c5%93ur-de-ville/,EUR
France,Chartres,QP02,Cathédrale,Q-Park,48.44737,1.484147,331,3.0,25.1,True,"Place Châtelet, 28000 Chartres",https://www.q-park.fr/fr-fr/villes/chartres/cath%c3%a9drale/,EUR
France,Chartres,QP03,Gare-Colisée,Q-Park,48.448729,1.4791,1085,3.0,25.1,True,"25 Rue du Faubourg Saint-Jean, 28000 Chartres",https://www.q-park.fr/fr-fr/villes/chartres/gare-colis%c3%a9e/,EUR
France,Chartres,QP04,Grand Faubourg,Q-Park,48.443721,1.481989,163,3.0,25.1,False,"17 Rue du Grand Faubourg, 28000 Chartres",https://www.q-park.fr/fr-fr/villes/chartres/grand-faubourg/,EUR
France,Chartres,QP05,Hôtel de Ville,Q-Park,48.443509,1.487573,403,3.0,25.1,False,"16 Rue Mathurin Régnier, 28000 Chartres",https://www.q-park.fr/fr-fr/villes/chartres/h%c3%b4tel-de-ville/,EUR
France,Chartres,QP06,République,Q-Park,48.446169,1.481111,586,3.0,25.1,True,"Face au 10 Rue Danielle Casanova, 28000 Chartres",https://www.q-park.fr/fr-fr/villes/chartres/r%c3%a9publique/,EUR
France,Evian Les Bains,QP01,Charles de Gaulle,Q-Park,46.4012655,6.5888103,258,1.5,16.4,True,"Place Charles De Gaulle, 74500 Evian Les Bains",https://www.q-park.fr/fr-fr/villes/evian-les-bains/charles-de-gaulle/,EUR
France,Evian Les Bains,QP02,Centre,Q-Park,46.3997883,6.5893805,98,1.5,16.4,True,"28 Avenue Commandant Madelaine, 74500 Evian Les Bains",https://www.q-park.fr/fr-fr/villes/evian-les-bains/evian-les-bains-centre/,EUR
France,Evian Les Bains,QP03,Gare d'Evian-les-Bains,Q-Park,46.3975247,6.5736937,142,1.5,16.4,True,"46 Avenue de la Gare, 74500 Evian Les Bains",https://www.q-park.fr/fr-fr/villes/evian-les-bains/gare-evian-les-bains/,EUR
France,Evian Les Bains,QP04,Office du Tourisme,Q-Park,46.4011348,6.5854967,529,1.5,16.4,True,"7 Place Porte d'Allinges, 74500 Evian Les Bains",https://www.q-park.fr/fr-fr/villes/evian-les-bains/office-du-tourisme/,EUR
France,Evian Les Bains,QP05,Port Hilton,Q-Park,46.4012188,6.5979371,321,1.5,16.4,True,"53 Quai Paul Léger, 74500 Evian Les Bains",https://www.q-park.fr/fr-fr/villes/evian-les-bains/port-hilton/,EUR
France,Evian Les Bains,QP06,Princess,Q-Park,46.4013937,6.5986325,112,1.5,16.4,False,"49 Quai Paul Léger, 74500 Evian Les Bains",https://www.q-park.fr/fr-fr/villes/evian-les-bains/princess/,EUR
France,Chalon sur Saône,QP01,Banque,Q-Park,46.782983,4.85032,309,1.6,15.9,True,"17 Rue de la Banque, 71100 Chalon sur Saône",https://www.q-park.fr/fr-fr/villes/chalon-sur-sa%c3%b4ne/banque/,EUR
France,Chalon sur Saône,QP02,Colombière,Q-Park,46.784472,4.84513,186,,,False,"18 Avenue Baucicaut, 71100 Chalon sur Saône",https://www.q-park.fr/fr-fr/villes/chalon-sur-sa%c3%b4ne/colombi%c3%a8re/,EUR
France,Chalon sur Saône,QP03,Gloriette,Q-Park,46.780463,4.851069,37,,,False,"14 Rue Philibert Leon Couturier, 71100 Chalon sur Saône",https://www.q-park.fr/fr-fr/villes/chalon-sur-sa%c3%b4ne/gloriette/,EUR
France,Chalon sur Saône,QP04,Hôtel de Ville,Q-Park,46.78026,4.853346,450,1.6,15.9,True,"Passage du Milon, 71100 Chalon sur Saône",https://www.q-park.fr/fr-fr/villes/chalon-sur-sa%c3%b4ne/h%c3%b4tel-de-ville/,EUR
France,Chalon sur Saône,QP05,Motte,Q-Park,46.78422,4.855957,608,1.6,15.9,True,"29 Rue de la Motte, 71100 Chalon sur Saône",https://www.q-park.fr/fr-fr/villes/chalon-sur-sa%c3%b4ne/motte/,EUR
France,Lyon,QP01,Brotteaux,Q-Park,45.766777,4.859048,410,3.6,47.7,True,"Contre allée Place Jules Ferry, 69006 Lyon",https://www.q-park.fr/fr-fr/villes/lyon/brotteaux/,EUR
France,Lyon,QP02,Gare Part-Dieu,Q-Park,45.761366,4.862612,360,4.0,34.2,False,"2 Rue d'Aubigny, 69003 Lyon",https://www.q-park.fr/fr-fr/villes/lyon/gare-part-dieu/,EUR
France,Lyon,QP03,Gare Perrache,Q-Park,45.747062,4.82608,649,3.6,34.0,True,"2 Rue Smith, 69002 Lyon",https://www.q-park.fr/fr-fr/villes/lyon/gare-perrache/,EUR
France,Lyon,QP04,La Fabric',Q-Park,45.7307885,4.8301853,107,3.0,37.5,False,"225 rue Marcel Mérieux, 69007 Lyon",https://www.q-park.fr/fr-fr/villes/lyon/lyon---la-fabric/,EUR
France,Lyon,QP05,Perrache Carnot,Q-Park,45.7489569,4.8273479,82,3.4,32.0,False,"Cours Verdun Perrache, 69002 Lyon",https://www.q-park.fr/fr-fr/villes/lyon/perrache-carnot/,EUR
France,Lyon,LPA01,Antonin Poncet,LPA,45.75653,4.83587,801,3.4,52.8,True,6 Quai Docteur Gailleton — 69002 Lyon,https://parking.lpa.fr/parkings/antonin-poncet/,EUR
France,Lyon,LPA02,Berthelot,LPA,45.74617,4.83638,407,3.2,49.6,True,99 rue de Marseille — 69007 Lyon,https://parking.lpa.fr/parkings/berthelot/,EUR
France,Lyon,LPA03,Bonnel Servient,LPA,45.76178,4.84847,775,3.2,49.6,False,44 rue de Bonnel — 69003 Lyon,https://parking.lpa.fr/parkings/bonnel-servient/,EUR
France,Lyon,LPA04,Bourse,LPA,45.76386,4.83676,533,3.0,,False,55 rue de la Bourse — 69002 Lyon,https://parking.lpa.fr/parkings/bourse/,EUR
France,Lyon,LPA05,Célestins,LPA,45.75992,4.83087,529,3.4,52.8,True,1 rue Gaspard André — 69002 Lyon,https://parking.lpa.fr/parkings/celestins/,EUR
France,Lyon,LPA06,Cité Internationale P0,LPA,45.7841,4.8501,994,3.2,46.4,False,94 quai Charles de Gaulle — 69006 Lyon,https://parking.lpa.fr/parkings/cite-internationale-p0/,EUR
France,Lyon,LPA07,Cité Internationale P2,LPA,45.785853,4.856708,1173,3.2,49.6,False,22 quai Charles de Gaulle — 69006 Lyon,https://parking.lpa.fr/parkings/cite-internationale-p2/,EUR
France,Lyon,LPA08,Cordeliers,LPA,45.764463,4.837211,938,3.4,52.8,True,11 rue Antoine Sallès — 69002 Lyon,https://parking.lpa.fr/parkings/cordeliers/,EUR
France,Lyon,LPA09,Croix Rousse,LPA,45.78162,4.83287,446,3.2,49.6,False,73 rue de Belfort — 69004 Lyon,https://parking.lpa.fr/parkings/croix-rousse/,EUR
France,Lyon,LPA10,Fosse aux Ours,LPA,45.75714,4.84052,550,3.2,49.6,True,29 quai Victor Augagneur — 69003 Lyon,https://parking.lpa.fr/parkings/fosse-aux-ours/,EUR
France,Lyon,LPA11,Galaxie P3,LPA,45.758674,4.862898,820,3.6,34.0,True,70 rue Maurice Flandin — 69003 Lyon,https://parking.lpa.fr/parkings/galaxie-p3-part-dieu/,EUR
France,Lyon,LPA12,Grolée,LPA,45.76308,4.83654,270,3.4,52.8,False,4 rue Grolée — 69002 Lyon,https://parking.lpa.fr/parkings/grolee/,EUR
France,Lyon,LPA13,Gros Caillou,LPA,45.7747,4.833557,531,3.2,49.6,True,1 rue Aimé Boussange — 69004 Lyon,https://parking.lpa.fr/parkings/gros-caillou/,EUR
France,Lyon,LPA14,Hôtel de Ville,LPA,45.768522,4.83773,279,3.4,52.8,False,place Louis Pradel — 69001 Lyon,https://parking.lpa.fr/parkings/hotel-de-ville/,EUR
France,Lyon,LPA15,Jean Jaurès,LPA,45.727888,4.831583,273,2.0,10.0,False,317 avenue Jean Jaurès — 69007 Lyon,https://parking.lpa.fr/parkings/jean-jaures/,EUR
France,Lyon,LPA16,Les Halles,LPA,45.76287,4.85133,607,3.2,49.6,True,156 rue Garibaldi — 69003 Lyon,https://parking.lpa.fr/parkings/les-halles/,EUR
France,Lyon,LPA17,Marché Gare – La Confluence,LPA,45.741054,4.823733,889,3.2,49.6,True,41 quai Perrache — 69002 Lyon,https://parking.lpa.fr/parkings/marche-gare-la-confluence/,EUR
France,Lyon,LPA18,Morand,LPA,45.767741,4.841533,877,3.4,52.8,True,19 place Maréchal Lyautey — 69006 Lyon,https://parking.lpa.fr/parkings/morand/,EUR
France,Lyon,LPA19,Musée des Confluences-Gerland,LPA,45.731699,4.823836,158,3.4,49.4,False,rue Antonin Perrin — 69007 Lyon,https://parking.lpa.fr/parkings/musee-des-confluences-gerland/,EUR
France,Lyon,LPA20,Ney,LPA,45.770039,4.855157,160,,,False,19 rue Ney — 69006 Lyon,https://parking.lpa.fr/parkings/ney/,EUR
France,Lyon,LPA21,Parc minute Cité Internationale,LPA,45.784614,4.851647,15,,,False,81 quai Charles de Gaulle — 69006 Lyon,https://parking.lpa.fr/parkings/parc-minute-cite-internationale/,EUR
France,Lyon,LPA22,Béraudier P1,LPA,45.75958,4.858517,1064,3.6,34.0,True,47 bis Boulevard Marius Vivier Merle — 69003 Lyon,https://parking.lpa.fr/parkings/parking-gare-part-dieu-beraudier-p1/,EUR
France,Lyon,LPA23,Villette P2,LPA,45.76054,4.8617,1773,3.6,34.0,True,38 rue de la Villette — 69003 Lyon,https://parking.lpa.fr/parkings/parking-gare-part-dieu-villette-p2/,EUR
France,Lyon,LPA24,Parc des Sports Gerland – Gare routière internationale,LPA,45.724848,4.829207,270,2.0,,False,Rue Jean-Pierre Chevrot — 69007 Lyon,https://parking.lpa.fr/parkings/parking-parc-des-sports-gerland/,EUR
France,Lyon,LPA25,Perrache,LPA,45.749339,4.828786,899,3.4,32.0,True,37 Cr de Verdun Récamier — 69002 Lyon,https://parking.lpa.fr/parkings/perrache/,EUR
France,Lyon,LPA26,République,LPA,45.76011,4.83689,878,3.4,52.8,True,22 rue Childebert — 69002 Lyon,https://parking.lpa.fr/parkings/republique/,EUR
France,Lyon,LPA27,Saint Antoine,LPA,45.764325637692,4.8319463092892,1008,3.4,52.8,True,2 quai Saint-Antoine — 69002 Lyon,https://parking.lpa.fr/parkings/saint-antoine/,EUR
France,Lyon,LPA28,Saint Georges,LPA,45.759798,4.827721,815,3.4,52.8,True,8 quai Fulchiron — 69005 Lyon,https://parking.lpa.fr/parkings/saint-georges/,EUR
France,Lyon,LPA29,Saint Jean,LPA,45.760576,4.828487,976,3.4,52.8,False,25 quai Romain Rolland — 69005 Lyon,https://parking.lpa.fr/parkings/saint-jean/,EUR
France,Lyon,LPA30,Saint Just,LPA,45.75723,4.82138,67,,,False,23 rue des Farges — 69005 Lyon,https://parking.lpa.fr/parkings/saint-just/,EUR
France,Lyon,LPA31,Tables Claudiennes,LPA,45.770857,4.832605,202,,,False,14 rue des Tables Claudiennes — 69001 Lyon,https://parking.lpa.fr/parkings/tables-claudiennes/,EUR
France,Lyon,LPA32,Terreaux,LPA,45.767543,4.832217,1261,3.4,52.8,True,18 rue d’Algérie — 69001 Lyon,https://parking.lpa.fr/parkings/terreaux/,EUR
France,Lyon,LPA33,Tony Garnier,LPA,45.729445,4.822946,875,3.4,49.4,True,12 rue Jonas Salk — 69007 Lyon,https://parking.lpa.fr/parkings/tony-garnier/,EUR
France,Lyon,LPA34,Vendôme,LPA,45.76525,4.84667,175,,,False,139 rue de Créqui — 69006 Lyon,https://parking.lpa.fr/parkings/vendome/,EUR
France,Lyon,IND01,Opéra,Indigo,45.768992,4.837497,,4.0,,False,"21 Place Tolozan, 69001 Lyon",https://www.indigoneo.fr/fr/parkings/19159/parking-opera,EUR
France,Lyon,IND02,Bellecour,Indigo,45.75787,4.830626,,3.4,,True,"Place Bellecour, 69002 Lyon",https://www.indigoneo.fr/fr/parkings/804/parking-bellecour,EUR
France,Lyon,IND03,Cité Internationale P1,Indigo,45.784373,4.850515,,3.0,,False,"64 Quai Charles de Gaulle, 69006 Lyon",https://www.indigoneo.fr/fr/parkings/1351/parking-cite-internationale-p1,EUR
France,Lyon,IND04,Clinique Sauvegarde,Indigo,45.788346,4.787709,,4.5,,True,"Avenue Ben Gourion, 69009 Lyon",https://www.indigoneo.fr/fr/parkings/25976/parking-clinique-sauvegarde,EUR
France,Lyon,IND05,Lyon Vaise,Indigo,45.787664,4.81131,,4.0,,True,"5 Rue de la Navigation, 69009 Lyon",https://www.indigoneo.fr/fr/parkings/23812/parking-lyon-vaise,EUR
France,Lyon,EFF01,Gare de Lyon-Perrache (horodateurs),Effia,45.749225,4.825804,,2.3,48.8,False,"Rue de l'Esplanade, 69002 Lyon",https://www.effia.com/parking/parking-gare-de-lyon-perrache-horodateurs-effia,EUR
France,Lyon,EFF02,Lyon Part-Dieu,Effia,45.757242,4.860859,,,,False,"203 Rue Paul Bert, 69003 Lyon",https://www.effia.com/parking/parking-lyon-part-dieu-effia,EUR
France,Montauban,QP01,Consul Dupuy,Q-Park,44.014,1.354949,250,1.8,18.2,False,"Rue du Consul Dupuy, 82000 Montauban",https://www.q-park.fr/fr-fr/villes/montauban/consul-dupuy/,EUR
France,Montauban,QP02,Griffoul,Q-Park,44.018685,1.356161,313,2.3,20.5,True,"49 Place Prax-Paris, 82000 Montauban",https://www.q-park.fr/fr-fr/villes/montauban/griffoul/,EUR
France,Montauban,QP03,Occitan Aérien,Q-Park,44.018126,1.357832,113,,,False,"12 Place Prax-Paris, 82000 Montauban",https://www.q-park.fr/fr-fr/villes/montauban/occitan-a%c3%a9rien/,EUR
France,Montauban,QP04,Occitan Souterrain,Q-Park,44.018126,1.357832,165,2.3,21.0,False,"12 Place Prax-Paris, 82000 Montauban",https://www.q-park.fr/fr-fr/villes/montauban/occitan-souterrain/,EUR
France,Montauban,QP05,Saint Jean,Q-Park,44.0217,1.354074,42,,,False,"2 Rue Pierre Bayle, 82000 Montauban",https://www.q-park.fr/fr-fr/villes/montauban/saint-jean/,EUR
France,Castres,QP01,Berges,Q-Park,43.605197,2.242464,250,2.2,26.0,True,"18 Quai des Jacobins, 81100 Castres",https://www.q-park.fr/fr-fr/villes/castres/berges/,EUR
France,Castres,QP02,Buisson,Q-Park,43.603329,2.244068,200,2.2,26.0,False,"23 Boulevard Raymond Vittoz, 81100 Castres",https://www.q-park.fr/fr-fr/villes/castres/buisson/,EUR
France,Castres,QP03,Les Lices,Q-Park,43.606627,2.237292,64,1.9,21.8,False,"1 Boulevard des Lices, 81100 Castres",https://www.q-park.fr/fr-fr/villes/castres/les-lices/,EUR
France,Castres,QP04,République,Q-Park,43.602652,2.241141,210,2.2,26.0,False,"Place de l'Alsace Lorraine, 81100 Castres",https://www.q-park.fr/fr-fr/villes/castres/r%C3%A9publique/,EUR
France,Houdan,QP01,Houdan Gare,Q-Park,48.7952804,1.6020194,634,,,False,"Route de Gressey - P1, P2 et P3, 78550 Houdan",https://www.q-park.fr/fr-fr/villes/houdan/houdan-gare/,EUR
France,Houdan,QP02,Mont Roti,Q-Park,48.7888272,1.5993803,100,,,False,"241 Rue de la Tour, 78550 Houdan",https://www.q-park.fr/fr-fr/villes/houdan/mont-roti/,EUR
France,Houdan,QP03,Pot d'Étain MGT,Q-Park,48.7901656,1.6027998,15,,,False,"38 rue des jeux de billes, 78550 Houdan",https://www.q-park.fr/fr-fr/villes/houdan/houdan-pot-d'etain-mgt/,EUR
France,Mâcon,QP01,Centre,Q-Park,46.30107,4.82937,248,0.6,10.4,True,"Avenue E. Herriot, 71000 Mâcon",https://www.q-park.fr/fr-fr/villes/m%c3%a2con/centre/,EUR
France,Mâcon,QP02,Halles,Q-Park,46.30489,4.83076,106,0.6,10.4,True,"30 Rue des Minimes, 71000 Mâcon",https://www.q-park.fr/fr-fr/villes/m%c3%a2con/halles/,EUR
France,Mâcon,QP03,Lamartine,Q-Park,46.30177,4.83227,277,0.6,10.4,True,"3 Rue Gambetta, 71000 Mâcon",https://www.q-park.fr/fr-fr/villes/m%c3%a2con/lamartine/,EUR
France,Mâcon,QP04,Rambuteau,Q-Park,46.30666,4.82748,120,0.6,10.4,True,"21 Rue Rambuteau, 71000 Mâcon",https://www.q-park.fr/fr-fr/villes/m%c3%a2con/rambuteau/,EUR
France,Nancy,QP01,Brabois,Q-Park,48.6483908,6.1448623,2707,,36.0,True,"Rue du Morvan, 54000 Nancy",https://www.q-park.fr/fr-fr/villes/nancy/brabois/,EUR
France,Nancy,QP02,CHRU Central,Q-Park,48.6856707,6.1937634,1065,,23.2,True,"29 Avenue du Marechal DeLattre de Tassigny, 54000 Nancy",https://www.q-park.fr/fr-fr/villes/nancy/chru-central/,EUR
France,Nancy,QP03,CHRU Maternité,Q-Park,48.6812635,6.1902642,347,,36.0,True,"10 Avenue du Dr Heydenreich, 54000 Nancy",https://www.q-park.fr/fr-fr/villes/nancy/chru-maternit%c3%a9/,EUR
France,Nancy,QP04,Kinepolis,Q-Park,48.691297,6.1974719,540,1.8,30.0,False,"3 Rue du Maréchal Victor duc de Bellune, 54000 Nancy",https://www.q-park.fr/fr-fr/villes/nancy/kinepolis/,EUR
France,Nancy,IN01,Carnot,Indigo,48.693163,6.178426,371,1.9,15.5,True,"2 Place Carnot, 54000 Nancy",https://www.indigoneo.fr/fr/parkings/777/parking-carnot,EUR
France,Nancy,IN02,Léopold,Indigo,48.696647,6.174606,339,1.9,15.5,False,"23 Cours Léopold, 54000 Nancy",https://www.indigoneo.fr/fr/parkings/778/parking-leopold,EUR
France,Nancy,IN03,Charles III,Indigo,48.68925,6.182275,382,1.9,15.5,True,"11 Rue des 4 Églises, 54000 Nancy",https://www.indigoneo.fr/fr/parkings/780/parking-charles-iii,EUR
France,Nancy,IN04,Saint-Dizier Saint-Nicolas,Indigo,48.68932,6.184192,209,1.9,15.5,True,"1-5 Rue du Docteur Schmitt, 54000 Nancy",https://www.indigoneo.fr/fr/parkings/781/parking-saint-dizier-saint-nicolas,EUR
France,Nancy,IN05,Joffre Saint-Thiébaut,Indigo,48.68773,6.179848,682,2.1,21.9,True,"22 Rue Grand Rabbin Haguenauer, 54000 Nancy",https://www.indigoneo.fr/fr/parkings/782/parking-joffre-saint-thiebaut,EUR
France,Saint Etienne,QP01,Chavanelle Centre-Ville,Q-Park,45.434197,4.392359,370,2.8,25.4,True,"20 Place Chavanelle, 42000 Saint Etienne",https://www.q-park.fr/fr-fr/villes/saint-etienne/chavanelle/,EUR
France,Saint Etienne,QP02,Fauriel (CHPL),Q-Park,45.428543,4.416639,385,1.6,18.0,False,"Rue Baudin, 42000 Saint Etienne",https://www.q-park.fr/fr-fr/villes/saint-etienne/fauriel-chpl/,EUR
France,Saint Etienne,QP03,Hôtel de Ville,Q-Park,45.43878,4.387995,325,3.2,22.0,True,"13 Place Hôtel de Ville, 42000 Saint Etienne",https://www.q-park.fr/fr-fr/villes/saint-etienne/h%c3%b4tel-de-ville/,EUR
France,Saint Etienne,QP04,Palais de Justice,Q-Park,45.43681,4.383325,247,2.8,25.4,True,"41 Rue Georges Teissier, 42000 Saint Etienne",https://www.q-park.fr/fr-fr/villes/saint-etienne/palais-de-justice/,EUR
France,Saint Etienne,EFF01,Gare de Saint-Étienne Châteaucreux,Effia,45.443681,4.397075,,2.7,24.8,True,"44 Rue Ferdinand, 42000 Saint Etienne",https://www.effia.com/parking/parking-gare-de-saint-etienne-chateaucreux-effia,EUR
France,Saint Etienne,EFF02,Antonin Moine,Effia,45.436404,4.391398,,2.5,,True,"Place Maxime Gorky, 42000 Saint Etienne",https://www.effia.com/parking/parking-saint-etienne-antonin-moine-effia,EUR
France,Saint Etienne,EFF03,Fauriel,Effia,45.428425,4.401671,,1.7,,True,"26 Rue Ponchardier, 42000 Saint Etienne",https://www.effia.com/parking/parking-saint-etienne-fauriel-effia,EUR
France,Saint Etienne,EFF04,Jean Jaurès,Effia,45.44088,4.38459,,2.9,,True,"Place Jean Jaures, 42000 Saint Etienne",https://www.effia.com/parking/parking-saint-etienne-jean-jaures-effia,EUR
France,Saint Etienne,EFF05,Vigne,Effia,45.441033,4.39084,,,,False,"Rue de la Vigne, 42000 Saint Etienne",https://www.effia.com/parking/parking-saint-etienne-vigne-effia,EUR
France,Saint Etienne,EFF06,Gare de Saint-Étienne Le Clapier,Effia,45.43668,4.37857,,0.9,,True,"10 Boulevard Pierre Mendès, 42000 Saint Etienne",https://www.effia.com/parking/parking-gare-de-saint-etienne-le-clapier-effia,EUR
France,Toulouse,qpark-toulouse-compans-caffarelli,Compans Caffarelli,Q-Park,43.610265,1.434144,990,3.7,29.6,False,"9 Esplanade Compans Caffarelli, 31000 Toulouse",https://www.q-park.fr/fr-fr/villes/toulouse/compans-caffarelli/,EUR
France,Toulouse,qpark-toulouse-iot-labege,IOT Labège,Q-Park,43.5445626,1.5070544,307,2.6,18.5,False,"Avenue de l'Occitane, 31670 Toulouse (Labège)",https://www.q-park.fr/fr-fr/villes/toulouse/iot-lab%C3%A8ge/,EUR
France,Toulouse,qpark-toulouse-jeanne-darc,Jeanne d'Arc / Centre-Ville,Q-Park,43.609404,1.446622,400,3.3,25.6,True,"8 Place Jeanne d'Arc, 31000 Toulouse",https://www.q-park.fr/fr-fr/villes/toulouse/jeanne-d-arc/,EUR
France,Toulouse,qpark-toulouse-montaudran,Montaudran,Q-Park,43.570657,1.478564,352,2.8,20.1,True,"32 Avenue Bernard Maris, 31000 Toulouse",https://www.q-park.fr/fr-fr/villes/toulouse/montaudran/,EUR
France,Toulouse,indigo-toulouse-capitole,Parking Capitole,Indigo,43.604099,1.44308,,3.6,,True,"Place du Capitole, 31000 Toulouse",https://www.indigoneo.fr/fr/parkings/755/parking-capitole,EUR
France,Toulouse,indigo-toulouse-saint-aubin,Parking Saint Aubin,Indigo,43.603788,1.454648,,1.9,,True,"2 Boulevard Jules Michelet, 31000 Toulouse",https://www.indigoneo.fr/fr/parkings/756/parking-saint-aubin,EUR
France,Toulouse,indigo-toulouse-arnaud-bernard,Parking Arnaud Bernard,Indigo,43.61047,1.439241,,1.9,,True,"Place Arnaud Bernard, 31000 Toulouse",https://www.indigoneo.fr/fr/parkings/757/parking-arnaud-bernard,EUR
France,Toulouse,indigo-toulouse-saint-georges,Parking Saint-Georges,Indigo,43.603298,1.45072,,3.6,,True,"51 bis Rue du Rempart Saint-Etienne, 31000 Toulouse",https://www.indigoneo.fr/fr/parkings/758/parking-saint-georges,EUR
France,Toulouse,indigo-toulouse-esquirol,Parking Esquirol,Indigo,43.600434,1.444588,,3.5,,True,"14 Place Etienne Esquirol, 31000 Toulouse",https://www.indigoneo.fr/fr/parkings/759/parking-esquirol,EUR
France,Toulouse,indigo-toulouse-carnot,Parking Carnot,Indigo,43.600765,1.45218,,3.5,,True,"8 Place Dupuy, 31000 Toulouse",https://www.indigoneo.fr/fr/parkings/760/parking-carnot,EUR
France,Toulouse,indigo-toulouse-parc-victor-hugo,Parking Parc Victor Hugo,Indigo,43.606087,1.446526,,3.5,,True,"Place Victor Hugo, 31000 Toulouse",https://www.indigoneo.fr/fr/parkings/761/parking-parc-victor-hugo,EUR
France,Toulouse,indigo-toulouse-jean-jaures,Parking Jean Jaurès,Indigo,43.606888,1.450002,,3.5,,True,"16 Allées Jean Jaurès, 31000 Toulouse",https://www.indigoneo.fr/fr/parkings/762/parking-jean-jaures,EUR
France,Toulouse,indigo-toulouse-saint-michel,Parking Saint-Michel,Indigo,43.592888,1.443876,,1.9,,True,"36 Rue de la Chaussée, 31000 Toulouse",https://www.indigoneo.fr/fr/parkings/764/parking-saint-michel,EUR
France,Toulouse,indigo-toulouse-saint-cyprien,Parking Saint-Cyprien,Indigo,43.597843,1.429778,,1.9,,True,"11 Place Jean Diebold, 31300 Toulouse",https://www.indigoneo.fr/fr/parkings/765/parking-saint-cyprien,EUR
France,Toulouse,indigo-toulouse-place-de-leurope,Parking Place de l'Europe,Indigo,43.610307,1.431087,,1.9,,True,"1 Rue de Sébastopol, 31000 Toulouse",https://www.indigoneo.fr/fr/parkings/766/parking-place-de-leurope,EUR
France,Toulouse,indigo-toulouse-parc-des-carmes,Parking Parc des Carmes,Indigo,43.597534,1.444396,,3.5,,True,"Place des Carmes, 31000 Toulouse",https://www.indigoneo.fr/fr/parkings/767/parking-parc-des-carmes,EUR
France,Toulouse,indigo-toulouse-clinique-pasteur,Parking Clinique Pasteur,Indigo,43.59476,1.415455,,3.2,,True,"1 Rue de la Petite Vitesse, 31300 Toulouse",https://www.indigoneo.fr/fr/parkings/768/parking-clinique-pasteur,EUR
France,Toulouse,indigo-toulouse-gare-marengo,Parking Gare - Marengo,Indigo,43.611129,1.455706,,2.8,,True,"2 Boulevard de Marengo, 31500 Toulouse",https://www.indigoneo.fr/fr/parkings/769/parking-gare-marengo,EUR
France,Toulouse,indigo-toulouse-matabiau-ramblas,Parking Matabiau Ramblas,Indigo,43.609124,1.453375,,3.5,,True,"75 Allées Jean Jaurès, 31000 Toulouse",https://www.indigoneo.fr/fr/parkings/15203/parking-matabiau-ramblas,EUR
France,Toulouse,indigo-toulouse-saint-etienne,Parking Saint-Etienne,Indigo,43.600361,1.449788,,3.5,,True,"9 Rue Riguepels, 31000 Toulouse",https://www.indigoneo.fr/fr/parkings/16204/parking-saint-etienne,EUR
France,Toulouse,effia-toulouse-matabiau,Parking Gare de Toulouse Matabiau,Effia,43.612362,1.453006,,3.5,23.4,True,"64 Boulevard Pierre Sémard, 31500 Toulouse",https://www.effia.com/parking/parking-gare-de-toulouse-matabiau-effia,EUR
France,Albi,albi-qpark-1,Parking Jean Jaurès Centre-Ville,Q-Park,43.9246796,2.1481061,558,1.5,16.6,True,"4 Avenue Gambetta, 81000 Albi",https://www.q-park.fr/fr-fr/villes/albi/jean-jaur%c3%a8s/,EUR
France,Albi,albi-qpark-2,Parking Marché Couvert,Q-Park,43.929256,2.145111,250,1.5,16.6,True,"54 Rue Émile Grand, 81000 Albi",https://www.q-park.fr/fr-fr/villes/albi/march%c3%a9-couvert/,EUR
France,Albi,albi-qpark-3,Parking Vigan,Q-Park,43.92657,2.14837,380,1.5,16.6,True,"9 Lices Jean Moulin, 81000 Albi",https://www.q-park.fr/fr-fr/villes/albi/vigan/,EUR
France,Annecy,QP01,Nouvelles Galeries,Q-Park,45.9075045,6.1324619,554,1.2,12.9,True,"Rue Thomas Ruphy, 74000 Annecy",https://www.q-park.fr/fr-fr/villes/annecy/nouvelles-galeries/,EUR
France,Arcueil,QP01,La Vache Noire,Q-Park,48.809426,2.32674,1783,0.0,40.0,True,"23 Avenue Aristide Briand, 94110 Arcueil",https://www.q-park.fr/fr-fr/villes/arcueil/la-vache-noire/,EUR
France,Belley,QP01,Vieille Porte,Q-Park,45.75882,5.69131,104,3.0,30.0,True,"41 Rue de la Résistance, 01300 Belley",https://www.q-park.fr/fr-fr/villes/belley/vieille-porte/,EUR
France,Béthune,QP01,Clémenceau,Q-Park,50.529867,2.64022,244,2.3,23.5,False,"88 Avenue Jean Jaurès, 62400 Béthune",https://www.q-park.fr/fr-fr/villes/b%c3%a9thune/cl%c3%a9menceau/,EUR
France,Béthune,QP02,Grand Place,Q-Park,50.530322,2.639978,362,2.3,23.5,False,"42 Avenue Jean Jaurès, 62400 Béthune",https://www.q-park.fr/fr-fr/villes/b%c3%a9thune/grand-place/,EUR
France,Bonneville,QP01,Biofrais,Q-Park,46.07969,6.40603,96,,,False,"77 Avenue de Genève, 74130 Bonneville",https://www.q-park.fr/fr-fr/villes/bonneville/biofrais/,EUR
France,Bonneville,QP02,Bonneville - Hôtel de Ville,Q-Park,46.07749,6.40924,85,,,False,"Face au 35 Place de l'Hôtel de Ville, 74130 Bonneville",https://www.q-park.fr/fr-fr/villes/bonneville/bonneville---h%c3%b4tel-de-ville/,EUR
France,Bordeaux,QP01,Bord'eau Village,Q-Park,44.855443,-0.563571,540,3.4,32.3,False,"Hangar 15, Quai des Chartrons, 33300 Bordeaux",https://www.q-park.fr/fr-fr/villes/bordeaux/bord-eau-village/,EUR
France,Bordeaux,QP02,Auditorium Clémenceau,Q-Park,44.842231,-0.579943,379,3.6,38.2,True,"13 bis Cours Georges Clémenceau, 33000 Bordeaux",https://www.q-park.fr/fr-fr/villes/bordeaux/cl%c3%a9menceau-auditorium/,EUR
France,Bordeaux,IN01,Ars Belcier,Indigo,44.821711,-0.546865,,2.8,21.6,True,"16 Rue des Maraîchers, 33000 Bordeaux",https://www.indigoneo.fr/fr/parkings/11303/parking-ars-belcier,EUR
France,Bordeaux,IN02,Bourse Jean-Jaurès,Indigo,44.840678,-0.570529,,2.8,30.8,True,"2 Place de la Bourse, 33000 Bordeaux",https://www.indigoneo.fr/fr/parkings/23763/parking-bourse-jean-jaures,EUR
France,Bordeaux,IN03,Brienne,Indigo,44.825272,-0.548325,,2.4,26.0,True,"Rue Elvira Guerra, 33800 Bordeaux",https://www.indigoneo.fr/fr/parkings/23708/parking-brienne,EUR
France,Bordeaux,IN04,Les Bassins,Indigo,44.867918,-0.56372,,2.8,28.0,True,"Rue Lucien Faure, 33300 Bordeaux",https://www.indigoneo.fr/fr/parkings/20316/parking-les-bassins,EUR
France,Bordeaux,IN05,Meunier,Indigo,44.82887,-0.561501,,2.4,21.1,True,"Place André Meunier dit Mureine, 33800 Bordeaux",https://www.indigoneo.fr/fr/parkings/23764/parking-meunier,EUR
France,Bordeaux,IN06,P3 - Dépose Minute - Zone Premium,Indigo,44.822114,-0.555146,,8.0,46.2,False,"Pont du Guit, 33800 Bordeaux",https://www.indigoneo.fr/fr/parkings/4562/parking-p3-depose-minute-zone-premium,EUR
France,Bordeaux,IN07,P3 - Gare Saint Jean Belcier,Indigo,44.822286,-0.555133,,9.2,36.2,True,"Pont du Guit, 33800 Bordeaux",https://www.indigoneo.fr/fr/parkings/4561/parking-p3-gare-saint-jean-belcier,EUR
France,Bordeaux,IN08,P4 Gare Saint Jean Belcier,Indigo,44.822114,-0.555146,,9.2,35.0,True,"141 Rue des Terres de Borde, 33800 Bordeaux",https://www.indigoneo.fr/fr/parkings/11304/parking-p4-gare-saint-jean-belcier,EUR
France,Bordeaux,IN09,Salinières,Indigo,44.835505,-0.564995,,2.4,21.1,True,"12 Quai des Salinières, 33000 Bordeaux",https://www.indigoneo.fr/fr/parkings/23815/parking-salinieres,EUR
France,Bordeaux,IN10,Tourny,Indigo,44.843941,-0.576282,,2.8,30.3,True,"Allée de Tourny, 33000 Bordeaux",https://www.indigoneo.fr/fr/parkings/23816/parking-tourny,EUR
France,Bordeaux,MP01,8 Mai 1945,METPARK,44.8366221,-0.5843295,419,,24.0,False,"25 rue Jean Fleuret, 33000 Bordeaux",https://www.mtpk.fr/parking/parking-8-mai-1945/,EUR
France,Bordeaux,MP02,Allées de Chartres,METPARK,44.8463674,-0.5731078,467,,24.0,True,"Allées de Bristol, 33000 Bordeaux",https://www.mtpk.fr/parking/parking-allees-de-chartres/,EUR
France,Bordeaux,MP03,Alsace Lorraine,METPARK,44.8379805,-0.5691398,122,,,False,"21 Cours d'Alsace-Lorraine, 33000 Bordeaux",https://www.mtpk.fr/parking/parking-alsace-lorraine/,EUR
France,Bordeaux,MP04,Amédée Saint-Germain,METPARK,44.8193986,-0.5607375,639,,22.0,True,"3 rue des Échoppes, 33800 Bordeaux",https://www.mtpk.fr/parking/parking-amedee-saint-germain/,EUR
France,Bordeaux,MP05,Beaujon,METPARK,44.8538031,-0.592598,92,,22.0,True,"8 Rue Nicolas Beaujon, 33000 Bordeaux",https://www.mtpk.fr/parking/parking-beaujon/,EUR
France,Bordeaux,MP06,Bergonié,METPARK,44.8238959,-0.5792516,66,,22.0,False,"220 cours de l'Argonne, 33000 Bordeaux",https://www.mtpk.fr/parking/parking-bergonie/,EUR
France,Bordeaux,MP07,Bonnac,METPARK,44.8394963,-0.5830289,163,,,False,"42 Rue du Château d'Eau, 33000 Bordeaux",https://www.mtpk.fr/parking/parking-bonnac/,EUR
France,Bordeaux,MP08,Camille Jullian,METPARK,44.8391004,-0.5721681,338,3.2,29.9,False,"2 Place Camille Jullian, 33000 Bordeaux",https://www.mtpk.fr/parking/parking-camille-jullian/,EUR
France,Bordeaux,MP09,Centre Commercial Mériadeck,METPARK,44.8386611,-0.5849444,1323,,24.0,False,"Rue Révérend Père Dieuzaide, 33000 Bordeaux",https://www.mtpk.fr/parking/parking-centre-commercial-meriadeck/,EUR
France,Bordeaux,MP10,Cité Mondiale,METPARK,44.8498081,-0.5703409,823,,24.0,False,"20 Quai des Chartrons, 33000 Bordeaux",https://www.mtpk.fr/parking/parking-cite-mondiale/,EUR
France,Bordeaux,MP11,Croix de Seguey,METPARK,44.8514543,-0.5892539,47,,,False,"83 rue de la Croix de Seguey, 33000 Bordeaux",https://www.mtpk.fr/parking/parking-croix-de-seguey/,EUR
France,Bordeaux,MP12,Gambetta,METPARK,44.8400538,-0.5821143,438,,24.0,True,"Rue Edmond Michelet, 33000 Bordeaux",https://www.mtpk.fr/parking/parking-gambetta/,EUR
France,Bordeaux,MP13,Grand Parc,METPARK,44.863271,-0.5785006,341,,22.0,True,"36 Rue François Lévêque, 33300 Bordeaux",https://www.mtpk.fr/parking/parking-grand-parc/,EUR
France,Bordeaux,MP14,Grands Hommes,METPARK,44.842916,-0.5765355,410,,24.0,False,"3 Place des Grands Hommes, 33000 Bordeaux",https://www.mtpk.fr/parking/parking-grands-hommes/,EUR
France,Bordeaux,MP15,Lhôte,METPARK,44.8451955,-0.5786592,107,,,False,"5-7 Rue Lhôte, 33000 Bordeaux",https://www.mtpk.fr/parking/parking-lhote/,EUR
France,Bordeaux,MP16,Mégarama Bordeaux Bastide,METPARK,44.8433444,-0.5585239,526,,,False,"Allée Serr, 33100 Bordeaux",https://www.mtpk.fr/parking/parking-megarama-bordeaux-bastide/,EUR
France,Bordeaux,MP17,Pey Berland,METPARK,44.8377331,-0.5785458,638,,24.0,False,"Place Pey Berland, 33000 Bordeaux",https://www.mtpk.fr/parking/parking-pey-berland/,EUR
France,Bordeaux,MP18,Porte de Bordeaux,METPARK,44.8332602,-0.5966999,707,,22.0,False,"48 rue Général de Larminat, 33000 Bordeaux",https://www.mtpk.fr/parking/parking-porte-de-bordeaux/,EUR
France,Bordeaux,MP19,République,METPARK,44.8348879,-0.5798761,361,,24.0,True,"Place de la République, 33000 Bordeaux",https://www.mtpk.fr/parking/parking-republique/,EUR
France,Bordeaux,MP20,Rue de Bègles,METPARK,44.8247016,-0.5663041,61,,,False,"120 rue de Bègles, 33000 Bordeaux",https://www.mtpk.fr/parking/parking-rue-de-begles/,EUR
France,Bordeaux,MP21,Saint-Jean Paludate,METPARK,44.8296481,-0.5553032,585,,22.0,True,"Quai de Paludate, 33800 Bordeaux",https://www.mtpk.fr/parking/parking-saint-jean-paludate/,EUR
France,Bordeaux,MP22,Gare Saint Jean,METPARK,44.8250867,-0.5574036,561,,32.0,False,"36 Rue Charles Domercq, 33800 Bordeaux",https://www.mtpk.fr/parking/parking-saint-jean/,EUR
France,Bordeaux,MP23,Victoire,METPARK,44.831947,-0.5720991,470,,24.0,True,"30 Rue de Candale, 33000 Bordeaux",https://www.mtpk.fr/parking/parking-victoire/,EUR
France,Bordeaux,MP24,Victor Hugo,METPARK,44.8354257,-0.5724775,642,,24.0,False,"Place de la Ferme Richemont, 33000 Bordeaux",https://www.mtpk.fr/parking/parking-victor-hugo/,EUR
France,Boulogne Billancourt,QP01,Hôtel de Ville,Q-Park,48.835315,2.240941,573,3.5,39.8,False,"24 bis Avenue André Morizet, 92100 Boulogne-Billancourt",https://www.q-park.fr/fr-fr/villes/boulogne-billancourt/h%c3%b4tel-de-ville/,EUR
France,Boulogne Billancourt,QP02,Parchamp,Q-Park,48.846721,2.23665,315,3.5,39.8,True,"7 Ter Rue du Parchamp, 92100 Boulogne-Billancourt",https://www.q-park.fr/fr-fr/villes/boulogne-billancourt/parchamp/,EUR
France,Boulogne Billancourt,IN01,Bellefeuille,Indigo,48.837479,2.243346,,3.2,18.4,False,"Passage Belle Feuille, 92100 Boulogne-Billancourt",https://www.indigoneo.fr/fr/parkings/2914/parking-bellefeuille,EUR
France,Boulogne Billancourt,IN02,Cours de l'Île Seguin,Indigo,48.826791,2.233237,,3.4,33.4,True,"50 Cours de l'Île Seguin, 92200 Boulogne-Billancourt",https://www.indigoneo.fr/fr/parkings/401/parking-cours-de-lile-seguin,EUR
France,Boulogne Billancourt,IN03,Marché,Indigo,48.831356,2.241715,,3.0,19.6,True,"150 Rue du Vieux Pont de Sèvres, 92100 Boulogne-Billancourt",https://www.indigoneo.fr/fr/parkings/402/parking-marche,EUR
France,Boulogne Billancourt,IN04,Point du Jour,Indigo,48.834732,2.255502,,4.2,35.4,False,"Place Abel Gance, 92100 Boulogne-Billancourt",https://www.indigoneo.fr/fr/parkings/400/parking-point-du-jour,EUR
France,Boulogne Billancourt,IN05,Rives de Seine,Indigo,48.824624,2.236651,,3.4,33.4,True,"38 Quai Georges Gorse, 92100 Boulogne-Billancourt",https://www.indigoneo.fr/fr/parkings/403/parking-rives-de-seine,EUR
France,Bourgoin-Jallieu,QP01,La Folatière,Q-Park,45.58865,5.281354,460,1.5,10.0,True,"37 Avenue Maréchal Leclerc, 38300 Bourgoin-Jallieu",https://www.q-park.fr/fr-fr/villes/bourgoin-jallieu/bourgoin-jallieu---la-folati%c3%a8re/,EUR
France,Brest,brest-qpark-1,Parking Branda,Q-Park,48.3919413,-4.4802021,160,,,False,"32 Rue Yves Collet, 29200 Brest",https://www.q-park.fr/fr-fr/villes/brest/branda/,EUR
France,Brest,brest-qpark-2,Parking CHRU Cavale Blanche,Q-Park,48.4005181,-4.5271995,3312,1.8,24.1,True,"1085 Rue Georges Kerbrat, 29200 Brest",https://www.q-park.fr/fr-fr/villes/brest/brest-chu---cavale-blanche/,EUR
France,Brest,brest-qpark-3,Parking Q-Park CHRU Morvan,Q-Park,48.3921746,-4.4871627,700,3.0,36.7,True,"2 Avenue Foch, 29200 Brest",https://www.q-park.fr/fr-fr/villes/brest/brest-chu---morvan/,EUR
France,Corbeil Essonnes,QP01,Hôpital Sud Francilien,Q-Park,48.62162,2.45695,2413,1.6,35.2,True,"Avenue Serge Dassault, 91100 Corbeil-Essonnes",https://www.q-park.fr/fr-fr/villes/corbeil-essonnes/centre-hospitalier-sud-francilien/,EUR
France,Dijon,QP01,Dijon Jaurès,Q-Park,47.30689,5.02283,549,1.3,6.0,False,"53 Rue de Chenôve, 21000 Dijon",https://www.q-park.fr/fr-fr/villes/dijon/dijon-jaur%c3%a8s/,EUR
France,Dijon,QP02,Drapeau,Q-Park,47.33059,5.04387,492,1.2,12.0,False,"8 Avenue du Drapeau, 21000 Dijon",https://www.q-park.fr/fr-fr/villes/dijon/drapeau/,EUR
France,Evreux,QP01,Gare,Q-Park,49.018886,1.148867,290,1.5,9.2,False,"Place de la Gare, 27000 Évreux",https://www.q-park.fr/fr-fr/villes/evreux/gare/,EUR
France,Evreux,QP02,Hôtel de Ville,Q-Park,49.027485,1.151592,270,2.0,10.4,False,"7 Place du Général de Gaulle, 27000 Évreux",https://www.q-park.fr/fr-fr/villes/evreux/hotel-de-ville/,EUR
France,Gex,QP01,Cèdres,Q-Park,46.33153,6.05901,163,,,True,"Parc des Cèdres, les 5 Marches, Avenue de la Gare, 01170 Gex",https://www.q-park.fr/fr-fr/villes/gex/gex---c%c3%a8dres/,EUR
France,Gex,QP02,Jura,Q-Park,46.33221,6.05938,530,1.0,7.0,True,"Rue des Acacias, 01170 Gex",https://www.q-park.fr/fr-fr/villes/gex/jura/,EUR
France,Gonesse,QP01,Centre Hospitalier,Q-Park,48.9938445,2.4516209,1150,,23.8,True,"2 Boulevard du 19 Mars 1962, 95500 Gonesse",https://www.q-park.fr/fr-fr/villes/gonesse/centre-hospitalier/,EUR
France,Grenoble,QP01,Chavant,Q-Park,45.185567,5.730836,385,2.3,29.0,True,"17 Boulevard Maréchal Lyautey, 38000 Grenoble",https://www.q-park.fr/fr-fr/villes/grenoble/chavant/,EUR
France,Issy Les Moulineaux,QP01,Val de Seine,Q-Park,48.82944,2.262639,297,2.5,23.2,True,"5 Rue Rouget de Lisle, 92130 Issy Les Moulineaux",https://www.q-park.fr/fr-fr/villes/issy-les-moulineaux/val-de-seine/,EUR
France,Issy Les Moulineaux,IN01,Hôtel de Ville,Indigo,48.824512,2.27371,,,,True,"60 Rue du Général Leclerc, 92130 Issy-les-Moulineaux",https://www.indigoneo.fr/fr/parkings/2915/parking-hotel-de-ville,EUR
France,Issy Les Moulineaux,IN02,Ile Saint Germain,Indigo,48.82541,2.258259,,,,True,"169 Quai de Stalingrad, 92130 Issy-les-Moulineaux",https://www.indigoneo.fr/fr/parkings/429/parking-ile-saint-germain,EUR
France,Issy Les Moulineaux,IN03,Corentin Celton,Indigo,48.826701,2.277716,,,,True,"19 Rue Vaudetard, 92130 Issy-les-Moulineaux",https://www.indigoneo.fr/fr/parkings/2916/parking-corentin-celton,EUR
France,La Ciotat,QP01,La Ciotat Verdun,Q-Park,43.17628,5.60601,295,1.4,17.2,False,"171 Boulevard de la République, 13600 La Ciotat",https://www.q-park.fr/fr-fr/villes/la-ciotat/la-ciotat-verdun/,EUR
France,La Ciotat,QP02,Port de Plaisance,Q-Park,43.17874,5.61098,475,1.8,22.9,True,"4 Avenue du Président Wilson, 13600 La Ciotat",https://www.q-park.fr/fr-fr/villes/la-ciotat/port-de-plaisance/,EUR
France,La Ciotat,IN01,Vieux Port,Indigo Neo,43.173675,5.603017,,,,True,"Boulevard André Bertolucci, 13600 La Ciotat",https://www.indigoneo.fr/fr/parkings/11803/parking-vieux-port,EUR
France,La Ciotat,IN02,Parc du Centre,Indigo Neo,43.178925,5.608177,,,,True,"Boulevard Alphonse de Lamartine, 13600 La Ciotat",https://www.indigoneo.fr/fr/parkings/11853/parking-parc-du-centre,EUR
France,Lagny sur Marne,lagnysurmarne-qpark-1,Parking Cinéma,Q-Park,48.8794338,2.7069105,381,0.0,5.1,False,"5 rue Delambre, 77400 Lagny sur Marne",https://www.q-park.fr/fr-fr/villes/lagny-sur-marne/cin%c3%a9ma/,EUR
France,Lagny sur Marne,lagnysurmarne-qpark-2,Parking Foch,Q-Park,48.8770606,2.7016242,68,0.0,5.1,False,"23 Rue Vacheresse, 77400 Lagny sur Marne",https://www.q-park.fr/fr-fr/villes/lagny-sur-marne/foch/,EUR
France,Lagny sur Marne,lagnysurmarne-qpark-3,Parking Tanneurs,Q-Park,48.87966,2.70363,156,0.0,5.1,True,"Rue René Lallemant, 77400 Lagny sur Marne",https://www.q-park.fr/fr-fr/villes/lagny-sur-marne/tanneurs/,EUR
France,Le Plessis Robinson,QP01,Coeur de Ville,Q-Park,48.781454,2.262885,212,,24.8,True,"12 Grand'Place, 92350 Le Plessis Robinson",https://www.q-park.fr/fr-fr/villes/le-plessis-robinson/coeur-de-ville/,EUR
France,Longvic,QP01,Intermarché,Q-Park,47.28764,5.06226,111,,,False,"1 Rue Roland Dorgelès, 21600 Longvic",https://www.q-park.fr/fr-fr/villes/longvic/intermarch%c3%a9/,EUR
France,Montigny le Bretonneux,QP01,Les Loggias,Q-Park,48.779839,2.041761,110,0.0,25.0,True,"2 Rue Marcel Proust, 78180 Montigny le Bretonneux",https://www.q-park.fr/fr-fr/villes/montigny-le-bretonneux/les-loggias/,EUR
France,Montigny le Bretonneux,QP02,Sud Canal (P3),Q-Park,48.780677,2.042357,330,0.0,25.0,True,"Rue Fulgence Bienvenue, 78180 Montigny le Bretonneux",https://www.q-park.fr/fr-fr/villes/montigny-le-bretonneux/sud-canal-p3/,EUR
France,Neuilly sur Seine,QP01,Roule,Q-Park,48.8842677,2.2704635,874,3.2,24.0,False,"94 Avenue Achille Peretti, 92200 Neuilly sur Seine",https://www.q-park.fr/fr-fr/villes/neuilly-sur-seine/roule/,EUR
France,Neuilly sur Seine,IN01,Bagatelle,Indigo,48.876683,2.250798,,,,True,"1 Place de Bagatelle, 92200 Neuilly-sur-Seine",https://www.indigoneo.fr/fr/parking-cities/neuilly-sur-seine-958,EUR
France,Neuilly sur Seine,IN02,Inkermann,Indigo,48.887015,2.275019,,,,True,"31 Boulevard d'Inkermann, 92200 Neuilly-sur-Seine",https://www.indigoneo.fr/fr/parking-cities/neuilly-sur-seine-958,EUR
France,Neuilly sur Seine,IN03,Madrid,Indigo,48.884303,2.260254,,,,True,"6 Avenue de Madrid, 92200 Neuilly-sur-Seine",https://www.indigoneo.fr/fr/parking-cities/neuilly-sur-seine-958,EUR
France,Neuilly sur Seine,IN04,Marché,Indigo,48.880199,2.27609,,,,True,"Place du Marché, 92200 Neuilly-sur-Seine",https://www.indigoneo.fr/fr/parking-cities/neuilly-sur-seine-958,EUR
France,Neuilly sur Seine,IN05,Parmentier,Indigo,48.882427,2.2777,,,,True,"43 Avenue du Roule, 92200 Neuilly-sur-Seine",https://www.indigoneo.fr/fr/parking-cities/neuilly-sur-seine-958,EUR
France,Neuilly sur Seine,IN06,Saint Jean Baptiste,Indigo,48.883727,2.26446,,,,False,"136 Avenue Charles de Gaulle, 92200 Neuilly-sur-Seine",https://www.indigoneo.fr/fr/parking-cities/neuilly-sur-seine-958,EUR
France,Nice,nice-qpark-1,Parking Aéroport Nice Côte d'Azur - Arénas,Q-Park,43.669585,7.216308,536,3.9,44.1,True,"125 Boulevard René Cassin, 06000 Nice",https://www.q-park.fr/fr-fr/villes/nice/a%c3%a9roport-nice-ar%c3%a9nas/,EUR
France,Nice,nice-qpark-2,Parking Gare du Sud,Q-Park,43.708798,7.261417,502,3.9,41.9,True,"7 Rue Alfred Binet, 06000 Nice",https://www.q-park.fr/fr-fr/villes/nice/gare-du-sud/,EUR
France,Nice,nice-qpark-3,Parking Notre Dame,Q-Park,43.703725,7.267189,206,4.8,46.4,False,"28 Avenue Notre Dame, 06000 Nice",https://www.q-park.fr/fr-fr/villes/nice/notre-dame/,EUR
France,Nîmes,QP01,Gare Feuchères,Q-Park,43.832134,4.366777,800,2.7,22.3,True,"1 Allée Boissy d'Anglas, 30000 Nîmes",https://www.q-park.fr/fr-fr/villes/n%c3%aemes/gare-feuch%c3%a8res/,EUR
France,Nîmes,QP02,Jean Jaurès,Q-Park,43.83283,4.351761,468,2.2,19.5,True,"56 Rue du Mail, 30000 Nîmes",https://www.q-park.fr/fr-fr/villes/n%c3%aemes/jean-jaur%c3%a8s/,EUR
France,Perpignan,perpignan-qpark-1,Parking Clémenceau Centre-Ville,Q-Park,42.701113,2.889744,449,3.4,29.8,True,"39 Avenue du Général Leclerc, 66000 Perpignan",https://www.q-park.fr/fr-fr/villes/perpignan/cl%c3%a9menceau/,EUR
France,Perpignan,perpignan-qpark-2,Parking République,Q-Park,42.698224,2.895326,318,2.9,37.5,True,"9 Place de la République, 66000 Perpignan",https://www.q-park.fr/fr-fr/villes/perpignan/r%c3%a9publique/,EUR
France,Perpignan,perpignan-qpark-3,Parking Wilson,Q-Park,42.702386,2.897477,498,2.9,37.3,True,"14 Boulevard Thomas Wilson, 66000 Perpignan",https://www.q-park.fr/fr-fr/villes/perpignan/wilson/,EUR
France,Pierre Benite,QP01,Hôpital HCL Lyon Sud,Q-Park,45.69996,4.80589,1746,1.9,67.4,True,"165 Chemin du Grand Revoyet, 69310 Pierre Benite",https://www.q-park.fr/fr-fr/villes/pierre-benite/pierre-benite---h%C3%B4pital-hcl-lyon-sud/,EUR
France,Poitiers,QP01,Les Cordeliers,Q-Park,46.581559,0.342282,318,3.4,38.7,True,"4 bis Rue Henri Oudin, 86000 Poitiers",https://www.q-park.fr/fr-fr/villes/poitiers/les-cordeliers/,EUR
France,Reims,reims-qpark-1,Parking Bezannes,Q-Park,49.2178522,4.0016119,709,3.1,13.7,False,"109 Rue Louis Victor de Broglie, 51430 Reims",https://www.q-park.fr/fr-fr/villes/reims/bezannes/,EUR
France,Reims,reims-qpark-2,Parking Courlancy,Q-Park,49.2452345,4.0182711,195,3.1,13.7,False,"38 bis Rue de Courlancy, 51100 Reims",https://www.q-park.fr/fr-fr/villes/reims/courlancy/,EUR
France,Reims,reims-qpark-3,Parking Les Bleuets,Q-Park,49.2502584,4.0168866,185,3.1,13.7,False,"24 Rue du Colonel Fabien, 51003 Reims",https://www.q-park.fr/fr-fr/villes/reims/les-bleuets/,EUR
France,Rouen,QP01,Palais de Justice Musée des Beaux-Arts,Q-Park,49.4454301,1.0932049,1121,4.0,22.9,False,"8 Allée Eugène Delacroix, 76000 Rouen",https://www.q-park.fr/fr-fr/villes/rouen/palais-de-justice-mus%c3%a9e-des-beaux-arts/,EUR
France,Rouen,QP02,Square des Arts,Q-Park,49.439897,1.086334,458,3.4,27.0,False,"2 bis Rue Saint-Éloi, 76000 Rouen",https://www.q-park.fr/fr-fr/villes/rouen/square-des-arts/,EUR
France,Saint Brieuc,QP01,Les Champs,Q-Park,48.511025,-2.759305,643,1.9,27.3,True,"9 Rue Saint-François, 22000 Saint Brieuc",https://www.q-park.fr/fr-fr/villes/saint-brieuc/les-champs/,EUR
France,Saintes,saintes-qpark-1,Parking Bois d'Amour,Q-Park,45.747688,-0.632909,248,1.8,13.1,False,"5 Rue Bois d'Amour, 17100 Saintes",https://www.q-park.fr/fr-fr/villes/saintes/bois-damour/,EUR
France,Saintes,saintes-qpark-2,Parking Centre Ville Saintes,Q-Park,45.746651,-0.628065,225,1.6,8.8,False,"10 Rue Eugène Pelletan, 17100 Saintes",https://www.q-park.fr/fr-fr/villes/saintes/centre-ville/,EUR
France,Saintes,saintes-qpark-3,Parking Saint Pierre,Q-Park,45.7443515,-0.6306947,117,1.6,8.8,False,"quai de Verdun, 17100 Saintes",https://www.q-park.fr/fr-fr/villes/saintes/saint-pierre/,EUR
France,Saint Germain en Laye,QP01,Marché Neuf,Q-Park,48.898254,2.08926,415,3.4,23.8,True,"1 Place du Marché Neuf, 78100 Saint Germain en Laye",https://www.q-park.fr/fr-fr/villes/saint-germain-en-laye/place-du-march%C3%A9-centre-ville/,EUR
France,Saint Germain en Laye,IN01,Centre Château,Indigo,48.89743,2.09622,,,,True,"22 Place Charles de Gaulle, 78100 Saint-Germain-en-Laye",https://www.indigoneo.fr/fr/parking-cities/saint-germain-en-laye-912,EUR
France,Saint Germain en Laye,IN02,Les Coches,Indigo,48.896198,2.093636,,,,True,"15 Rue des Coches, 78100 Saint-Germain-en-Laye",https://www.indigoneo.fr/fr/parking-cities/saint-germain-en-laye-912,EUR
France,Saint Germain en Laye,IN03,Pologne,Indigo,48.897943,2.088194,,,,True,"63 Rue de Pologne, 78100 Saint-Germain-en-Laye",https://www.indigoneo.fr/fr/parking-cities/saint-germain-en-laye-912,EUR
France,Saint Julien les Metz,QP01,Boulevard de Trèves P0,Q-Park,49.1225556,6.1878889,20,,,False,"18 Boulevard de Trèves, 57000 Saint Julien les Metz",https://www.q-park.fr/fr-fr/villes/saint-julien-les-metz/boulevard-de-tr%C3%A8ves-p0/,EUR
France,Saint Laurent du Var,QP01,Atoll Beach,Q-Park,43.657985,7.186795,440,4.2,38.6,False,"333 Avenue du Ponant, 06700 Saint Laurent du Var",https://www.q-park.fr/fr-fr/villes/saint-laurent-du-var/atoll-beach/,EUR
France,Saint Malo,QP01,Saint Vincent,Q-Park,48.650404,-2.022453,480,2.7,40.6,True,"Place Saint-Vincent, 35400 Saint Malo",https://www.q-park.fr/fr-fr/villes/saint-malo/saint-vincent/,EUR
France,Saint Mandé,saintmande-qpark-1,Parking Charles Digeon,Q-Park,48.843587,2.417994,204,2.4,20.2,True,"5 Place Charles Digeon, 94160 Saint Mandé",https://www.q-park.fr/fr-fr/villes/saint-mand%c3%a9/charles-digeon/,EUR
France,Saint Mandé,saintmande-qpark-2,Parking Sacrot,Q-Park,48.839955,2.41613,105,,,False,"3 Rue Guynemer, 94160 Saint Mandé",https://www.q-park.fr/fr-fr/villes/saint-mand%c3%a9/sacrot/,EUR
France,Saint Mandé,saintmande-qpark-3,Parking Sainte Marie,Q-Park,48.8362,2.412851,95,,,False,"Villa Carnot, 94160 Saint Mandé",https://www.q-park.fr/fr-fr/villes/saint-mand%c3%a9/sainte-marie/,EUR
France,Saint Quentin,QP01,Hôpital,Q-Park,49.861062,3.271384,650,2.1,9.9,True,"93 Rue Henriette Cabot, 02100 Saint Quentin",https://www.q-park.fr/fr-fr/villes/saint-quentin/h%c3%b4pital/,EUR
France,Sartrouville,QP01,Lamartine,Q-Park,48.938291,2.157479,430,2.6,15.1,True,"82 Avenue Jean Jaurès, 78500 Sartrouville",https://www.q-park.fr/fr-fr/villes/sartrouville/lamartine/,EUR
France,Uzès,QP01,Gide,Q-Park,44.013738,4.42165,230,1.5,12.4,False,"26 Boulevard Gide, 30700 Uzès",https://www.q-park.fr/fr-fr/villes/uz%c3%a8s/gide/,EUR
France,Uzès,QP02,Uzès Cordeliers,Q-Park,44.012698,4.415945,445,0.0,11.5,False,"1 Place des Cordeliers, 30700 Uzès",https://www.q-park.fr/fr-fr/villes/uz%c3%a8s/uz%c3%a8s-cordeliers/,EUR
France,Uzès,QP03,Uzès Gare,Q-Park,44.011068,4.412924,120,0.0,11.5,False,"28 Avenue de la Gare, 30700 Uzès",https://www.q-park.fr/fr-fr/villes/uz%c3%a8s/uz%c3%a8s-gare/,EUR
France,Vannes,QP01,Port,Q-Park,47.65356,-2.75921,405,2.6,25.6,True,"9 Rue du Port, 56000 Vannes",https://www.q-park.fr/fr-fr/villes/vannes/port/,EUR
France,Vannes,IN01,République,Indigo,47.656321,-2.76,,3.4,23.0,True,"18 Place de la République, 56000 Vannes (capacity not published by Indigo Neo; Vannes' own official site quick check only gave a citywide total of ~5500 spaces, not per-facility)",https://www.indigoneo.fr/fr/parkings/15803/parking-republique,EUR
France,Vélizy-Villacoublay,QP01,Happy Vélizy,Q-Park,48.7807581,2.207052,111,1.5,23.9,False,"5 Avenue Morane Saulnier, 78140 Vélizy-Villacoublay",https://www.q-park.fr/fr-fr/villes/v%c3%a9lizy-villacoublay/happy-v%c3%a9lizy/,EUR
France,Vichy,QP01,Les 4 Chemins,Q-Park,46.126342,3.421663,412,2.5,14.7,True,"35 Rue Lucas, 03200 Vichy",https://www.q-park.fr/fr-fr/villes/vichy/4-chemins/,EUR
France,Villaroger,QP01,Villaroger - Télécabine,Q-Park,45.5951224,6.8641457,109,,,False,"Parking Télécabine, 73640 Villaroger (Q-Park's own page embeds null 0,0 geo; coordinates geocoded via Nominatim to the Le Pré Derrière télécabine/gondola station area, no live tariff data returned by GetTariffsForFacility API - empty array, consistent with other seasonal Alps facilities in this project)",https://www.q-park.fr/fr-fr/villes/villaroger/villaroger---t%c3%a9l%c3%a9cabine/,EUR
France,Villeurbanne,QP01,Central Park,Q-Park,45.775677,4.859965,361,2.0,22.0,False,"38 Rue Louis Guérin, 69100 Villeurbanne",https://www.q-park.fr/fr-fr/villes/villeurbanne/central-park/,EUR
France,Villeurbanne,QP02,Centre Léon Blum,Q-Park,45.760801,4.906441,170,2.3,20.7,False,"173 Rue Léon Blum, 69100 Villeurbanne",https://www.q-park.fr/fr-fr/villes/villeurbanne/centre-l%c3%a9on-blum/,EUR
France,Villeurbanne,QP03,Médipôle PA-PC,Q-Park,45.760618,4.907519,651,2.7,25.0,True,"158 Rue Léon Blum, 69100 Villeurbanne",https://www.q-park.fr/fr-fr/villes/villeurbanne/m%c3%a9dip%c3%b4le-pa-pc/,EUR
France,Villeurbanne,LPA01,Hôtel de Ville Villeurbanne,LPA,45.76618,4.87877,481,3.2,49.6,False,"51 rue Racine, 69100 Villeurbanne",https://parking.lpa.fr/parkings/hotel-de-ville-villeurbanne/,EUR
France,Viroflay,QP01,Bibliothèque,Q-Park,48.804561,2.176721,118,2.0,17.3,True,"74 Avenue du Général Leclerc, 78220 Viroflay",https://www.q-park.fr/fr-fr/villes/viroflay/viroflay-biblioth%c3%a8que/,EUR
