place_id,place_name,city_name,our_capacity,priced_name,priced_city,country,operator,priced_capacity,hourly_rate,daily_cap,dist_m,name_sim,reporting,source_url,currency,note,free,transit_conditional
parken-in-bochum-PH-Stadionring,PH Stadionring,Bochum,2000,PH Stadionring,Bochum,eur,Parken in Bochum (WEG Bochum),,,6.0,0,,yes,https://www.parken-in-bochum.de/parkhaeuser/parkhaus/ph-stadionring/,EUR,"flat 24h tariff 6,00 € only, no hourly rate published; overflow lot P3 (Bedarfsparkplatz) 12,00 € flat; event parking, cashless only",,
parken-in-bochum-P5-Bruckstrasse,P5 Brückstraße,Bochum,700,P5 Brückstraße,Bochum,eur,Parken in Bochum (WEG Bochum),,1.9,17.1,0,,yes,https://www.parken-in-bochum.de/parkhaeuser/parkhaus/p5-brueckstrasse/,EUR,"Stundentarif 1,90 €; Tagestarif 17,10 €; Spartarif 5,00 € pauschal bei Einfahrt ab 18:00 und Ausfahrt bis 10:00",,
parken-in-bochum-P8-Konrad-Adenauer-Platz,P8 Konrad-Adenauer-Platz / Bermuda3Eck,Bochum,543,P8 Konrad-Adenauer-Platz / Bermuda3Eck,Bochum,eur,Parken in Bochum (WEG Bochum),,1.9,17.1,0,,yes,https://www.parken-in-bochum.de/parkhaeuser/parkhaus/p8-konrad-adenauer-platz-bermuda3eck/,EUR,"Stundentarif 1,90 €; Tagestarif 17,10 €; Spartarif 5,00 € pauschal bei Einfahrt ab 18:00 und Ausfahrt bis 10:00; motorcycles 0,90 €/h, 8,00 €/day",,
parken-in-bochum-PH-Husemann-Karree,PH Husemann Karree,Bochum,510,PH Husemann Karree,Bochum,eur,Parken in Bochum (WEG Bochum),,1.9,17.1,0,,yes,https://www.parken-in-bochum.de/parkhaeuser/parkhaus/ph-husemann-karree/,EUR,"Stundentarif 1,90 €; Tagestarif 17,10 €; Spartarif 5,00 € pauschal bei Einfahrt ab 18:00 und Ausfahrt bis 10:00",,
parken-in-bochum-P6-Hauptbahnhof-Buddenbergplatz,P6 Hauptbahnhof (Buddenbergplatz),Bochum,480,P6 Hauptbahnhof (Buddenbergplatz),Bochum,eur,Parken in Bochum (WEG Bochum),,1.9,17.1,0,,yes,https://www.parken-in-bochum.de/parkhaeuser/parkhaus/p6-hauptbahnhof-buddenbergplatz/,EUR,"Stundentarif 1,90 €; Tagestarif 17,10 €; Spartarif erste halbe Stunde 1,00 €; Spar-Nachttarif 5,00 € pauschal; separate 'Parkebene Reisende' 20,00 €",,
parken-in-bochum-P1-Husemannplatz,P1 Husemannplatz,Bochum,475,P1 Husemannplatz,Bochum,eur,Parken in Bochum (WEG Bochum),,1.9,17.1,0,,yes,https://www.parken-in-bochum.de/parkhaeuser/parkhaus/p1-husemannplatz/,EUR,"Stundentarif 1,90 €; Tagestarif 17,10 €; Spartarif 5,00 € pauschal bei Einfahrt ab 18:00 und Ausfahrt bis 10:00",,
parken-in-bochum-P7-Kurt-Schumacher-Platz,P7 Kurt-Schumacher-Platz,Bochum,432,P7 Kurt-Schumacher-Platz,Bochum,eur,Parken in Bochum (WEG Bochum),,1.9,17.1,0,,yes,https://www.parken-in-bochum.de/parkhaeuser/parkhaus/p7-kurt-schumacher-platz/,EUR,"Stundentarif 1,90 €; Tagestarif 17,10 €; Spartarif 5,00 € pauschal bei Einfahrt ab 18:00 und Ausfahrt bis 10:00",,
parken-in-bochum-P3-Rathaus-BVZ,P3 Rathaus (BVZ),Bochum,422,P3 Rathaus (BVZ),Bochum,eur,Parken in Bochum (WEG Bochum),,1.9,17.1,0,,yes,https://www.parken-in-bochum.de/parkhaeuser/parkhaus/p3-rathaus-bvz/,EUR,"Stundentarif 1,90 €; Tagestarif 17,10 €; Spartarif 5,00 € pauschal bei Einfahrt ab 18:00 und Ausfahrt bis 10:00",,
parken-in-bochum-P2-Dr-Ruer-Platz,P2 Dr.-Ruer-Platz,Bochum,375,P2 Dr.-Ruer-Platz,Bochum,eur,Parken in Bochum (WEG Bochum),,1.9,17.1,0,,yes,https://www.parken-in-bochum.de/parkhaeuser/parkhaus/p2-dr-ruer-platz/,EUR,"Stundentarif 1,90 €; Tagestarif 17,10 €; Spartarif 5,00 € pauschal bei Einfahrt ab 18:00 und Ausfahrt bis 10:00",,
parken-in-bochum-P9-Schauspielhaus,P9 Schauspielhaus,Bochum,265,P9 Schauspielhaus,Bochum,eur,Parken in Bochum (WEG Bochum),,,6.0,0,,yes,https://www.parken-in-bochum.de/parkhaeuser/parkhaus/p9-schauspielhaus/,EUR,"only a flat Theatertarif of 6,00 € per visit is published (no hourly tariff); recorded here as the per-stay maximum",,
parken-in-bochum-PF-Bochumer-Fenster,PH Bochumer Fenster,Bochum,240,PH Bochumer Fenster,Bochum,eur,Parken in Bochum (WEG Bochum),,1.9,17.1,0,,yes,https://www.parken-in-bochum.de/parkhaeuser/parkhaus/ph-bochumer-fenster/,EUR,"Stundentarif 1,90 €; Tagestarif 17,10 €; Spartarif 5,00 € pauschal bei Einfahrt ab 18:00 und Ausfahrt bis 10:00",,
parken-in-bochum-PM-Massenbergstrasse,PH Massenbergstraße,Bochum,100,PH Massenbergstraße,Bochum,eur,Parken in Bochum (WEG Bochum),,1.9,17.1,0,,yes,https://www.parken-in-bochum.de/parkhaeuser/parkhaus/ph-massenbergstrasse/,EUR,"Stundentarif 1,90 €; Tagestarif 17,10 €; Spartarif 5,00 € pauschal bei Einfahrt ab 18:00 und Ausfahrt bis 10:00",,
bonn-bcp-parken-friedensplatz,friedensplatz,Bonn,810,Friedensplatzgarage,Bonn,eur,BCP (Bonner City Parkraum GmbH),,2.0,25.0,0,,yes,https://bcp-bonn.de/preise/,EUR,"1. und 2. Stunde je 2,00 €, ab der 3. Stunde 2,50 €/h; Höchsttarif 25,00 € werktags / 8,00 € Sonn- und Feiertage; Sonn-/Feiertagstarif 1,00 €/h; Nachttarif ab 19:00 1,00 €/h max 3,00 €. Matched by capacity 810 (input) = 810 Einstellplätze, entrance Oxfordstraße",,
bonn-bcp-parken-unigarage,unigarage,Bonn,438,Unigarage,Bonn,eur,BCP (Bonner City Parkraum GmbH),,2.0,25.0,0,,yes,https://bcp-bonn.de/preise/,EUR,"1. und 2. Stunde je 2,00 €, ab der 3. Stunde 2,50 €/h; Höchsttarif 25,00 € werktags / 8,00 € Sonn- und Feiertage; Sonn-/Feiertagstarif 1,00 €/h; Nachttarif ab 19:00 1,00 €/h max 3,00 €. Matched by capacity 438 = 438 Einstellplätze, entrance Regina-Pacis-Weg",,
bonn-bcp-parken-beethoven,beethoven,Bonn,416,Beethoven-Parkhaus,Bonn,eur,BCP (Bonner City Parkraum GmbH),,2.0,25.0,0,,yes,https://bcp-bonn.de/preise/,EUR,"1. und 2. Stunde je 2,00 €, ab der 3. Stunde 2,50 €/h; Höchsttarif 25,00 € werktags / 8,00 € Sonn- und Feiertage; Sonn-/Feiertagstarif 1,00 €/h; Nachttarif ab 19:00 1,00 €/h max 3,00 €. Matched to Beethoven-Parkhaus (426 Einstellplätze vs input 416), NOT the separate Beethoven-Parkplatz (58 places). Also sells 3-/10-/30-day tickets",,
bonn-bcp-parken-operngarage,operngarage,Bonn,380,Operngarage,Bonn,eur,BCP (Bonner City Parkraum GmbH),,2.0,25.0,0,,yes,https://bcp-bonn.de/preise/,EUR,"1. und 2. Stunde je 2,00 €, ab der 3. Stunde 2,50 €/h; Höchsttarif 25,00 € werktags / 8,00 € Sonn- und Feiertage; Sonn-/Feiertagstarif 1,00 €/h; Nachttarif ab 19:00 1,00 €/h max 3,00 €. Additional Veranstaltungstarif 5,00 € valid 120 min before to 120 min after a performance (Operngarage only); also sells 3-/10-/30-day tickets",,
bonn-bcp-parken-stadthaus,stadthaus,Bonn,320,Stadthausgarage,Bonn,eur,BCP (Bonner City Parkraum GmbH),,2.0,25.0,0,,yes,https://bcp-bonn.de/preise/,EUR,"1. und 2. Stunde je 2,00 €, ab der 3. Stunde 2,50 €/h; Höchsttarif 25,00 € werktags / 8,00 € Sonn- und Feiertage; Sonn-/Feiertagstarif 1,00 €/h; Nachttarif ab 19:00 1,00 €/h max 3,00 €. Matched by entrance Weiherstraße, 300 Einstellplätze vs input 320",,
bonn-bcp-parken-muensterplatz,muensterplatz,Bonn,312,Münsterplatzgarage,Bonn,eur,BCP (Bonner City Parkraum GmbH),,2.0,25.0,0,,yes,https://bcp-bonn.de/preise/,EUR,"1. und 2. Stunde je 2,00 €, ab der 3. Stunde 2,50 €/h; Höchsttarif 25,00 € werktags / 8,00 € Sonn- und Feiertage; Sonn-/Feiertagstarif 1,00 €/h; Nachttarif ab 19:00 1,00 €/h max 3,00 €. Matched by capacity 312 = 312 Einstellplätze, entrance Budapester Straße",,
bonn-bcp-parken-Rabinstrasse,Rabinstrasse,Bonn,305,Parkhaus Hauptbahnhof,Bonn,eur,BCP (Bonner City Parkraum GmbH),,2.0,25.0,0,,yes,https://bcp-bonn.de/preise/,EUR,"1. und 2. Stunde je 2,00 €, ab der 3. Stunde 2,50 €/h; Höchsttarif 25,00 € werktags / 8,00 € Sonn- und Feiertage; Sonn-/Feiertagstarif 1,00 €/h; Nachttarif ab 19:00 1,00 €/h max 3,00 €. Identity: BCP's PH Hauptbahnhof has its entrance on Rabinstraße, which is what the input name refers to (258 Einstellplätze vs input 305); also sells 3-/10-/20-/30-day tickets",,
bonn-bcp-parken-markt,markt,Bonn,287,Marktgarage,Bonn,eur,BCP (Bonner City Parkraum GmbH),,2.0,25.0,0,,yes,https://bcp-bonn.de/preise/,EUR,"1. und 2. Stunde je 2,00 €, ab der 3. Stunde 2,50 €/h; Höchsttarif 25,00 € werktags / 8,00 € Sonn- und Feiertage; Sonn-/Feiertagstarif 1,00 €/h; Nachttarif ab 19:00 1,00 €/h max 3,00 €. Matched by entrance Stockenstraße, 279 Einstellplätze vs input 287",,
bonn-bcp-parken-bahnhof,hauptbahnhof,Bonn,94,Alte Bahnhofgarage,Bonn,eur,BCP (Bonner City Parkraum GmbH),,2.0,25.0,0,,yes,https://bcp-bonn.de/preise/,EUR,"1. und 2. Stunde je 2,00 €, ab der 3. Stunde 2,50 €/h; Höchsttarif 25,00 € werktags / 8,00 € Sonn- und Feiertage; Sonn-/Feiertagstarif 1,00 €/h; Nachttarif ab 19:00 1,00 €/h max 3,00 €. Identity: matched to Alte Bahnhofgarage (89 Einstellplätze vs input 94, entrance Münsterstraße); BCP's larger PH Hauptbahnhof is mapped to the separate 'Rabinstrasse' row",,
digistadt-dortmund-parken-Thier-Galerie,Thier - Galerie,Dortmund,779,Thier-Galerie Dortmund - Parkhaus,Dortmund,eur,Thier-Galerie Dortmund (ECE Marketplaces GmbH & Co. KG),,2.0,15.0,0,,yes,https://www.thiergalerie.de/service/anfahrt/parken/parken/,EUR,"Day price applies to the day of entry only, NOT 24 h. Garage open Mo-Sa 08:00-20:00 (exit up to 30 min later); shopper validation: Parkwertkarte gives 10% bonus. Centre states 730 spaces vs 779 in city feed. [source text: 1. Stunde 2,00 € | Jede weitere Stunde 2,00 € (angefangene Stunde) | Tagespreis 15,00 € (Gilt für den Tag der Einfahrt – nicht für 24 Stunden)]",,
digistadt-dortmund-parken-Hansaplatz-Karstadt,Hansaplatz / Karstadt,Dortmund,588,Hansaplatz,Dortmund,eur,DOPARK GmbH,,1.8,14.0,0,,yes,https://www.dopark.de/parkpreise,EUR,"Stepped tariff; 1st hour 2,00 €, marginal 2nd hour 1,80 €. Nachttarif 3,00 € only on entry after 19:00. Open 24/7. Capacity 588 matches city feed exactly. [source text: bis 1 Stunde 2,00 € | bis 2 Stunden 3,80 € | bis 3 Stunden 5,00 € | Tageskarte (bis 24 Stunden) 14,00 € | Nachttarif** 3,00 €]",,
digistadt-dortmund-parken-Rathaus-Stadtgarten,Rathaus / Stadtgarten,Dortmund,584,Rathaus,Dortmund,eur,DOPARK GmbH,,1.8,14.0,0,,yes,https://www.dopark.de/parkpreise,EUR,"Stepped tariff; 1st hour 2,00 €, marginal 2nd hour 1,80 €. Closed Sundays/holidays (Mo-Sa 06:00-23:00). DOPARK address Prinzenstraße 6, 584 spaces = city feed exactly. [source text: bis 1 Stunde 2,00 € | bis 2 Stunden 3,80 € | bis 7 Stunden 11,00 € | Tageskarte (bis 24 Stunden) 14,00 €]",,
digistadt-dortmund-parken-Hauptbahnhof,Hauptbahnhof,Dortmund,536,Garagenanlage am Hauptbahnhof,Dortmund,eur,DIAG Verwaltungsgesellschaft mbH (Dreier Immobilien),,1.5,13.0,0,,yes,https://www.diag.eu/parken/,EUR,"1st hour 1,50 €, marginal 2nd hour also 1,50 €. Open 24/7 incl. holidays. Operator lists 536 spaces (Königswall) - exact match with city feed. NOT a DB BahnPark site (bahnhof.de lists it only under 'weitere Parkmöglichkeiten'). [source text: bis 1 Stunde 1,50 € | bis 2 Stunden 3,00 € | bis 3 Stunden 5,00 € | bis 7 Stunden 11,00 € | 7 – 24 Stunden 13,00 €]",,
digistadt-dortmund-parken-Dortmunder-U,Dortmunder U,Dortmund,517,Dortmunder U,Dortmund,eur,GOLDBECK Parking Services GmbH,,2.0,18.0,0,,yes,https://www.goldbeck-parking.de/api/gps-opg/parking-unit/6499,EUR,"Tageshöchstsatz 18,00 € applies to entry 12:00-22:00 Mo-Fri and 06:00-22:00 Sat/Sun/holidays. Night tariff 15,00 € for entry 22:00-06:00; Schülertarif 8,00 € for entry Mo-Fri 06:00-12:00; event tariff not applicable. Operator note on the same record: 'Derzeit sind nur fest reservierte Stellplätze vorhanden'. Brinkhoffstraße 30, 517 spaces = city feed exactly. [source text: Standardtarif: pro Stunde 2,00 € | Tageshöchstsatz (Mo.-Fr.) Einfahrt zwischen 12:00 - 22:00 Uhr 18,00 € | Tageshöchstsatz (Sa., So., Feier- & Einkaufstage) 18,00 € | Nachttarif Einfahrt Mo.-So. 22:00 bis 06:00 Uhr 15,00 €]",,
digistadt-dortmund-parken-Friedensplatz,Friedensplatz,Dortmund,446,Garagenanlage am Friedensplatz,Dortmund,eur,DIAG Verwaltungsgesellschaft mbH (Dreier Immobilien),,2.0,14.0,0,,yes,https://www.diag.eu/parken/,EUR,"1st hour 2,00 €, marginal 2nd hour also 2,00 €. Evening tariff differs: 'Nachttarif ab 19:00 Uhr: 3,00 € erste Stunde bis Schließung'. Operator lists 457 spaces (Südwall) vs 446 in city feed. [source text: bis 1 Stunde 2,00 € | bis 2 Stunden 4,00 € | 7 – 24 Stunden 14,00 € | Nachttarif ab 19:00 Uhr: 3,00 € erste Stunde bis Schließung]",,
digistadt-dortmund-parken-Kuckelke,Kuckelke,Dortmund,407,Parkhaus Kuckelke,Dortmund,eur,Contipark Parkgaragengesellschaft (Interparking),,3.0,17.0,0,,yes,https://www.contipark.de/de/parken/dortmund/parkhaus-kuckelke/,EUR,"Flat per-started-hour rate. Evening flat rate 6,00 € for entry 16:00-03:00 if the ticket is paid immediately after entry. Pcard customers pay 2,50 €/h with an 8,50 € cap. Open 24/7. Contipark lists 432 spaces (Kuckelke 3) vs 407 in city feed. [source text: Reguläres Parkentgelt Mo - So 00:00 - 24:00: je angefangene Stunde 3,00 € | Höchstsatz (0 - 24 Uhr) 17,00 € | Mo - So 16:00 - 03:00 Pauschale 6,00 €]",,
digistadt-dortmund-parken-St-Johannes-Hospital,St.-Johannes-Hospital,Dortmund,396,Parkhaus Amalienstraße,Dortmund,eur,St.-Johannes-Hospital Dortmund (JoHo),,2.5,,0,,yes,https://www.joho-dortmund.de/anfahrt-und-parken.html,EUR,"No 24-h maximum published; after 12 hours the rate drops to 0,50 €/h, so a full day works out at 36,00 € but is not published as a cap. Hospital states 458 spaces vs 396 in city feed. [source text: Die ersten 12 Stunden kosten pro Stunde 2,50 €. Alle weiteren folgenden Stunden kosten pro Stunde 0,50 €.]",,
digistadt-dortmund-parken-Theater,Theater,Dortmund,392,Theater,Dortmund,eur,DOPARK GmbH,,1.8,14.0,0,,yes,https://www.dopark.de/parkpreise,EUR,"Stepped tariff; 1st hour 2,00 €, marginal 2nd hour 1,80 €. Flat Theatertarif 5,00 € for certain performances. Closed Sun/holidays except around performances. 392 spaces = city feed exactly. [source text: bis 1 Stunde 2,00 € | bis 2 Stunden 3,80 € | Tageskarte (bis 24 Stunden) 14,00 € | Theatertarif** 5,00 €]",,
digistadt-dortmund-parken-Freistuhl-Bibliothek,Freistuhl / Bibliothek,Dortmund,358,Parken am Freistuhl,Dortmund,eur,DIAG Verwaltungsgesellschaft mbH (Dreier Immobilien),,2.0,14.0,0,,yes,https://www.diag.eu/parken/,EUR,"1st hour 2,00 €, marginal 2nd hour also 2,00 €. Closed on public holidays. Operator lists 306 spaces (Freistuhl / RWE-Tower) vs 358 in city feed. [source text: bis 1 Stunde 2,00 € | bis 2 Stunden 4,00 € | bis 3 Stunden 5,50 € | bis 7 Stunden 11,50 € | 7 – 24 Stunden 14,00 €]",,
digistadt-dortmund-parken-Westentor,Westentor,Dortmund,338,Westentor,Dortmund,eur,DOPARK GmbH,,1.8,14.0,0,,yes,https://www.dopark.de/parkpreise,EUR,"Stepped tariff; 1st hour 2,00 €, marginal 2nd hour 1,80 €. Closed Sun/holidays. DOPARK lists 341 spaces (Schmiedingstraße 25) vs 338 in city feed. [source text: bis 1 Stunde 2,00 € | bis 2 Stunden 3,80 € | bis 7 Stunden 11,00 € | Tageskarte (bis 24 Stunden) 14,00 €]",,
digistadt-dortmund-parken-Konzerthaus-Burgwall,Konzerthaus / Burgwall,Dortmund,265,Konzerthaus (Burgwall),Dortmund,eur,DOPARK GmbH,,1.8,14.0,0,,yes,https://www.dopark.de/parkpreise,EUR,"Stepped tariff; 1st hour 2,00 €, marginal 2nd hour 1,80 €. Flat Konzerthaustarif 5,00 € for certain events. Closed Sun/holidays except around events. DOPARK lists 276 spaces (Burgwall 8) vs 265 in city feed. [source text: bis 1 Stunde 2,00 € | bis 2 Stunden 3,80 € | Tageskarte (bis 24 Stunden) 14,00 € | Konzerttarif** 5,00 €]",,
digistadt-dortmund-parken-Bissenkamp,Bissenkamp,Dortmund,164,Tiefgarage Bissenkamp,Dortmund,eur,Contipark Parkgaragengesellschaft (Interparking),,3.0,17.0,0,,yes,https://www.contipark.de/de/parken/dortmund/tiefgarage-bissenkamp/,EUR,"Flat per-started-hour rate. Evening flat rate 6,00 € for entry 16:00-03:00 if paid immediately. Pcard 2,50 €/h, cap 8,50 €. Open 24/7. Contipark address Gerberstraße 8 is ~60 m from the city-feed coordinate and lists 209 spaces vs 164 in the feed - identity judged on name+address+operator. [source text: Reguläres Parkentgelt Mo - So 00:00 - 24:00: je angefangene Stunde 3,00 € | Höchstsatz (0 - 24 Uhr) 17,00 € | Mo - So 16:00 - 03:00 Pauschale 6,00 €]",,
digistadt-dortmund-parken-Dietr-Keuning-Haus,Dietrich - Keuning - Haus,Dortmund,92,Begegnungszentrum Nord,Dortmund,eur,DOPARK GmbH,,1.0,8.0,0,,yes,https://www.dopark.de/parkpreise,EUR,"No 1-hour tier published: the first 2 hours cost 2,50 € together, each further hour 1,00 € (the marginal rate recorded here). DOPARK's locations page names this anlage 'Tiefgarage BZ Nord (Dietrich-Keuning-Haus)', Leopoldstraße 50, 92 spaces = city feed exactly. Closed Sundays. [source text: bis 2 Stunden 2,50 € | bis 3 Stunden 3,50 € | bis 4 Stunden 4,50 € | bis 5 Stunden 5,50 € | Tageskarte 8,00 €]",,
dresden-parken-Parkhaus-Mitte,Parkhaus Mitte,Dresden,400,Parkhaus Mitte,Dresden,eur,APCOA,,1.5,15.0,0,,yes,https://www.dresden.de/apps_ext/ParkplatzApp/detail?id=429,EUR,"je Stunde 1,50 €; 24 Stunden 15,00 €; cheaper daytime flat 'Tagestarif 8 bis 20 Uhr' 6,00 €. Source is the City of Dresden's parking app, which states 'Alle Angaben erfolgen ohne Gewähr'",,
dresden-parken-Semperoper,Semperoper,Dresden,400,Tiefgarage Semperoper,Dresden,eur,Contipark,,1.5,6.0,0,,yes,https://www.dresden.de/apps_ext/ParkplatzApp/detail?id=408,EUR,"je angefangene Stunde 1,50 €; Tag 0-24 Uhr 6,00 €; with a P Card 0,80 €/h and 3,50 €/day; monthly 77,35 €. Source is the City of Dresden's parking app, which states 'Alle Angaben erfolgen ohne Gewähr'",,
dresden-parken-Reitbahnstrasse,Reitbahnstraße,Dresden,285,Reitbahnstraße,Dresden,eur,Stadt Dresden (Tiefbauamt),,1.5,6.0,0,,yes,https://www.dresden.de/apps_ext/ParkplatzApp/detail?id=415,EUR,"metered: werktags 8-20 Uhr je 2 Minuten 0,05 € = 1,50 €/h; Tagestarif ab 4 Stunden für 24 Stunden 6,00 €; free on Sundays/holidays and daily 20-8. Source is the City of Dresden's parking app, which states 'Alle Angaben erfolgen ohne Gewähr'",,
dresden-parken-Wohrl-Florentinum,Wöhrl / Florentinum,Dresden,264,Wöhrl / Florentinum,Dresden,eur,APCOA,,2.0,22.0,0,,yes,https://www.dresden.de/apps_ext/ParkplatzApp/detail?id=405,EUR,"published as 'je angefangene Stunde ab 2,00 Euro (veränderlicher Satz)' - 2.00 is the published MINIMUM of a variable rate, not a fixed price; Tageshöchstsatz 22,00 €. Source is the City of Dresden's parking app, which states 'Alle Angaben erfolgen ohne Gewähr'",,
dresden-parken-Schiessgasse,Schießgasse,Dresden,255,Schießgasse,Dresden,eur,Stadt Dresden (Tiefbauamt),,2.4,12.0,0,,yes,https://www.dresden.de/apps_ext/ParkplatzApp/detail?id=411,EUR,"metered: Mo-Sa 8-20 Uhr je 5 Minuten 0,20 € = 2,40 €/h; Tagestarif 24 Stunden 12,00 €; Sundays/holidays 0,05 €/2 min = 1,50 €/h with 6,00 € cap; free daily 20-8. Source is the City of Dresden's parking app, which states 'Alle Angaben erfolgen ohne Gewähr'",,
dresden-parken-SachsenEnergie-Center,SachsenEnergie Center,Dresden,251,SachsenEnergie Center,Dresden,eur,City-Center Dresden,,2.4,17.0,0,,yes,https://www.dresden.de/apps_ext/ParkplatzApp/detail?id=406,EUR,"je angefangene Stunde 2,40 €; Tageshöchstsatz für 24 Stunden 17,00 €; lost ticket 50,00 €; monthly 95,20 €. Source is the City of Dresden's parking app, which states 'Alle Angaben erfolgen ohne Gewähr'",,
dresden-parken-Frauenkirche-Neumarkt,Frauenkirche / Neumarkt,Dresden,250,Frauenkirche / Neumarkt,Dresden,eur,Q-Park,,2.5,28.0,0,,yes,https://www.dresden.de/apps_ext/ParkplatzApp/detail?id=422,EUR,"je angefangene Stunde 2,50 €; Tageshöchstsatz 28,00 €. Distinct from the smaller 'An der Frauenkirche' garage (Landhausstraße 2, 250 places). Source is the City of Dresden's parking app, which states 'Alle Angaben erfolgen ohne Gewähr'",,
dresden-parken-Kongresszentrum,Kongresszentrum,Dresden,250,Kongresszentrum,Dresden,eur,Dresden Congress Center,,2.0,20.0,0,,yes,https://www.dresden.de/apps_ext/ParkplatzApp/detail?id=421,EUR,"je angefangene Stunde 2,00 €; Tageshöchstsatz 20,00 €. Source is the City of Dresden's parking app, which states 'Alle Angaben erfolgen ohne Gewähr'",,
dresden-parken-Strehlener-Strasse,Strehlener Straße,Dresden,235,Strehlener Straße,Dresden,eur,Stadt Dresden (Tiefbauamt),,1.2,5.0,0,,yes,https://www.dresden.de/apps_ext/ParkplatzApp/detail?id=453,EUR,"metered: werktags 8-19 Uhr je 5 Minuten 0,10 € = 1,20 €/h; Tagestarif ab 4:10 Stunden für 24 Stunden 5,00 €; free Sundays/holidays and daily 19-8. Source is the City of Dresden's parking app, which states 'Alle Angaben erfolgen ohne Gewähr'",,
dresden-parken-Kaditz,Kaditz,Dresden,190,Kaditz,Dresden,eur,Stadt Dresden (Tiefbauamt),,0.0,0.0,0,,yes,https://www.dresden.de/apps_ext/ParkplatzApp/detail?id=427,EUR,"free of charge (gebührenfrei); P+R site at the A4 Dresden-Neustadt exit. Source is the City of Dresden's parking app, which states 'Alle Angaben erfolgen ohne Gewähr'",yes,
dresden-parken-Haus-am-Zwinger,Haus am Zwinger,Dresden,171,Haus am Zwinger,Dresden,eur,APCOA,,2.8,30.0,0,,yes,https://www.dresden.de/apps_ext/ParkplatzApp/detail?id=402,EUR,"published as 'je angefangene Stunde ab 2,80 Euro (veränderlicher Satz)' - 2.80 is the published MINIMUM of a variable rate; Tageshöchstsatz 30,00 €. Source is the City of Dresden's parking app, which states 'Alle Angaben erfolgen ohne Gewähr'",,
dresden-parken-Ferdinandplatz,Ferdinandplatz,Dresden,154,Ferdinandplatz,Dresden,eur,Stadt Dresden (Tiefbauamt),,1.5,6.0,0,,yes,https://www.dresden.de/apps_ext/ParkplatzApp/detail?id=419,EUR,"metered: werktags 8-20 Uhr je 2 Minuten 0,05 € = 1,50 €/h; Tagestarif ab 4 Stunden für 24 Stunden 6,00 €; free Sundays/holidays and daily 20-8. Source is the City of Dresden's parking app, which states 'Alle Angaben erfolgen ohne Gewähr'",,
dresden-parken-Ostra-Ufer,Ostra-Ufer,Dresden,141,Ostra-Ufer,Dresden,eur,Stadt Dresden (Tiefbauamt),,1.2,5.0,0,,yes,https://www.dresden.de/apps_ext/ParkplatzApp/detail?id=464,EUR,"metered: werktags 8-19 Uhr je 5 Minuten 0,10 € = 1,20 €/h; Tagestarif ab 4:10 Stunden für 24 Std 5,00 €; free Sundays/holidays and werktags 19-8. Source is the City of Dresden's parking app, which states 'Alle Angaben erfolgen ohne Gewähr'",,
dresden-parken-Theresienstrasse,Theresienstraße,Dresden,140,Theresienstraße,Dresden,eur,parkplaetze-dresden.de,,2.0,20.0,0,,yes,https://www.dresden.de/apps_ext/ParkplatzApp/detail?id=418,EUR,"je angefangene 60 Minuten 2,00 €; Tageshöchstsatz 20,00 €; Park & Fly 20,00 €/day. Source is the City of Dresden's parking app, which states 'Alle Angaben erfolgen ohne Gewähr'",,
dresden-parken-Taschenbergpalais,Taschenbergpalais,Dresden,130,Taschenbergpalais,Dresden,eur,APCOA,,2.9,30.0,0,,yes,https://www.dresden.de/apps_ext/ParkplatzApp/detail?id=401,EUR,"published as 'je angefangene Stunde ab 2,90 Euro (veränderlicher Satz)' - 2.90 is the published MINIMUM of a variable rate; Tageshöchstsatz 30,00 €. Source is the City of Dresden's parking app, which states 'Alle Angaben erfolgen ohne Gewähr'",,
dresden-parken-Budapester-Strasse,Budapester Straße,Dresden,127,Budapester Straße,Dresden,eur,Stadt Dresden (Tiefbauamt),,1.5,6.0,0,,yes,https://www.dresden.de/apps_ext/ParkplatzApp/detail?id=461,EUR,"metered: werktags 8-19 Uhr je 2 Minuten 0,05 € = 1,50 €/h; Tagestarif ab 4 Stunden für 24 Stunden 6,00 €; free Sundays/holidays and daily 19-8. Source is the City of Dresden's parking app, which states 'Alle Angaben erfolgen ohne Gewähr'",,
dresden-parken-An-der-Frauenkirche,An der Frauenkirche,Dresden,120,An der Frauenkirche,Dresden,eur,Tiefgarage Frauenkirche,,2.5,28.0,0,,yes,https://www.dresden.de/apps_ext/ParkplatzApp/detail?id=403,EUR,"je angefangene Stunde 2,50 €; Tag 24 Stunden 28,00 €; lost ticket 84,00 €. Distinct from the Q-Park 'Frauenkirche / Neumarkt' garage. Source is the City of Dresden's parking app, which states 'Alle Angaben erfolgen ohne Gewähr'",,
dresden-parken-Wiesentorstrasse,Wiesentorstraße,Dresden,120,Wiesentorstraße,Dresden,eur,Contipark,,2.5,18.0,0,,yes,https://www.dresden.de/apps_ext/ParkplatzApp/detail?id=417,EUR,"Pkw je angefangene Stunde 2,50 €; Tag (24 Stunden) 18,00 €; motorhomes 25,00 €/day. Source is the City of Dresden's parking app, which states 'Alle Angaben erfolgen ohne Gewähr'",,
dresden-parken-Pirnaischer-Platz,Pirnaischer Platz,Dresden,110,Pirnaischer Platz,Dresden,eur,Stadt Dresden (Tiefbauamt),,2.4,12.0,0,,yes,https://www.dresden.de/apps_ext/ParkplatzApp/detail?id=412,EUR,"metered: Mo-Sa 8-20 Uhr je 5 Minuten 0,20 € = 2,40 €/h; Tagestarif 24 Stunden 12,00 €; Sundays/holidays 1,50 €/h with 6,00 € cap; free daily 20-8. Source is the City of Dresden's parking app, which states 'Alle Angaben erfolgen ohne Gewähr'",,
dresden-parken-Fidelio-F-Finke-Strasse,Fidelio-F.-Finke-Straße,Dresden,105,Fidelio-F.-Finke-Straße,Dresden,eur,Stadt Dresden (Tiefbauamt),,1.2,5.0,0,,yes,https://www.dresden.de/apps_ext/ParkplatzApp/detail?id=465,EUR,"metered: werktags 8-20 Uhr je 5 Minuten 0,10 € = 1,20 €/h; Tagestarif ab 4:10 Stunden 5,00 €; free Sundays/holidays and daily 20-8. Source is the City of Dresden's parking app, which states 'Alle Angaben erfolgen ohne Gewähr'",,
dresden-parken-Stadtforum-Dresden,Stadtforum Dresden,Dresden,88,Stadtforum Dresden,Dresden,eur,,,1.8,18.0,0,,yes,https://www.dresden.de/apps_ext/ParkplatzApp/detail?id=468,EUR,"je Stunde 1,80 €; Tagesticket (24 Stunden) 18,00 €; lost ticket 84,00 €. Operator not named on the source page. Source is the City of Dresden's parking app, which states 'Alle Angaben erfolgen ohne Gewähr'",,
dresden-parken-Terrassenufer,Terrassenufer,Dresden,69,Terrassenufer,Dresden,eur,Stadt Dresden (Tiefbauamt),,1.5,6.0,0,,yes,https://www.dresden.de/apps_ext/ParkplatzApp/detail?id=416,EUR,"metered: werktags 8-20 Uhr je 2 Minuten 0,05 € = 1,50 €/h; Tagestarif ab 4 Stunden für 24 Stunden 6,00 €; free Sundays/holidays and daily 20-8. Source is the City of Dresden's parking app, which states 'Alle Angaben erfolgen ohne Gewähr'",,
dresden-parken-Prohlis,Prohlis,Dresden,56,Prohlis,Dresden,eur,Stadt Dresden (Tiefbauamt),,0.0,0.0,0,,yes,https://www.dresden.de/apps_ext/ParkplatzApp/detail?id=426,EUR,"free of charge (gebührenfrei); P+R site. Source is the City of Dresden's parking app, which states 'Alle Angaben erfolgen ohne Gewähr'",yes,
dresden-parken-Sarrasanistrasse,Sarrasanistraße,Dresden,55,Sarrasanistraße,Dresden,eur,Stadt Dresden (Tiefbauamt),,1.5,6.0,0,,yes,https://www.dresden.de/apps_ext/ParkplatzApp/detail?id=420,EUR,"metered: werktags 8-20 Uhr je 2 Minuten 0,05 € = 1,50 €/h; Tagestarif ab 4 Stunden für 24 Stunden 6,00 €; free Sundays/holidays and daily 20-8. Source is the City of Dresden's parking app, which states 'Alle Angaben erfolgen ohne Gewähr'",,
dresden-parken-Langebruck,Langebrück,Dresden,50,Langebrück,Dresden,eur,Stadt Dresden (Tiefbauamt),,0.0,0.0,0,,yes,https://www.dresden.de/apps_ext/ParkplatzApp/detail?id=439,EUR,"free of charge (gebührenfrei); P+R site. Source is the City of Dresden's parking app, which states 'Alle Angaben erfolgen ohne Gewähr'",yes,
dresden-parken-Pennrich,Pennrich,Dresden,50,Pennrich,Dresden,eur,Stadt Dresden (Tiefbauamt),,0.0,0.0,0,,yes,https://www.dresden.de/apps_ext/ParkplatzApp/detail?id=436,EUR,"free of charge (gebührenfrei); P+R site. Source is the City of Dresden's parking app, which states 'Alle Angaben erfolgen ohne Gewähr'",yes,
dresden-parken-Grenzstrasse,Grenzstraße,Dresden,38,Grenzstraße,Dresden,eur,Stadt Dresden (Tiefbauamt),,0.0,0.0,0,,yes,https://www.dresden.de/apps_ext/ParkplatzApp/detail?id=459,EUR,"free of charge (gebührenfrei). Source is the City of Dresden's parking app, which states 'Alle Angaben erfolgen ohne Gewähr'",yes,
dresden-parken-Cossebaude,Cossebaude,Dresden,32,Cossebaude,Dresden,eur,Stadt Dresden (Tiefbauamt),,0.0,0.0,0,,yes,https://www.dresden.de/apps_ext/ParkplatzApp/detail?id=437,EUR,"free of charge (gebührenfrei); P+R site. Source is the City of Dresden's parking app, which states 'Alle Angaben erfolgen ohne Gewähr'",yes,
dresden-parken-Terrassenufer-Bus,Terrassenufer Bus,Dresden,22,Terrassenufer Bus,Dresden,eur,Stadt Dresden (Tiefbauamt),,4.0,,0,,yes,https://www.dresden.de/apps_ext/ParkplatzApp/detail?id=430,EUR,"coach park, listed as currently closed ('Parkplatz gesperrt'). First hour 4,00 €, each further 15 min 1,00 € (= 4,00 €/h marginal), max 6 hours / 24,00 €; free daily 20-8. No true 24h cap published, so daily_cap left blank. Source is the City of Dresden's parking app, which states 'Alle Angaben erfolgen ohne Gewähr'",,
dresden-parken-Reick,Reick,Dresden,19,Reick,Dresden,eur,Stadt Dresden (Tiefbauamt),,0.0,0.0,0,,yes,https://www.dresden.de/apps_ext/ParkplatzApp/detail?id=434,EUR,"free of charge (gebührenfrei); P+R site. Source is the City of Dresden's parking app, which states 'Alle Angaben erfolgen ohne Gewähr'",yes,
vtmanager-duesseldorf-parken-FLOAT,FLOAT,Düsseldorf,748,FLOAT,Düsseldorf,eur,GOLDBECK Parking Services,,2.0,20.0,0,,yes,https://www.goldbeck-parking.de/api/gps-opg/parking-unit/6850,EUR,"Operator's own JSON API behind the parkplatzsuche page in place_url (unit id 6850 taken from it); confirmed name FLOAT, Franziusstrasse 10, 51.21332/6.74975, capacityTotal 750 [source text: Standardtarif | pro Stunde 2,00 € | Tageshöchstsatz 20,00 €]",,
vtmanager-duesseldorf-parken-PH-42,PH 42 - Rheinufer,Düsseldorf,632,Tiefgarage Altstadt Rheinufer,Düsseldorf,eur,Contipark,,5.0,42.0,0,,yes,https://www.contipark.de/de/parken/duesseldorf/tiefgarage-altstadt-rheinufer/,EUR,"place_url 404s (Contipark changed URL scheme); this is the successor page for the same slug. Saturday rate higher (6,00 €/h, same 42 € cap); ticketless Pcard tariff much cheaper (4,00 €/h Mo-Fr+Su, 5,00 €/h Sat, 20 € cap). Operator lists 964 total spaces vs 632 short-stay in the city feed [source text: Mo - Fr & So 00:00 - 24:00 | je angefangene Stunde 5,00 € | Höchstsatz pro 24 Stunden 42,00 € || Sa 00:00 - 24:00 | je angefangene Stunde 6,00 € | Höchstsatz pro 24 Stunden 42,00 €]",,
vtmanager-duesseldorf-parken-PH-09,PH 09 - KII / Schauspielhaus,Düsseldorf,567,KII / Schauspielhaus,Düsseldorf,eur,APCOA,,3.59,30.99,0,,yes,https://www.apcoa.de/einmal-parken/standorte/duesseldorf/kii-/-schauspielhaus,EUR,"place_url redirects to the city overview; this is the current per-garage page (Gustaf-Gründgens-Platz, Zufahrt via Kö-Bogen Tunnel). Rate written as ""ab"" (from) - dynamic pricing possible. First hour free with a purchase at GALERIA/DECATHLON/C&A/P&C/HiFi Foto Koch/Betten Hönscheidt (shopper validation). Theatre ticket 5 h for 10,00 € [source text: Je angefangene Stunde: ab 3,59 € | Tagesmax.: 30,99 € | Ticketverlust: 60,00 € (zzgl. angefallener Parktarif)]",,
vtmanager-duesseldorf-parken-PH-46,PH 46 - SCHADOW ARKADEN,Düsseldorf,560,Schadow Arkaden Parkhaus,Düsseldorf,eur,Schadow Arkaden (RIVG),,3.5,33.0,0,,yes,https://www.schadowarkaden.com/parken/index.html,EUR,"place_url redirects to schadowarkaden.com. Tariff headed ""PARKHAUSTARIFE 2026""; rate written as ""ab"" (from). Evening/night tariff 20:00-06:00 max 10,00 €. Address Martin-Luther-Platz 26 [source text: PARKHAUSTARIFE 2026 | ab 3,50 € je angefangene Stunde | Nachttarif: von 20:00 bis 06:00 Uhr – maximal 10,00 € | Tageshöchstsatz: maximal 33,00 €]",,
vtmanager-duesseldorf-parken-PH-02,PH 02 - Kunstsammlung,Düsseldorf,553,Tiefgarage Grabbeplatz,Düsseldorf,eur,IDR Nord Eins GmbH & Co. KG,,2.0,30.0,0,,yes,https://parken-altstadt.de/,EUR,"Site covers two garages; this is the Grabbeplatz one - Grabbeplatz 5, ""direkt unter der Kunstsammlung"", Google-Maps link 51.228447/6.776016 matches the input 51.22830/6.77589, 559 spaces vs 553. First 30 min 1,00 €. Night tariff 23:00-08:00 10,00 €; weekly max 140,00 € [source text: bis 30 Minuten 1,00 Euro | bis 60 Minuten 2,00 Euro | jede weitere angefangene Stunde 2,00 Euro | Tagesmaximum 30,00 Euro | Wochenmaximum 140,00 Euro | Nachttarif 23.00 – 08.00 Uhr 10,00 Euro]",,
vtmanager-duesseldorf-parken-PH-39,PH 39 - Kö-Galerie,Düsseldorf,544,Q-Park Kö-Galerie,Düsseldorf,eur,Q-Park,,3.5,30.0,0,,yes,https://www.q-park.de/api/ParkingFacility/GetTariffsForFacility?facilityId=1405ed30-008e-438e-889d-fd2dee2402af&countryCode=DE,EUR,"Operator changed: place_url (APCOA) is dead, the Kö-Galerie garage is now run by Q-Park. Facility page https://www.q-park.de/de-de/staedte/d%c3%bcsseldorf/k%c3%b6-galerie/ (Grünstraße 10 entrance, 51.221565/6.7802946). Rate written as ""ab"" (from); same price via Q-Park App [source text: Je angefangene 60 Minuten ab € 3,50 | Tageshöchstgebühr € 30,00]",,
vtmanager-duesseldorf-parken-PH-25,PH 25 - Talstraße,Düsseldorf,500,Parkhaus Kö (Talstr. 1),Düsseldorf,eur,FARMONT (Parkautomatic),,2.0,23.0,0,,yes,https://www.farmont.com/files/farmont/flyer_koenigsallee_web.pdf,EUR,"place_url (parkautomatic.de/.../tal.html) now redirects to farmont.com; the garage is Farmont's ""P-Königsallee"" = Talstraße 1 / Ecke Luisenstraße (flyer header ""Talstraße Parkhaus Kö"", Mietvertrag file named mietvertrag_talstr.pdf). First hour 3,00 €, billed per 20 min; marginal hour 2,00 €. Price list valid from 01.10.2024. Operator page: https://www.farmont.com/p-koenigsallee.html [source text: Kurzparker | je 20 Minuten 1,00 € | bis 60 Minuten 3,00 € | je weitere Stunde 2,00 € | maximal pro Tag 23,00 €]",,
vtmanager-duesseldorf-parken-PH-23,PH 23 - Crown,Düsseldorf,445,Parkhaus Crown,Düsseldorf,eur,Bodasi Park GmbH,,3.0,32.0,0,,yes,https://www.parkhaus-crown.de/,EUR,"Flat 3,00 €/h for every hour 7-22. Night tariff 22-7 only 1,70 €/h. Page GPS 51°13'9.556""N 6°46'59.527""E = 51.21932/6.78320 matches input; Berliner Allee 52 [source text: Tagtarif (7 bis 22 Uhr) | 1. angefangene Stunde 3,00 € | 2. angefangene Stunde 3,00 € | 3. angefangene Stunde 3,00 € | Jede weitere Stunde 3,00 € | Nachttarif (22 bis 7 Uhr) pro Stunde 1,70 € | Tagespauschale 24 Stunden 32,00 €]",,
vtmanager-duesseldorf-parken-PH-12,PH 12 - Kaufhof Wehrhahn,Düsseldorf,410,Q-Park Kaufhof Wehrhahn,Düsseldorf,eur,Q-Park,,2.5,25.0,0,,yes,https://www.q-park.de/api/ParkingFacility/GetTariffsForFacility?facilityId=7a45ef39-6af3-4b2f-aa3b-65efcb744c56&countryCode=DE,EUR,"Oststraße 19, 51.2270494/6.7890429 - distinct from PH 13 (Am Wehrhahn 72, 51.22935/6.79370). Marginal 2nd hour 2,50 €; from the 3rd hour 3,00 €. Kaufhof shopper validation: first hour 1,00 €, second 2,00 €. Facility page https://www.q-park.de/de-de/staedte/d%c3%bcsseldorf/kaufhof-wehrhahn/ [source text: Die ersten 60 Minuten € 2,50 | Die zweiten 60 Minuten € 2,50 | Je weitere angefangene 60 Minuten € 3,00 | Tageshöchstgebühr (0:00 - 24:00) € 25,00 | Kaufhof-Kunden: Die ersten angefangenen 60 Minuten € 1,00]",,
vtmanager-duesseldorf-parken-PH-11,PH 11 - Stadtmitte,Düsseldorf,393,Q-Park Stadtmitte (ehemals Karstadt),Düsseldorf,eur,Q-Park,,3.0,18.0,0,,yes,https://www.q-park.de/api/ParkingFacility/GetTariffsForFacility?facilityId=6eda7db1-8afa-4ea1-ae65-415f1507b3f5&countryCode=DE,EUR,"Liesegangstraße 14, 51.2261581/6.7873191 - exact coordinate match. Rate written as ""ab"" (from). Capped day-time deals: Sun-Thu 10-20h max 10,00 €, Fri+Sat 10-20h max 12,00 €. Facility page https://www.q-park.de/de-de/staedte/d%C3%BCsseldorf/stadtmitte/ [source text: Je angefangene 60 Minuten ab € 3,00 | Freitags und Samstags von 10 bis 20 Uhr je (max.) € 12,00 | Sonntags bis Donnerstags 10 -20 Uhr je (max.) € 10,00 | Tageshöchstgebühr € 18,00]",,
vtmanager-duesseldorf-parken-PH-04,PH 04 - Carlsplatz,Düsseldorf,384,Parkhaus am Carlsplatz,Düsseldorf,eur,IDR Nord Eins GmbH & Co. KG,,3.0,35.0,0,,yes,https://parken-altstadt.de/,EUR,"Site covers two garages; this is the Carlsplatz one - Benrather Str. 7b, Google-Maps link 51.222960/6.773666 matches the input 51.22288/6.77382, 390 spaces vs 384. Night tariff 01:00-07:00 10,00 €. Not open 24h (Mo-Thu 07:00-01:00) [source text: Parkhaus am Carlsplatz | jede angefangene Stunde 3,00 Euro | Tagesgebühr 35,00 Euro | Nachttarif 01.00 – 07.00 Uhr 10,00 Euro]",,
vtmanager-duesseldorf-parken-PH-53,PH 53 - Kö-Bogen/Breuninger,Düsseldorf,370,Kö-Bogen,Düsseldorf,eur,APCOA,,3.2,33.0,0,,yes,https://www.apcoa.de/einmal-parken/standorte/duesseldorf/koe-bogen,EUR,"Königsallee 2 / Schadowplatz, 40212; page lists a Breuninger Card benefit, matching the input name. Marginal 2nd hour 3,20 €; from the 3rd hour 3,50 €. Evening tariff 18:00-01:00 max 5,00 € [source text: Erste Stunde: 3,20 € | Zweite Stunde: 3,20 € | Je weitere angef. Stunde: 3,50 € | Tagesmax.: 33,00 € | Abendtarif (18:00 bis 1:00 Uhr): max. 5,00 €]",,
vtmanager-duesseldorf-parken-PH-26,PH 26 - Luisenstraße,Düsseldorf,350,"Parkhaus K & M Jecht, Luisenstraße 33",Düsseldorf,eur,Parkhaus - Autoservice K & M Jecht,,2.0,20.0,0,,yes,https://www.parkhausjecht-duesseldorf.de/parkhaus,EUR,"Luisenstraße 33, 40215 - matches input coords 51.21713/6.77829; distinct from PH 25 (Talstraße 1 / Ecke Luisenstraße, 51.21712/6.78003). Operator states 508 spaces vs 350 short-stay in the city feed. Werttickets (prepaid value cards) available [source text: Tarife: Wir berechnen € 2,00 pro angefangene Stunde. | Pro 24 h Parkdauer werden € 20,- erhoben.]",,
vtmanager-duesseldorf-parken-PH-01,PH 01 - Ratinger Tor,Düsseldorf,300,Parkhaus Ratinger Tor,Düsseldorf,eur,B+B Parkhaus GmbH & Co. KG,,3.2,30.0,0,,yes,https://www.bb-parkhaus.de/staedte/duesseldorf/parkhaus-ratinger-tor,EUR,"Ratinger Straße 50, 40213 - matches input coords. Billed per half hour (1,60 €/30 min = 3,20 €/h); rate written as ""ab"" and the page says ""Dynamische Preise möglich - Aushang vor Ort"". Not open 24h (06:00-00:00 / 03:00) [source text: Kurzparkertarife (Bruttopreise): Je angefangene 1/2 Stunde ab 1,60 € | ab 3. Stunde je angefangene Stunde 3,20 € | Tagesmaximum (24h) 30,00 € | Dynamische Preise möglich]",,
vtmanager-duesseldorf-parken-PH-48,PH 48 - SEVENS/Saturn,Düsseldorf,224,Sevens,Düsseldorf,eur,APCOA,,3.5,30.0,0,,yes,https://www.apcoa.de/einmal-parken/standorte/duesseldorf/sevens,EUR,"Königsallee 56, 40212 - Tiefgarage Sevens inside the Sevens mall, matches input coords 51.22260/6.78065. Rate written as ""ab"" (from) [source text: Je angefangene Stunde: ab 3,50 € | Tagesmax.: 30,00 € | Ticketverlust: 60,00 €]",,
vtmanager-duesseldorf-parken-PH-18,PH 18 - Bendemannstraße,Düsseldorf,190,Parkhaus Bendemannstraße,Düsseldorf,eur,Contipark,,3.2,24.0,0,,yes,https://www.contipark.de/de/parken/duesseldorf/parkhaus-bendemannstrasse/,EUR,"place_url 404s (Contipark changed URL scheme); successor page for the same slug. Bendemannstraße 5, 40210, matches input coords. Evening/night 17:00-08:00 capped at 5,00 €. Ticketless Pcard tariff cheaper (2,30 €/h, 13,00 € cap). Operator lists 340 total spaces vs 190 short-stay in the city feed [source text: Mo - So 00:00 - 24:00 | je angefangene Stunde 3,20 € | Höchstsatz pro 24 Stunden 24,00 € | Mo - So 17:00 - 08:00 | Höchstsatz pro Abend-/Nachttarif 5,00 €]",,
vtmanager-duesseldorf-parken-PH-54,PH 54 - Barbarossaplatz,Düsseldorf,166,Q-Park Barbarossaplatz,Düsseldorf,eur,Q-Park,,4.0,32.0,0,,yes,https://www.q-park.de/api/ParkingFacility/GetTariffsForFacility?facilityId=95eef11f-8e31-485d-8f58-4b22ef92a2f0&countryCode=DE,EUR,"place_url (park-one.com) redirects to Q-Park - the garage changed operator. Luegallee 65, 51.2316732/6.7532651 matches input 51.23138/6.75332. Facility page https://www.q-park.de/de-de/staedte/d%c3%bcsseldorf/barbarossaplatz/ [source text: Je angefangene 60 Minuten € 4,00 | Tageshöchstgebühr € 32,00]",,
vtmanager-duesseldorf-parken-Heerdt,Heerdt,Düsseldorf,150,Parkhaus Heerdt,Düsseldorf,eur,fairparken GmbH,,2.0,15.0,0,,yes,https://www.parkhaus-heerdt.de/,EUR,"Marlene-Dietrich-Straße 2-4a - exact address match with the input. First 90 min free for ALDI SÜD / dm customers (QR voucher at the till - shopper validation). Evening/night: entry from 19:00 and exit by 07:00 capped at 4,00 € [source text: Parktarife | 2,00€ je Stunde | 15,00€ Tageshöchstsatz (Tagestarif) | 4,00€ Nachttarif (19:00 - 07:00 Uhr) | 90 Min. kostenlos parken für alle Aldi & dm drogeriemarkt Kund*innen]",,
vtmanager-duesseldorf-parken-PH-50,PH 50 - KÖ 59,Düsseldorf,140,Q-Park KÖ59,Düsseldorf,eur,Q-Park,,3.5,40.0,0,,yes,https://www.q-park.de/api/ParkingFacility/GetTariffsForFacility?facilityId=dbbd98dc-4222-477f-9971-88c16e752860&countryCode=DE,EUR,"Breite Straße 40, 51.2201/6.77707 matches input 51.22013/6.77775. Rate written as ""ab"" (from). Facility page https://www.q-park.de/de-de/staedte/d%c3%bcsseldorf/k%c3%b659/ [source text: Je angefangene 60 Minuten ab € 3,50 | Tageshöchstgebühr (0:00 - 24:00 Uhr) € 40,00]",,
vtmanager-duesseldorf-parken-PH-03,PH 03 - Kunsthalle,Düsseldorf,100,Kunsthalle / Grabbeplatz 4,Düsseldorf,eur,GOLDBECK Parking Services,,2.0,28.0,0,,yes,https://www.goldbeck-parking.de/api/gps-opg/parking-unit/7072,EUR,"place_url (parkservice24.de) now redirects to the Goldbeck homepage; this is Goldbeck's own unit record. Grabbeplatz 4, 40213, 51.22724/6.77584 vs input 51.22736/6.77583; capacityTotal 102 vs 100 [source text: Standardtarif | pro Stunde 2,00 € | Tageshöchstsatz 28,00 €]",,
vtmanager-duesseldorf-parken-PH-08,PH 08 - Hohe Straße,Düsseldorf,100,Hohe Straße / Siegfried-Klein-Straße,Düsseldorf,eur,GOLDBECK Parking Services,,2.5,20.0,0,,yes,https://www.goldbeck-parking.de/api/gps-opg/parking-unit/7071,EUR,"Input had no place_url; found via Goldbeck's own unit list. Siegfried-Klein-Straße 5, 40213 (corner of Hohe Straße), 51.2202081/6.7745776 vs input 51.22043/6.77480 (~30 m). Goldbeck lists 186 total spaces vs 100 short-stay in the city feed [source text: Standardtarif | pro Stunde 2,50 € | Tageshöchstsatz 20,00 € | Dauerstellplatz pro Monat 200,00 €]",,
vtmanager-duesseldorf-parken-PH-13,PH 13 - Am Wehrhahn 72,Düsseldorf,100,Parkhaus Am Wehrhahn,Düsseldorf,eur,FARMONT (Parkautomatic),,2.0,22.0,0,,yes,https://www.farmont.com/files/farmont/flyer_wehrhahn_web.pdf,EUR,"place_url (parkautomatic.de) now redirects to farmont.com; this is Farmont's P-Wehrhahn price flyer. Am Wehrhahn 72, 40211 - exact match with the input name; distinct from PH 12 (Kaufhof Wehrhahn, Oststraße 19). First hour 3,00 €, billed per 20 min; marginal hour 2,00 €. Price list valid from 01.10.2024. Operator page: https://www.farmont.com/p-wehrhahn.html [source text: Kurzparker | je 20 Minuten 1,00 € | bis 60 Minuten 3,00 € | je weitere Stunde 2,00 € | maximal pro Tag 22,00 €]",,
frankfurt-mainziel-Parkhaeuser.3-main-taunus-zentrum,Main-Taunus-Zentrum,Frankfurt,4750,Main-Taunus-Zentrum,Frankfurt,eur,Main-Taunus-Zentrum,,0.0,0.0,0,,yes,https://www.main-taunus-zentrum.de/center/anfahrt-parken/parken/,EUR,"Parken ist kostenlos, daher kein Stunden- oder Tagestarif veroeffentlicht; Seite nennt ""ueber 4.500 kostenlose Parkplaetze"" (Input-Kapazitaet 4750) [source text: Das MTZ bietet seinen Besuchern über 4.500 kostenlose Parkplätze.]",yes,
frankfurt-mainziel-Parkhaeuser.109260-skyline-plaza,Skyline Plaza,Frankfurt,2370,Parkhaus Skyline Plaza,Frankfurt,eur,Skyline Plaza,,2.5,38.0,0,,yes,https://www.skylineplaza.de/service/anfahrt-parken/parken/,EUR,"Gestaffelt: 1.-4. Stunde je 2,50 €, ab der 5. Stunde 3,50 €/h; marginaler Satz der 2. Stunde = 2,50 €; Tageshoechstsatz greift erst ab der 12. Stunde; Parkwertkarte mit 10 % Bonus [source text: Je angefangene Stunde: 1. Stunde: 2,50€ | 2. Stunde: 2,50€ | 3. Stunde: 2,50€ | 4. Stunde: 2,50€ | jede weitere Stunde: 3,50 € | ab der 12. Stunde gilt der Tageshöchstsatz: 38,00 €]",,
frankfurt-mainziel-Parkhaeuser.4-hessen-center,Hessen Center,Frankfurt,1721,Parkhaus Hessen-Center,Frankfurt,eur,Hessen-Center Frankfurt,,1.5,10.0,0,,yes,https://www.hessen-center-frankfurt.de/service/anfahrt-parken/parken/,EUR,"Gestaffelt: 1.-3. Stunde je 1,50 €, jede weitere 2,00 €; marginaler Satz der 2. Stunde = 1,50 €. Erste 20 Min kostenlos. Einfahrt nur Mo-Sa 06:00-21:00, Sonn-/Feiertag geschlossen. Parkwertkarte bis 20 % Bonus. Offizielle Domain ist hessen-center-frankfurt.de (hessen-center.de ist geparkt) [source text: 1. Stunde: 1,50 € | 2. Stunde: 1,50 € | 3. Stunde: 1,50 € | Jede weitere Stunde: 2,00 € | Tageshöchstsatz: 10,00 € | FÜR KURZPARKER KOSTENLOS! ... Bleibst du unterhalb des Parklimits von 20 Minuten]",,
ffh-parken-frankfurt-Universitatsklinikum-Innengelande,Universitätsklinikum Innengelände,Frankfurt,1400,Universitätsklinikum Innengelände,Frankfurt,eur,APCOA,,2.3,20.0,0,,yes,https://www.apcoa.de/parken/frankfurt/universitaetsklinikum-innengelaende,EUR,"APCOA fuehrt am Theodor-Stern-Kai 7 zwei Anlagen im Innengelaende (Parkplatz ""Innengelaende"", 532 Pl., und Parkhaus ""PH Innengelaende"", 340 Pl.); Name trifft exakt die erste, BEIDE haben denselben Tarif 2,30 €/h und 20,00 € Tagesmax, der Wert ist daher in jedem Fall korrekt. Input-Kapazitaet 1400 ist offenbar eine Campus-Summe [source text: Jede angefangene Stunde: 2,30 € | Tagesmaximum: 20,00 €]",,
ffh-parken-frankfurt-P-R-Haus-Borsigallee,P+R-Haus Borsigallee,Frankfurt,899,Borsigallee (P+R),Frankfurt,eur,PBG Parkhaus-Betriebsgesellschaft mbH,,,1.5,0,,yes,https://www.parkhausfrankfurt.de/parkhaeuser/borsigallee/,EUR,"Nur Tagestarif veroeffentlicht (Pauschale 1,50 €/Tag), kein Stundentarif; Nutzung nur mit gueltigem RMV-Fahrschein oder Veranstaltungs-Kombiticket [source text: Tagestarif pro Tag 1,50 €]",,
ffh-parken-frankfurt-Am-Gericht,Am Gericht,Frankfurt,680,Am Gericht,Frankfurt,eur,PBG Parkhaus-Betriebsgesellschaft mbH,,2.0,32.0,0,,yes,https://www.parkhausfrankfurt.de/parkhaeuser/am-gericht/,EUR,"Sonn-/Feiertagstarif 1,00 €/h; Nachttarif 19:00-07:00 pauschal 4,00 € [source text: Werktag pro Stunde 2,00 € | Sonn- und Feiertag pro Stunde 1,00 € | Nachttarif 19:00 - 07:00 Uhr 4,00 € | Tagestarif max. 24 Stunden 32,00 €]",,
ffh-parken-frankfurt-Goetheplatz,Goetheplatz,Frankfurt,591,Goetheplatz,Frankfurt,eur,PBG Parkhaus-Betriebsgesellschaft mbH,,2.5,38.0,0,,yes,https://www.parkhausfrankfurt.de/parkhaeuser/goetheplatz/,EUR,"Sonn-/Feiertagstarif deutlich niedriger (0,50 €/30 Min = 1,00 €/h); Nachttarif 19:00-07:00 pauschal 4,00 € [source text: Werktag pro Stunde 2,50 € | Sonn- und Feiertag pro 30 Min. 0,50 € | Nachttarif 19:00 - 07:00 Uhr 4,00 € | Tagestarif max. 24 Stunden 38,00 €]",,
ffh-parken-frankfurt-Konrad-Adenauer-Strasse,Konrad-Adenauer-Straße,Frankfurt,537,Konrad-Adenauer-Straße,Frankfurt,eur,PBG Parkhaus-Betriebsgesellschaft mbH,,2.0,32.0,0,,yes,https://www.parkhausfrankfurt.de/parkhaeuser/konrad-adenauer-strasse/,EUR,"Sonn-/Feiertagstarif 1,00 €/h; Nachttarif 19:00-07:00 pauschal 4,00 € [source text: Werktag pro Stunde 2,00 € | Sonn- und Feiertag pro Stunde 1,00 € | Nachttarif 19:00 - 07:00 Uhr 4,00 € | Tagestarif max. 24 Stunden 32,00 €]",,
ffh-parken-frankfurt-Universitatsklinikum-Sandhofstrasse,Universitätsklinikum Sandhofstraße,Frankfurt,500,Universitätsklinikum Sandhofstraße,Frankfurt,eur,APCOA,,1.5,10.0,0,,yes,https://www.apcoa.de/einmal-parken/standorte/frankfurt/universitaetsklinikum-sandhofstrasse,EUR,"Parkhaus; deutsche /parken/-URL liefert 404, Tarif von der deutschen Standort-Seite gelesen [source text: Kurzparker Tarife: jede angefangene Stunde 1,50 € | Tagesmax. 10,00 €]",,
ffh-parken-frankfurt-Baseler-Platz,Baseler Platz,Frankfurt,387,Baseler Platz,Frankfurt,eur,PBG Parkhaus-Betriebsgesellschaft mbH,,2.0,32.0,0,,yes,https://www.parkhausfrankfurt.de/parkhaeuser/baseler-platz/,EUR,"Sonn-/Feiertagstarif 1,00 €/h; Nachttarif 19:00-07:00 pauschal 4,00 € [source text: Werktag pro Stunde 2,00 € | Sonn- und Feiertag pro Stunde 1,00 € | Nachttarif 19:00 - 07:00 Uhr 4,00 € | Tagestarif max. 24 Stunden 32,00 €]",,
ffh-parken-frankfurt-Am-Theater,Am Theater,Frankfurt,371,Am Theater,Frankfurt,eur,PBG Parkhaus-Betriebsgesellschaft mbH,,2.0,32.0,0,,yes,https://www.parkhausfrankfurt.de/parkhaeuser/am-theater/,EUR,"Sonn-/Feiertagstarif 1,00 €/h; Nachttarif bereits ab 17:00-07:00 pauschal 6,00 € [source text: Werktag pro Stunde 2,00 € | Sonn- und Feiertag pro Stunde 1,00 € | Nachttarif 17:00 - 07:00 Uhr 6,00 € | Tagestarif max. 24 Stunden 32,00 €]",,
ffh-parken-frankfurt-Schiller-Passage,Schiller-Passage,Frankfurt,353,Schiller-Passage,Frankfurt,eur,PBG Parkhaus-Betriebsgesellschaft mbH,,2.5,38.0,0,,yes,https://www.parkhausfrankfurt.de/parkhaeuser/schiller-passage/,EUR,"Sonn-/Feiertagstarif deutlich niedriger (0,50 €/30 Min = 1,00 €/h); Nachttarif 19:00-07:00 pauschal 4,00 € [source text: Werktag pro Stunde 2,50 € | Sonn- und Feiertag pro 30 Min. 0,50 € | Nachttarif 19:00 - 07:00 Uhr 4,00 € | Tagestarif max. 24 Stunden 38,00 €]",,
ffh-parken-frankfurt-Alt-Sachsenhausen,Alt-Sachsenhausen,Frankfurt,341,Alt-Sachsenhausen,Frankfurt,eur,PBG Parkhaus-Betriebsgesellschaft mbH,,1.0,20.0,0,,yes,https://www.parkhausfrankfurt.de/parkhaeuser/alt-sachsenhausen/,EUR,"Flacher Stundentarif, werktags wie sonntags; Nachttarif 19:00-07:00 pauschal 4,00 € [source text: Werktag pro Stunde 1,00 € | Sonn- und Feiertag pro Stunde 1,00 € | Nachttarif 19:00 - 07:00 Uhr 4,00 € | Tagestarif max. 24 Stunden 20,00 €]",,
frankfurt-mainziel-Parkhaeuser.7-gateway-garden,Gateway Garden,Frankfurt,333,Gateway Garden,Frankfurt,eur,Goldbeck Parking Services,,3.9,28.0,0,,yes,https://www.goldbeck-parking.de/api/gps-opg/parking-unit/7286,EUR,"Betreiber-Datensatz Rita-Maiburg Straße, 60549 Frankfurt, 333 Plaetze - deckt sich exakt mit der Input-Zeile; NICHT das groessere Parkhaus Jean-Gardner-Batten-Straße (ca. 1250 Pl.) im selben Quartier [source text: Standardtarif pro Stunde 3,90 € | Tageshöchstsatz 28,00 €]",,
ffh-parken-frankfurt-Junghofstrasse,Junghofstraße,Frankfurt,315,Junghofstraße,Frankfurt,eur,PBG Parkhaus-Betriebsgesellschaft mbH,,2.5,38.0,0,,yes,https://www.parkhausfrankfurt.de/parkhaeuser/junghofstrasse/,EUR,"Sonn-/Feiertagstarif deutlich niedriger (0,50 €/30 Min = 1,00 €/h); Nachttarif 19:00-07:00 pauschal 4,00 € [source text: Werktag pro Stunde 2,50 € | Sonn- und Feiertag pro 30 Min. 0,50 € | Nachttarif 19:00 - 07:00 Uhr 4,00 € | Tagestarif max. 24 Stunden 38,00 €]",,
ffh-parken-frankfurt-Opernturm,Opernturm,Frankfurt,287,Opernturm,Frankfurt,eur,APCOA,,3.5,30.0,0,,yes,https://www.apcoa.de/parken/frankfurt/opernturm,EUR,"Abendtarif 19:00-06:00 mit Nachtmaximum 6,00 €; nicht zu verwechseln mit dem PBG-Parkhaus Alte Oper (Opernplatz 1, ca. 190 m entfernt) [source text: 60 Minuten: 3,50 € | Tagesmax.: 30,00 € | Abendtarif (von 19:00 bis 06:00 Uhr): 60 Minuten: 3,50 € | Nachtmax.: 6,00 €]",,
frankfurt-mainziel-Parkhaeuser.109304-koenigsteiner-strasse,Königsteiner Straße,Frankfurt,258,Parkhaus Königsteiner Straße,Frankfurt,eur,Goldbeck Parking Services,,2.5,13.0,0,,yes,https://www.goldbeck-parking.de/api/gps-opg/parking-unit/1938,EUR,"Emmerich-Josef-Straße 24-28, 258 Plaetze (exakte Uebereinstimmung); Aggregatoren nennen veraltet 1,50 €/h und 8,00 € Tagesmax [source text: Standardtarif pro Stunde 2,50 € | Tageshöchstsatz 13,00 €]",,
ffh-parken-frankfurt-Friedrichsheim,Friedrichsheim,Frankfurt,227,Friedrichsheim,Frankfurt,eur,PBG Parkhaus-Betriebsgesellschaft mbH,,1.5,10.0,0,,yes,https://www.parkhausfrankfurt.de/parkhaeuser/friedrichsheim/,EUR,"Niedriger Tageshöchstsatz (Klinikstandort Marienburgstraße); Nachttarif 19:00-07:00 pauschal 4,00 € [source text: Werktag pro Stunde 1,50 € | Sonn- und Feiertag pro Stunde 1,50 € | Nachttarif 19:00 - 07:00 Uhr 4,00 € | Tagestarif max. 24 Stunden 10,00 €]",,
frankfurt-mainziel-Parkhaeuser.6-hafenpark-quartier-nord,Hafenpark Quartier NORD,Frankfurt,220,Hafenpark Quartier Nord,Frankfurt,eur,Goldbeck Parking Services,,2.5,17.0,0,,yes,https://www.goldbeck-parking.de/api/gps-opg/parking-unit/7049,EUR,"Hagenstraße 15, 220 Plaetze (exakte Uebereinstimmung); eigenstaendige Schwesteranlage Hafenpark Quartier Sued hat abweichenden Tarif und ist nicht gemeint; zusaetzlich Work-&-Office-Tarif Mo-Fr 06:00-20:00 auf Anfrage [source text: Standardtarif pro Stunde 2,50 € | Tageshöchstsatz 17,00 €]",,
frankfurt-mainziel-Parkhaeuser.109303-mayfarth-quartier,Mayfarth Quartier,Frankfurt,200,Mayfarth Quartier,Frankfurt,eur,Goldbeck Parking Services,,2.0,15.0,0,,yes,https://www.goldbeck-parking.de/api/gps-opg/parking-unit/6685,EUR,"Weisbachstraße, 200 Plaetze (exakte Uebereinstimmung); Dauerstellplaetze nur mit Mietvertrag im Quartier [source text: Standardtarif pro Stunde 2,00 € | Tageshöchstsatz 15,00 €]",,
ffh-parken-frankfurt-Ordnungsamt,Ordnungsamt,Frankfurt,143,Ordnungsamt,Frankfurt,eur,PBG Parkhaus-Betriebsgesellschaft mbH,,1.0,20.0,0,,yes,https://www.parkhausfrankfurt.de/parkhaeuser/ordnungsamt/,EUR,"Flacher Stundentarif, werktags wie sonntags; Nachttarif 19:00-07:00 pauschal 4,00 € [source text: Werktag pro Stunde 1,00 € | Sonn- und Feiertag pro Stunde 1,00 € | Nachttarif 19:00 - 07:00 Uhr 4,00 € | Tagestarif max. 24 Stunden 20,00 €]",,
ffh-parken-frankfurt-Untermainanlage,Untermainanlage,Frankfurt,142,Untermainanlage,Frankfurt,eur,PBG Parkhaus-Betriebsgesellschaft mbH,,2.0,32.0,0,,yes,https://www.parkhausfrankfurt.de/parkhaeuser/untermainanlage/,EUR,"Sonn-/Feiertagstarif 1,00 €/h; Nachttarif bereits ab 17:00-07:00 pauschal 6,00 € [source text: Werktag pro Stunde 2,00 € | Sonn- und Feiertag pro Stunde 1,00 € | Nachttarif 17:00 - 07:00 Uhr 6,00 € | Tagestarif max. 24 Stunden 32,00 €]",,
ffh-parken-frankfurt-Mousonturm,Mousonturm,Frankfurt,125,Mousonturm,Frankfurt,eur,PBG Parkhaus-Betriebsgesellschaft mbH,,1.0,20.0,0,,yes,https://www.parkhausfrankfurt.de/parkhaeuser/mousonturm/,EUR,"Flacher Stundentarif, werktags wie sonntags; Nachttarif 19:00-07:00 pauschal 4,00 € [source text: Werktag pro Stunde 1,00 € | Sonn- und Feiertag pro Stunde 1,00 € | Nachttarif 19:00 - 07:00 Uhr 4,00 € | Tagestarif max. 24 Stunden 20,00 €]",,
ffh-parken-frankfurt-Hotel-Movenpick,Hotel Mövenpick,Frankfurt,120,Hotel Mövenpick,Frankfurt,eur,APCOA,,5.0,45.0,0,,yes,https://www.apcoa.de/einmal-parken/standorte/frankfurt/hotel-moevenpick,EUR,"Tarif je angefangene 30 Min. 2,50 € -> 5,00 €/h umgerechnet; Seite schreibt ""ab 2,50 €"", Tagesmaximum gilt erst ab der 5. Stunde [source text: Je angefangene 30 Minuten: ab 2,50 € | Tagesmax. (ab der 5. Stunde): 45,00 €]",,
ffh-parken-frankfurt-Burgerhaus-Bornheim,Bürgerhaus Bornheim,Frankfurt,85,Bürgerhaus Bornheim,Frankfurt,eur,PBG Parkhaus-Betriebsgesellschaft mbH,,1.0,24.0,0,,yes,https://www.parkhausfrankfurt.de/parkhaeuser/buergerhaus-bornheim/,EUR,"Kein Nachttarif ausgewiesen; flacher Stundentarif werktags wie sonntags [source text: Werktag pro Stunde 1,00 € | Sonn- und Feiertag pro Stunde 1,00 € | Tagestarif max. 24 Stunden 24,00 €]",,
ffh-parken-frankfurt-Universitatsklinikum-P2,Universitätsklinikum P2,Frankfurt,29,Universitätsklinikum P2,Frankfurt,eur,APCOA,,1.5,10.0,0,,yes,https://www.apcoa.de/parken/frankfurt/universitaetsklinikum-p2,EUR,"Parkplatz Schleusenweg 11; Parkscheinverlust 10,00 € [source text: Je angefangene Stunde: 1,50 € | Tagesmax.: 10,00 €]",,
ffh-parken-frankfurt-Universitatsklinikum-P5,Universitätsklinikum P5,Frankfurt,20,Universitätsklinikum P5,Frankfurt,eur,APCOA,,1.5,10.0,0,,yes,https://www.apcoa.de/parken/frankfurt/universitaetsklinikum-p5,EUR,"Parkplatz Sandhofstraße 18; gleicher Tarif wie das benachbarte Parkhaus Sandhofstraße [source text: Je angefangene Stunde: 1,50 € | Tagesmax.: 10,00 €]",,
hamburg-viz-DE.HH.UP_PARKHAEUSER_10099-phoenix-center,Phoenix Center,Hamburg,1400,Phoenix-Center Hamburg (Parkhaus),Hamburg,eur,ECE / POLLUX (Phoenix-Center),,1.0,13.0,0,,yes,https://www.phoenix-center-harburg.de/service/anfahrt/parken/parken/,EUR,"escalating tariff: 1st and 2nd hour 1,00 EUR each, 3rd hour onwards 1,50 EUR; hourly_rate = marginal 2nd hour per spec [source text: 1. Stunde 1,00 € | 2. Stunde 1,00 € | 3. Stunde 1,50 € | jede weitere Stunde 1,50 € | Tagespreis 13,00 €]",,
hamburg-viz-DE.HH.UP_PARKHAEUSER_10076-alstertal-einkaufszentrum-aez-ost,Alstertal Einkaufszentrum (AEZ) Ost,Hamburg,1105,Alstertal-Einkaufszentrum - Parkhaus Ost,Hamburg,eur,ECE / POLLUX (Alstertal-Einkaufszentrum),,,15.0,0,,yes,https://www.alstertal-einkaufszentrum.de/anfahrt-parken/parken/,EUR,"shared AEZ tariff - the source publishes ONE tariff for all AEZ Parkhaeuser and distinguishes Ost/West vs Mitte only by opening hours, not by price; hourly_rate left blank because the published rate is a dynamic load-based range 0,50-1,50 EUR/h with no single standard value; first 30 min free; Sunday cap 4,00 EUR [source text: Je angefangene Stunde*: 0,50 € bis max. 1,50 € (je nach Displayanzeige bei Einfahrt) | Tagesmaximum Montag bis Samstag: 15,00 € | Sonntag: 4,00 € | *Freiparkzeit 30 Minuten]",,
hamburg-viz-DE.HH.UP_PARKHAEUSER_10116-alstertal-einkaufszentrum-aez-mitte,Alstertal Einkaufszentrum (AEZ) Mitte,Hamburg,973,Alstertal-Einkaufszentrum - Parkhaus Mitte,Hamburg,eur,ECE / POLLUX (Alstertal-Einkaufszentrum),,,15.0,0,,yes,https://www.alstertal-einkaufszentrum.de/anfahrt-parken/parken/,EUR,"shared AEZ tariff - the source publishes ONE tariff for all AEZ Parkhaeuser and distinguishes Ost/West vs Mitte only by opening hours, not by price; hourly_rate left blank because the published rate is a dynamic load-based range 0,50-1,50 EUR/h with no single standard value; first 30 min free; Sunday cap 4,00 EUR; Parkhaus Mitte opens Mo-Sa 08:00-21:00 only [source text: Je angefangene Stunde*: 0,50 € bis max. 1,50 € (je nach Displayanzeige bei Einfahrt) | Tagesmaximum Montag bis Samstag: 15,00 € | Sonntag: 4,00 € | *Freiparkzeit 30 Minuten]",,
hamburg-viz-DE.HH.UP_PARKHAEUSER_10029-messe-mitte,Messe-Mitte,Hamburg,850,Parkhaus Mitte,Hamburg,eur,Hamburg Messe und Congress GmbH,,2.0,16.0,0,,yes,https://www.hamburg-messe.de/services/anreise-uebernachtung/auto,EUR,"operator's own arrival page lists each garage separately; Tiefgarage Messe Ost carries the same published rate but is a different facility; Tagesticket payable at entry [source text: Parkhaus Mitte | Lagerstraße | 20357 Hamburg | Preis: 2 EUR / Stunde, max. 16 EUR / Tag | Info: 900 Plätze]",,
hamburg-viz-DE.HH.UP_PARKHAEUSER_10007-radison-blu,Radison Blu,Hamburg,700,Tiefgarage Radisson Blu,Hamburg,eur,Contipark,,3.0,30.0,0,,yes,https://www.contipark.de/de/parken/hamburg/tiefgarage-radisson-blu/,EUR,"FLAGGED: Contipark lists the address as Congressplatz 2 while the input says Marseiller Straße 1 - same CCH/Radisson-Blu complex, and name + operator (Contipark) match the input exactly; note Hamburg Messe separately publishes a 'Tiefgarage CCH' (Tiergartenstr. 2, 700 spaces, 3 EUR/h max 25 EUR) in the same complex. Pcard tariff identical [source text: je angefangene Stunde 3,00 € | Höchstsatz pro 24 Stunden 30,00 €]",,
hamburg-viz-DE.HH.UP_PARKHAEUSER_10013-europa-passage,Europa-Passage,Hamburg,690,Tiefgarage Europa Passage,Hamburg,eur,Contipark,,4.5,36.0,0,,yes,https://www.contipark.de/de/parken/hamburg/tiefgarage-europa-passage/,EUR,"Pcard (ticketless) tariff much lower: 3,50 EUR/h, 18,00 EUR/24h [source text: je angefangene Stunde 4,50 € | Höchstsatz pro 24 Stunden 36,00 €]",,
hamburg-viz-DE.HH.UP_PARKHAEUSER_10117-alstertal-einkaufszentrum-aez-west,Alstertal Einkaufszentrum (AEZ) West,Hamburg,666,Alstertal-Einkaufszentrum - Parkdeck West,Hamburg,eur,ECE / POLLUX (Alstertal-Einkaufszentrum),,,15.0,0,,yes,https://www.alstertal-einkaufszentrum.de/anfahrt-parken/parken/,EUR,"shared AEZ tariff - the source publishes ONE tariff for all AEZ Parkhaeuser and distinguishes Ost/West vs Mitte only by opening hours, not by price; hourly_rate left blank because the published rate is a dynamic load-based range 0,50-1,50 EUR/h with no single standard value; first 30 min free; Sunday cap 4,00 EUR [source text: Je angefangene Stunde*: 0,50 € bis max. 1,50 € (je nach Displayanzeige bei Einfahrt) | Tagesmaximum Montag bis Samstag: 15,00 € | Sonntag: 4,00 € | *Freiparkzeit 30 Minuten]",,
hamburg-viz-DE.HH.UP_PARKHAEUSER_10084-ccb-fachmarktzentrum,CCB Fachmarktzentrum,Hamburg,590,Saba Parkhaus CCB Fachzentrum,Hamburg,eur,Saba Park Deutschland (via Contipark/Interparking link),,1.5,6.0,0,,yes,https://www.sabaparking.com/de/parking-hamburg/saba-parkhaus-ccb-fachzentrum,EUR,"distinct facility from CCB Einkaufzentrum (Bergedorfer Str. 105); first hour 2,00 EUR is HIGHER than the marginal rate; hourly_rate = marginal (jede weitere angefangene Stunde) [source text: Bis eine Stunde: 2,00€ | Bis zwei Stunden: 3,50 € | Jede weitere angefangene Stunde: 1,50€ | Tageshöchstsatz: 6,00€]",,
hamburg-viz-DE.HH.UP_PARKHAEUSER_10039-speicherstadt,Speicherstadt,Hamburg,553,Parkhaus Speicherstadt,Hamburg,eur,Contipark,,3.0,28.0,0,,yes,https://www.contipark.de/de/parken/hamburg/parkhaus-speicherstadt/,EUR,"Pcard tariff identical to regular tariff here [source text: je angefangene Stunde 3,00 € | Höchstsatz pro 24 Stunden 28,00 €]",,
hamburg-viz-DE.HH.UP_PARKHAEUSER_10017-gaensemarkt,Gänsemarkt,Hamburg,544,Parkhaus Gänsemarkt / Messe - Ost,Hamburg,eur,APCOA PARKING Deutschland,,4.5,50.0,0,,yes,https://www.apcoa.de/einmal-parken/standorte/hamburg/gaensemarkt-messe-ost,EUR,"APCOA address Dammtorwall 5/7 matches input Dammtorwall 5; APCOA's name includes 'Messe - Ost' for marketing but this is NOT the Hamburg-Messe Messe-Ost garage; 'ab' (from) wording; freeflow/ANPR site; 4h-City-Tarif available via app [source text: Je angefangene Stunde: ab 4,50 € | Tagesmax.: 50,00 €]",,
hamburg-viz-DE.HH.UP_PARKHAEUSER_10019-hanse-viertel,Hanse-Viertel,Hamburg,421,Parkhaus Hanseviertel,Hamburg,eur,APCOA PARKING Deutschland,,4.5,50.0,0,,yes,https://www.apcoa.de/einmal-parken/standorte/hamburg/hanseviertel,EUR,"'ab' (from) wording; freeflow/ANPR site, pay within 24h after exit; APCOA FLOW tariff also 4,50 EUR/h [source text: Je angefangene Stunde: ab 4,50 € | Tagesmax.: 50,00 € | FLOW Tarif: je angefangene Stunde: 4,50 €]",yes,
hamburg-viz-DE.HH.UP_PARKHAEUSER_10096-buxtehuder-strasse-karstadt,Buxtehuder Straße/Karstadt,Hamburg,373,Parkhaus Buxtehuder Straße,Hamburg,eur,Contipark,,1.8,9.0,0,,yes,https://www.contipark.de/de/parken/hamburg/parkhaus-buxtehuder-strasse/,EUR,"Pcard tariff lower: 1,50 EUR/h, 5,00 EUR/24h [source text: je angefangene Stunde 1,80 € | Höchstsatz pro 24 Stunden 9,00 €]",,
hamburg-viz-DE.HH.UP_PARKHAEUSER_10040-ueberseequartier-nord,Überseequartier Nord,Hamburg,350,Tiefgarage Überseequartier,Hamburg,eur,Contipark,,3.0,28.0,0,,yes,https://www.contipark.de/de/parken/hamburg/tiefgarage-ueberseequartier/,EUR,"address Überseeallee 3 matches the input exactly; Contipark lists the site without the Nord/Süd suffix used in the input; Pcard tariff 2,80 EUR/h, 16,00 EUR/24h [source text: je angefangene Stunde 3,00 € | Höchstsatz pro 24 Stunden 28,00 €]",,
hamburg-viz-DE.HH.UP_PARKHAEUSER_10011-deutsch-japanisches-zentrum,Deutsch Japanisches Zentrum,Hamburg,304,Tiefgarage Deutsch-Japanisches Zentrum,Hamburg,eur,Contipark,,4.5,40.0,0,,yes,https://www.contipark.de/de/parken/hamburg/tiefgarage-deutsch-japanisches-zentrum/,EUR,"Pcard tariff much lower: 3,50 EUR/h, 18,00 EUR/24h; cashless payment only; closed outside 06:00-23:00 [source text: je angefangene Stunde 4,50 € | Höchstsatz pro 24 Stunden 40,00 €]",,
hamburg-viz-DE.HH.UP_PARKHAEUSER_10118-alter-wall-bucerius-passage,Alter Wall / BUCERIUS-Passage,Hamburg,210,Parkhaus Bucerius Passage,Hamburg,eur,APCOA PARKING Deutschland,,4.5,50.0,0,,yes,https://www.apcoa.de/einmal-parken/standorte/hamburg/bucerius-passage,EUR,"APCOA FLOW app tariff much lower: 2,99 EUR/h and 19,99 EUR day cap; recorded figures are the non-FLOW walk-up tariff [source text: Für Nicht APCOA FLOW Kunden gelten folgende Tarife: Je angefangene Stunde: ab 4,50 € | Tagesmax.: 50,00 €]",,
hamburg-viz-DE.HH.UP_PARKHAEUSER_10037-reeperbahn-garagen-spielbudenplatz,Reeperbahn-Garagen (Spielbudenplatz),Hamburg,200,Reeperbahngaragen,Hamburg,eur,Ernst u. Jürgen Schütze (Reeperbahngaragen),,4.0,20.0,0,,yes,https://reeperbahn-garagen.de/,EUR,"published per 30 min (2,00 EUR) - converted to hourly equivalent 4,00; open 24h/365; max stay 10 days [source text: Parkgebühr 2,00 € pro angefangene halbe Stunde | Tagespreis 20,00 € pro 24 Stunden]",,
hamburg-viz-DE.HH.UP_PARKHAEUSER_10108-elbarkaden,Elbarkaden,Hamburg,175,Tiefgarage Elbarkaden,Hamburg,eur,Contipark,,3.0,28.0,0,,yes,https://www.contipark.de/de/parken/hamburg/tiefgarage-elbarkaden/,EUR,"Contipark address Hongkongstraße 6a matches input Honkongstr. 6-10 A; Pcard tariff 2,00 EUR/h, 15,00 EUR/24h [source text: je angefangene Stunde 3,00 € | Höchstsatz pro 24 Stunden 28,00 €]",,
hamburg-viz-DE.HH.UP_PARKHAEUSER_10097-krummholzberg,Krummholzberg,Hamburg,149,Parkhaus Krummholzberg,Hamburg,eur,Contipark,,1.5,6.5,0,,yes,https://www.contipark.de/de/parken/hamburg/parkhaus-krummholzberg/,EUR,"Pcard tariff 1,00 EUR/h, 4,00 EUR max [source text: je angefangene Stunde 1,50 € | Höchstsatz pro 24 Stunden 6,50 €]",,
hamburg-viz-DE.HH.UP_PARKHAEUSER_10028-marriott,Marriott,Hamburg,106,Parkhaus Hotel Marriott,Hamburg,eur,APCOA PARKING Deutschland,,4.5,40.0,0,,yes,https://www.apcoa.de/einmal-parken/standorte/hamburg/hotel-marriott,EUR,"'ab' (from) wording [source text: Pro Stunde: ab 4,50 € | Tagesmax.: 40,00 €]",,
hamburg-viz-DE.HH.UP_PARKHAEUSER_10001-alsterhaus,Alsterhaus,Hamburg,87,"Parkhaus für das Alsterhaus Hamburg, Bei der Stadtwassermühle",Hamburg,eur,The KaDeWe Group (Alsterhaus),,4.0,28.0,0,,yes,https://www.alsterhaus.de/ihr-besuch-bei-uns/,EUR,"night tariff 21:00-08:00 much lower: 1,50 EUR/h with a 5,00 EUR night cap; recorded figures are the daytime 08:00-21:00 tariff [source text: 1. angefangende Stunde: 4,- EURO | Je weitere Stunde: 4,- EURO | Tageshöchstsatz: 28,- EURO | 21 – 8 Uhr Nachttarif 1. angefangende Stunde: 1,50 EURO | Nachtshöchstsatz (21 – 8 Uhr): 5,- EURO]",,
parken-osnabrueck-46,Parkhaus Nord Klinikum OS,Osnabrück,970,Parkhaus Nord Klinikum OS,Osnabrück,eur,OPG (Osnabrücker Parkstätten-Betriebsgesellschaft),,2.0,20.0,0,,yes,https://www.parken-osnabrueck.de/parken/parkplatzsuche/detail/parkhaus-nord-klinikum-os.html,EUR,"Erste Stunde 2,50 €, jede weitere Stunde 2,00 €, Tageshöchstsatz 20,00 €; single tariff, no cashless discount published",,
parken-osnabrueck-23,Parkhaus Ledenhof-Garage,Osnabrück,587,Parkhaus Ledenhof-Garage,Osnabrück,eur,OPG (Osnabrücker Parkstätten-Betriebsgesellschaft),,1.8,18.0,0,,yes,https://www.parken-osnabrueck.de/parken/parkplatzsuche/detail/parkhaus-ledenhof-garage.html,EUR,"OPG quotes cashless/cash pairs; hourly_rate and daily_cap here are the CASHLESS rates. Cash: 2,00 €/h, Tageshöchstsatz 20,00 €. Nachttarif 22-8 Uhr 1,00 €/h; Sun/holidays (Sa 22 - Mo 8) 1,00 €/h; first hour 2,20 € cashless / 2,50 € cash",,
parken-osnabrueck-11,Parkhaus Bahnhofsgarage,Osnabrück,516,Parkhaus Bahnhofsgarage,Osnabrück,eur,OPG (Osnabrücker Parkstätten-Betriebsgesellschaft),,1.5,13.0,0,,yes,https://www.parken-osnabrueck.de/parken/parkplatzsuche/detail/parkhaus-bahnhofsgarage.html,EUR,"first 30 min free; 31.-60. Minute 1,80 € cashless / 2,00 € cash; jede weitere Stunde 1,50 €; Tageshöchstsatz first 24 h 13,00 €, each further 24 h 9,00 €; Nachttarif 22-8 Uhr and Sun/holidays 1,00 €/h",yes,
parken-osnabrueck-22,Parkhaus Kollegienwall-Garage,Osnabrück,496,Parkhaus Kollegienwall-Garage,Osnabrück,eur,OPG (Osnabrücker Parkstätten-Betriebsgesellschaft),,1.8,16.0,0,,yes,https://www.parken-osnabrueck.de/parken/parkplatzsuche/detail/parkhaus-kollegienwall-garage.html,EUR,"OPG quotes cashless/cash pairs; hourly_rate and daily_cap here are the CASHLESS rates. Cash: 2,00 €/h, Tageshöchstsatz 18,00 €. Nachttarif 22-8 Uhr 1,00 €/h; Sun/holidays (Sa 22 - Mo 8) 1,00 €/h; flat per-hour tariff (no separate first hour)",,
parken-osnabrueck-24,Parkhaus Nikolai-Garage,Osnabrück,477,Parkhaus Nikolai-Garage,Osnabrück,eur,OPG (Osnabrücker Parkstätten-Betriebsgesellschaft),,1.8,18.0,0,,yes,https://www.parken-osnabrueck.de/parken/parkplatzsuche/detail/parkhaus-nikolai-garage.html,EUR,"OPG quotes cashless/cash pairs; hourly_rate and daily_cap here are the CASHLESS rates. Cash: 2,00 €/h, Tageshöchstsatz 20,00 €. Nachttarif 22-8 Uhr 1,00 €/h; Sun/holidays (Sa 22 - Mo 8) 1,00 €/h; first hour 2,20 € cashless / 2,50 € cash",,
parken-osnabrueck-27,Parkhaus Salzmarkt-Garage,Osnabrück,425,Parkhaus Salzmarkt-Garage,Osnabrück,eur,OPG (Osnabrücker Parkstätten-Betriebsgesellschaft),,1.5,15.0,0,,yes,https://www.parken-osnabrueck.de/parken/parkplatzsuche/detail/parkhaus-salzmarkt-garage.html,EUR,"Erste Stunde 1,80 €, jede weitere Stunde 1,50 €, Tageshöchstsatz 15,00 €; Nachttarif 22-8 Uhr and Sun/holidays 1,00 €/h",,
parken-osnabrueck-28,Parkhaus Stadthaus-Garage,Osnabrück,294,Parkhaus Stadthaus-Garage,Osnabrück,eur,OPG (Osnabrücker Parkstätten-Betriebsgesellschaft),,1.8,18.0,0,,yes,https://www.parken-osnabrueck.de/parken/parkplatzsuche/detail/parkhaus-stadthaus-garage.html,EUR,"OPG quotes cashless/cash pairs; hourly_rate and daily_cap here are the CASHLESS rates. Cash: 2,00 €/h, Tageshöchstsatz 20,00 €. Nachttarif 22-8 Uhr 1,00 €/h; Sun/holidays (Sa 22 - Mo 8) 1,00 €/h; first hour 2,20 € cashless / 2,50 € cash",,
parken-osnabrueck-36,Parkhaus L&T,Osnabrück,285,Parkhaus L&T,Osnabrück,eur,OPG (Osnabrücker Parkstätten-Betriebsgesellschaft),,2.5,20.0,0,,yes,https://www.parken-osnabrueck.de/parken/parkplatzsuche/detail/parkhaus-lt.html,EUR,"Erste Stunde und jede weitere Stunde 2,50 €; Tageshöchstsatz 20,00 €; Nachttarif 22-8 Uhr 1,50 €/h; Sun/holidays 2,00 €/h",,
parken-osnabrueck-30,Parkhaus Vitihof-Garage,Osnabrück,260,Parkhaus Vitihof-Garage,Osnabrück,eur,OPG (Osnabrücker Parkstätten-Betriebsgesellschaft),,1.8,18.0,0,,yes,https://www.parken-osnabrueck.de/parken/parkplatzsuche/detail/parkhaus-vitihof-garage.html,EUR,"OPG quotes cashless/cash pairs; hourly_rate and daily_cap here are the CASHLESS rates. Cash: 2,00 €/h, Tageshöchstsatz 20,00 €. Nachttarif 22-8 Uhr 1,00 €/h; Sun/holidays (Sa 22 - Mo 8) 1,00 €/h; first hour 2,20 € cashless / 2,50 € cash",,
parken-osnabrueck-37,Tiefgarage L&T,Osnabrück,202,Tiefgarage L&T,Osnabrück,eur,OPG (Osnabrücker Parkstätten-Betriebsgesellschaft),,2.5,20.0,0,,yes,https://www.parken-osnabrueck.de/parken/parkplatzsuche/detail/tiefgarage-lt.html,EUR,"Erste Stunde und jede weitere Stunde 2,50 €; Tageshöchstsatz 20,00 €; Nachttarif 22-8 Uhr 1,50 €/h; Sun/holidays 2,00 €/h; separate facility from Parkhaus L&T at the same address",,
parken-osnabrueck-43,Parkplatz P1 Klinikum OS,Osnabrück,200,Parkplatz P1 Klinikum OS,Osnabrück,eur,OPG (Osnabrücker Parkstätten-Betriebsgesellschaft),,2.0,20.0,0,,yes,https://www.parken-osnabrueck.de/parken/parkplatzsuche/detail/parkplatz-p1-klinikum-os.html,EUR,"Erste Stunde 2,50 €, jede weitere Stunde 2,00 €, Tageshöchstsatz 20,00 €",,
parken-osnabrueck-44,Parkplatz P2 Klinikum OS,Osnabrück,200,Parkplatz P2 Klinikum OS,Osnabrück,eur,OPG (Osnabrücker Parkstätten-Betriebsgesellschaft),,2.0,20.0,0,,yes,https://www.parken-osnabrueck.de/parken/parkplatzsuche/detail/parkplatz-p2-klinikum-os.html,EUR,"Erste Stunde 2,50 €, jede weitere Stunde 2,00 €, Tageshöchstsatz 20,00 €",,
parken-osnabrueck-45,Parkplatz P3 Klinikum OS,Osnabrück,200,Parkplatz P3 Klinikum OS,Osnabrück,eur,OPG (Osnabrücker Parkstätten-Betriebsgesellschaft),,2.0,20.0,0,,yes,https://www.parken-osnabrueck.de/parken/parkplatzsuche/detail/parkplatz-p3-klinikum-os.html,EUR,"Erste Stunde 2,50 €, jede weitere Stunde 2,00 €, Tageshöchstsatz 20,00 €",,
parken-osnabrueck-35,Parkhaus Cinema Arthouse,Osnabrück,198,Parkhaus Cinema Arthouse,Osnabrück,eur,OPG (Osnabrücker Parkstätten-Betriebsgesellschaft),,1.5,16.0,0,,yes,https://www.parken-osnabrueck.de/parken/parkplatzsuche/detail/parkhaus-cinema-arthouse.html,EUR,"Erste Stunde 2,00 €, jede weitere Stunde 1,50 €, Tageshöchstsatz 16,00 €; cinema/Garbo/BlueNote guests pay 1,00 € per further hour with validation at the box office",,
parken-osnabrueck-34,Parkhaus Lotter Straße,Osnabrück,170,Parkhaus Lotter Straße,Osnabrück,eur,OPG (Osnabrücker Parkstätten-Betriebsgesellschaft),,1.5,15.0,0,,yes,https://www.parken-osnabrueck.de/parken/parkplatzsuche/detail/parkhaus-lotter-strasse.html,EUR,"Erste Stunde only 0,80 €, jede weitere Stunde 1,50 €, Tageshöchstsatz 15,00 €; Nachttarif 22-8 Uhr and Sun/holidays 1,00 €/h",,
parken-osnabrueck-19,Parkplatz Kinderhospital am Schölerberg,Osnabrück,156,Parkplatz Kinderhospital am Schölerberg,Osnabrück,eur,OPG (Osnabrücker Parkstätten-Betriebsgesellschaft),,1.0,10.0,0,,yes,https://www.parken-osnabrueck.de/parken/parkplatzsuche/detail/parkplatz-kinderhospital-am-schoelerberg.html,EUR,"flat 1,00 €/h, Tageshöchstsatz 10,00 €; P+R ticket 5,00 €",,
parken-osnabrueck-13,Parkplatz Berliner Platz,Osnabrück,147,Parkplatz Berliner Platz,Osnabrück,eur,OPG (Osnabrücker Parkstätten-Betriebsgesellschaft),,1.5,16.0,0,,yes,https://www.parken-osnabrueck.de/parken/parkplatzsuche/detail/parkplatz-berliner-platz.html,EUR,"Erste Stunde 2,00 €, jede weitere Stunde 1,50 €, Tageshöchstsatz 16,00 €; Nachttarif 22-8 Uhr and Sun/holidays 1,00 €/h",,
parken-osnabrueck-50,P+R Rubbenbruchsee,Osnabrück,145,P+R Rubbenbruchsee,Osnabrück,eur,OPG (Osnabrücker Parkstätten-Betriebsgesellschaft),,0.0,0.0,0,,yes,https://www.parken-osnabrueck.de/parken/parkplatzsuche/detail/p-r-rubbenbruchsee.html,EUR,"free of charge (Kostenlos 0,00 €)",yes,
parken-osnabrueck-17,Parkhaus Altstadtgarage,Osnabrück,136,Parkhaus Altstadtgarage,Osnabrück,eur,OPG (Osnabrücker Parkstätten-Betriebsgesellschaft),,1.8,18.0,0,,yes,https://www.parken-osnabrueck.de/parken/parkplatzsuche/detail/parkhaus-altstadtgarage.html,EUR,"Erste Stunde 2,20 €, jede weitere Stunde 1,80 €, Tageshöchstsatz 18,00 €; Nachttarif 22-8 Uhr and Sun/holidays 1,00 €/h",,
parken-osnabrueck-18,Parkplatz Haarmannsbrunnen,Osnabrück,120,Parkplatz Haarmannsbrunnen,Osnabrück,eur,OPG (Osnabrücker Parkstätten-Betriebsgesellschaft),,2.0,20.0,0,,yes,https://www.parken-osnabrueck.de/parken/parkplatzsuche/detail/parkplatz-haarmannsbrunnen.html,EUR,"Erste Stunde 2,50 €, jede weitere Stunde 2,00 €, Tageshöchstsatz 20,00 €; Nachttarif 22-8 Uhr and Sun/holidays 1,00 €/h",,
parken-osnabrueck-21,Parkhaus Neustadt-Carré,Osnabrück,119,Parkhaus Neustadt-Carré,Osnabrück,eur,OPG (Osnabrücker Parkstätten-Betriebsgesellschaft),,1.5,15.0,0,,yes,https://www.parken-osnabrueck.de/parken/parkplatzsuche/detail/parkhaus-neustadt-carre.html,EUR,"OPG quotes cashless/cash pairs; hourly_rate and daily_cap here are the CASHLESS rates. Cash: 1,50 €/h, Tageshöchstsatz 16,00 €. Nachttarif 22-8 Uhr 1,00 €/h; Sun/holidays (Sa 22 - Mo 8) 1,00 €/h; first hour 1,80 € cashless / 2,00 € cash",,
parken-osnabrueck-51,Parkhaus Christl. Kinderhospital,Osnabrück,61,Parkhaus Christl. Kinderhospital,Osnabrück,eur,OPG (Osnabrücker Parkstätten-Betriebsgesellschaft),,1.5,10.0,0,,yes,https://www.parken-osnabrueck.de/parken/parkplatzsuche/detail/parkhaus-christliches-kinderhospital-osnabrueck.html,EUR,"je angefangene Stunde 1,50 €, Tageshöchstsatz 10,00 €; Nachttarif 22-8 Uhr 1,00 €/h",,
parken-osnabrueck-16,Parkplatz Kunsthalle Dominikanerkirche,Osnabrück,55,Parkplatz Kunsthalle Dominikanerkirche,Osnabrück,eur,OPG (Osnabrücker Parkstätten-Betriebsgesellschaft),,2.0,20.0,0,,yes,https://www.parken-osnabrueck.de/parken/parkplatzsuche/detail/parkplatz-kunsthalle-dominikanerkirche.html,EUR,"Erste Stunde 2,50 €, jede weitere Stunde 2,00 €, Tageshöchstsatz 20,00 €; Nachttarif 22-8 Uhr and Sun/holidays 1,00 €/h",,
parken-osnabrueck-29,Parkplatz Stadthaus,Osnabrück,52,Parkplatz Stadthaus,Osnabrück,eur,OPG (Osnabrücker Parkstätten-Betriebsgesellschaft),,2.0,20.0,0,,yes,https://www.parken-osnabrueck.de/parken/parkplatzsuche/detail/parkplatz-stadthaus.html,EUR,"Erste Stunde 2,50 €, jede weitere Stunde 2,00 €, Tageshöchstsatz 20,00 €; Nachttarif 22-8 Uhr and Sun/holidays 1,00 €/h",,
parken-osnabrueck-26,Parkplatz Schlosswallhalle,Osnabrück,48,Parkplatz Schlosswallhalle,Osnabrück,eur,OPG (Osnabrücker Parkstätten-Betriebsgesellschaft),,2.0,18.0,0,,yes,https://www.parken-osnabrueck.de/parken/parkplatzsuche/detail/parkplatz-schlosswallhalle.html,EUR,"flat 2,00 €/h, Tageshöchstsatz 18,00 €; Nachttarif 22-8 Uhr and Sun/holidays 1,00 €/h",,
parken-osnabrueck-49,Parkplatz Café Rubbenbruchsee,Osnabrück,45,Parkplatz Café Rubbenbruchsee,Osnabrück,eur,OPG (Osnabrücker Parkstätten-Betriebsgesellschaft),,0.0,0.0,0,,yes,https://www.parken-osnabrueck.de/parken/parkplatzsuche/detail/parkplatz-cafe-rubbenbruchsee.html,EUR,"free of charge (0,00 €) but access restricted to guests of the Café Rubbenbruchsee and the adjacent minigolf course",yes,
parken-osnabrueck-25,Parkplatz Stüvestraße,Osnabrück,43,Parkplatz Stüvestraße,Osnabrück,eur,OPG (Osnabrücker Parkstätten-Betriebsgesellschaft),,1.5,10.0,0,,yes,https://www.parken-osnabrueck.de/parken/parkplatzsuche/detail/parkplatz-stuevestrasse.html,EUR,"Erste Stunde only 1,00 €, jede weitere Stunde 1,50 €, Tageshöchstsatz 10,00 €; Nachttarif 22-8 Uhr and Sun/holidays 1,00 €/h",,
parken-osnabrueck-38,Parkplatz Stresemannplatz,Osnabrück,37,Parkplatz Stresemannplatz,Osnabrück,eur,OPG (Osnabrücker Parkstätten-Betriebsgesellschaft),,2.0,18.0,0,,yes,https://www.parken-osnabrueck.de/parken/parkplatzsuche/detail/parkplatz-stresemannplatz.html,EUR,"flat 2,00 €/h, Tageshöchstsatz 18,00 €; Nachttarif 22-8 Uhr and Sun/holidays 1,00 €/h",,
parken-osnabrueck-33,Parkplatz Heinrich-Heine-Straße,Osnabrück,21,Parkplatz Heinrich-Heine-Straße,Osnabrück,eur,OPG (Osnabrücker Parkstätten-Betriebsgesellschaft),,1.0,10.0,0,,yes,https://www.parken-osnabrueck.de/parken/parkplatzsuche/detail/parkplatz-heinrich-heine-strasse.html,EUR,"flat 1,00 €/h, Tageshöchstsatz 10,00 €; Nachttarif 22-8 Uhr 0,50 €/h; Sun/holidays 0,50 €/h, max 5,00 €/day",,
parken-osnabrueck-31,Parkplatz Karl-Bücher-Straße,Osnabrück,21,Parkplatz Karl-Bücher-Straße,Osnabrück,eur,OPG (Osnabrücker Parkstätten-Betriebsgesellschaft),,,4.0,0,,yes,https://www.parken-osnabrueck.de/parken/parkplatzsuche/detail/parkplatz-karl-buecher-strasse.html,EUR,"only a flat daily tariff of 4,00 € (täglich, auch an Feiertagen) is published; no hourly rate",,
basel-live-city,Parkhaus City,Basel,1114,City,Basel,chf,Parkhäuser Basel-Stadt (Immobilien Basel-Stadt),,3.0,,0,,yes,https://www.parkleitsystem-basel.ch/parkhaus/city,CHF,"billed per 30 min; Mo-Sa 08-19 CHF 3.00/h, 19-24 CHF 2.00/h, 00-08 CHF 1.00/h, Sunday CHF 1.00/h; no daily cap",,
basel-live-elisabethen,Parkhaus Elisabethen,Basel,840,Elisabethen,Basel,chf,Parkhäuser Basel-Stadt (Immobilien Basel-Stadt),,3.0,,0,,yes,https://www.parkleitsystem-basel.ch/parkhaus/elisabethen,CHF,"billed per 30 min; Mo-Sa 08-19 CHF 3.00/h, 19-24 CHF 2.00/h, 00-08 CHF 1.00/h, Sunday CHF 1.00/h; no daily cap",,
basel-live-badbahnhof,Parkhaus Bad. Bahnhof,Basel,750,Bad. Bahnhof,Basel,chf,Parkhaus Badischer Bahnhof,,2.6,,0,,yes,https://www.parkleitsystem-basel.ch/parkhaus/badbahnhof,CHF,Mo-Sa 07-19 first 30 min CHF 1.50 then CHF 1.30 per 30 min (= CHF 2.60/h); 19-07 and Sunday CHF 2.00/h; no daily cap,,
basel-live-messe,Parkhaus Messe,Basel,727,Parkhaus Messe Basel,Basel,chf,Parkhaus Messe Basel,,3.0,50.0,0,,yes,https://www.parkleitsystem-basel.ch/parkhaus/messe,CHF,day tariff 08-19 CHF 3.00/h flat; evening 19-24 and night 00-08 tariffs lower; Tagespauschale (24 Std.) CHF 50.00,,
basel-live-steinen,Parkhaus Steinen,Basel,526,Steinen,Basel,chf,Parkhäuser Basel-Stadt (Immobilien Basel-Stadt),,3.0,,0,,yes,https://www.parkleitsystem-basel.ch/parkhaus/steinen,CHF,"billed per 30 min; Mo-Sa 08-19 CHF 3.00/h, 19-24 CHF 2.00/h, 00-08 CHF 1.00/h, Sunday CHF 1.00/h; no daily cap",,
basel-live-kunstmuseum,Parkhaus Kunstmuseum,Basel,350,Parking Kunstmuseum Basel,Basel,chf,Parking Kunstmuseum Basel,,3.0,30.0,0,,yes,https://www.parkleitsystem-basel.ch/parkhaus/kunstmuseum,CHF,Mo-Sa 07-19 CHF 3.00/h billed per 30 min; 19-07 CHF 1.00/h; Sunday/holiday 07-19 CHF 2.00/h; Tagesmaximum CHF 30.00 per 24 h,,
basel-live-rebgasse,Parkhaus Rebgasse,Basel,250,Parkhaus Rebgasse,Basel,chf,APCOA Parking Switzerland AG,,3.0,,0,,yes,https://www.parkleitsystem-basel.ch/parkhaus/rebgasse,CHF,"Mo-Fr 07-20 first 30 min CHF 2.00, first hour CHF 3.50, each further hour CHF 3.00; Saturday and trade-fair tariff CHF 4.00/h; 20-07 and Sunday CHF 1.00/h; no daily cap",,
basel-live-anfos,Parkhaus Anfos,Basel,165,Anfos,Basel,chf,Parkhaus Anfos,,2.5,35.0,0,,yes,https://www.parkleitsystem-basel.ch/parkhaus/anfos,CHF,CHF 2.50/h up to 6 h then CHF 1.50/h; Tagespauschale (24 Std.) CHF 35.00; closed Sundays and holidays,,
basel-live-storchen,Parkhaus Storchen,Basel,142,Storchen,Basel,chf,Parkhäuser Basel-Stadt (Immobilien Basel-Stadt),,4.0,,0,,yes,https://www.parkleitsystem-basel.ch/parkhaus/storchen,CHF,"billed per 30 min; Mo-Sa 08-19 CHF 4.00/h, 19-24 CHF 2.00/h, 00-08 CHF 1.00/h, Sunday CHF 1.00/h; no daily cap",,
basel-live-claramatte,Parkhaus Claramatte,Basel,120,Claramatte,Basel,chf,Parkhaus Claramatte,,3.0,30.0,0,,yes,https://www.parkleitsystem-basel.ch/parkhaus/claramatte,CHF,Mo-Sa 07-19 CHF 1.50 per 30 min (= CHF 3.00/h); 19-07 and Sunday CHF 1.50/h; Tagestarif CHF 30.00 per 24 h; trade-fair tariff CHF 3.00/h round the clock with Tagestarif Messe CHF 35.00,,
basel-live-europe,Parkhaus Europe,Basel,120,Europe,Basel,chf,Pullman Basel Europe,,3.0,,0,,yes,https://www.parkleitsystem-basel.ch/parkhaus/europe,CHF,billed per 60 min; Mo-Sa 07-20 CHF 3.00/h; 20-07 and Sunday CHF 2.00/h; no daily cap,,
basel-live-bahnhofsued,Parkhaus Bahnhof Süd,Basel,100,Bahnhof Süd,Basel,chf,,,2.5,,0,,yes,https://www.parkleitsystem-basel.ch/parkhaus/bahnhofsued,CHF,"flat tariff all week 00-24: 30 min CHF 1.50, 1 h CHF 2.50, 2 h CHF 5.00, then +CHF 5.00/h after 5 h; no daily cap; operator not named on the page",,
basel-live-aeschen,Parkhaus Aeschen,Basel,95,Aeschen,Basel,chf,Aeschen Parking,,3.0,,0,,yes,https://www.parkleitsystem-basel.ch/parkhaus/aeschen,CHF,Mo-Sa 06-23 CHF 3.00/h for first 6 h then CHF 2.00/h; 23-06 and Sunday CHF 1.50/h (CHF 1.00/h after 6 h); no daily cap,,
basel-live-clarahuus,Parkhaus Clarahuus,Basel,52,Clarahuus,Basel,chf,Clarahuus,,2.0,,0,,yes,https://www.parkleitsystem-basel.ch/parkhaus/clarahuus,CHF,"Mo-Sa 30 min CHF 1.00, 60 min CHF 2.00, 90 min CHF 3.00, 120 min CHF 4.00, then CHF 4.00/h; closed Sundays; no daily cap",,
mobidata-bw-freiburg-westarkaden,Westarkaden,Freiburg,750,Westarkaden,Freiburg,eur,ParkraumWelten GmbH & Co. KG,,1.5,6.0,0,,yes,https://www.freiburg.de/pb/1708134.html,EUR,"first 2 hours free with Parkscheibe; 3 Stunden 1,00 EUR; each further hour 1,50 EUR (marginal rate used); 24 Stunden 6,00 EUR; card payment only",yes,
mobidata-bw-freiburg-p15-schlossberg,P15 Schlossberg,Freiburg,429,Schlossberg (Parkhaus Nr. 15),Freiburg,eur,Freiburger Kommunalbauten GmbH & Co. KG Parkhausbetriebe,,2.7,34.0,0,,yes,https://www.freiburg.de/pb/231447.html,EUR,"Tagestarif 6-20 h per started hour: Mon 2,50 / Tue-Fri+Sun 2,70 (used) / Sat 3,00; Abendtarif 20-1 h; Nachttarif 1-6 h pauschal 4,50; tariff Stand 1. September 2026",,
mobidata-bw-freiburg-p9-schwarzwald-city,P9 Schwarzwald City,Freiburg,398,Schwarzwald City (Parkhaus Nr. 9),Freiburg,eur,APCOA Autoparking GmbH,,2.0,23.0,0,,yes,https://www.freiburg.de/pb/231407.html,EUR,"Mon-Thu/Fri 2,00 EUR per started hour, Tagesmaximum 23,00 EUR (used); Sat 2,20 EUR/h and Tagesmaximum 25,00 EUR; first 30 min 1,50 EUR Mon-Thu; closed Sundays",,
mobidata-bw-freiburg-gundelfinger-str,Gundelfinger Str.,Freiburg,341,P+R-Platz Gundelfinger Straße,Freiburg,eur,Freiburger Verkehrs AG (VAG) / Stadt Freiburg,,,8.0,0,,yes,https://www.vag-freiburg.de/park-ride,EUR,"P+R flat daily rate: Parkberechtigung fuer 24 Std. ohne OEPNV 8,00 EUR; no hourly tariff published; combi ticket (permit + RVF day pass) from 7,20 EUR; free printable permit for season-ticket holders",,
mobidata-bw-freiburg-p10-rotteck,P10 Rotteck,Freiburg,300,Rotteck (Parkhaus Nr. 10),Freiburg,eur,Freiburger Kommunalbauten GmbH & Co. KG Parkhausbetriebe,,2.7,34.0,0,,yes,https://www.freiburg.de/pb/231415.html,EUR,"Tagestarif 6-20 h per started hour: Mon 2,50 / Tue-Fri+Sun 2,70 (used) / Sat 3,00; Abendtarif 20-1 h; Nachttarif 1-6 h pauschal 4,50; tariff Stand 1. September 2026",,
mobidata-bw-freiburg-paduaallee,Paduaallee,Freiburg,245,P+R-Platz Paduaallee,Freiburg,eur,Freiburger Verkehrs AG (VAG) / Stadt Freiburg,,,8.0,0,,yes,https://www.vag-freiburg.de/park-ride,EUR,"P+R flat daily rate: Parkberechtigung fuer 24 Std. ohne OEPNV 8,00 EUR; no hourly tariff published; combi ticket (permit + RVF day pass) from 7,20 EUR",,
mobidata-bw-freiburg-p14-landratsamt,P14 Landratsamt,Freiburg,202,Landratsamt (Parkhaus Nr. 14),Freiburg,eur,Landratsamt Breisgau-Hochschwarzwald,,2.0,,0,,yes,https://www.freiburg.de/pb/231439.html,EUR,"flat 2 EUR je angefangene Stunde; no daily maximum published; open Mon-Fri 07:00-20:00, Sat 09:00-18:30, Sun closed",,
mobidata-bw-freiburg-p8-unterlinden,P8 Unterlinden,Freiburg,188,Unterlinden (Parkhaus Nr. 8),Freiburg,eur,APCOA Autoparking GmbH,,2.2,25.0,0,,yes,https://www.freiburg.de/pb/231399.html,EUR,"dynamische Parktarife: Parken ab 2,20 EUR je angefangene Stunde; Tagesmaximum / Ticketverlust 25,00 EUR",,
mobidata-bw-freiburg-p4-am-bahnhof,P4 Am Bahnhof,Freiburg,172,Am Bahnhof (Parkhaus Nr. 4),Freiburg,eur,Contipark Parkgaragengesellschaft mbH,,2.7,22.5,0,,yes,https://www.freiburg.de/pb/231383.html,EUR,"published steps are 20 Minuten 1,00 EUR / 1 Stunde 2,70 EUR / 1 Tag 22,50 EUR; no separate marginal 2nd-hour rate published, 1-hour price used",,
mobidata-bw-freiburg-p12-zaehringer-tor,P12 Zähringer Tor,Freiburg,162,Zaehringer Tor (Parkhaus Nr. 12),Freiburg,eur,Contipark Parkgaragengesellschaft mbH,,1.5,12.0,0,,yes,https://www.freiburg.de/pb/231423.html,EUR,"Mon-Sun 00:00-24:00 1,50 EUR je angefangene Stunde, Hoechstsatz (00:00-24:00) 12 EUR; with P Card 1 EUR/h and 7 EUR max",,
mobidata-bw-freiburg-bissierstrasse,Bissierstraße,Freiburg,152,P+R-Platz Bissierstraße,Freiburg,eur,Freiburger Verkehrs AG (VAG) / Stadt Freiburg,,,8.0,0,,yes,https://www.vag-freiburg.de/park-ride,EUR,"P+R flat daily rate: Parkberechtigung fuer 24 Std. ohne OEPNV 8,00 EUR; applies to P+R Bissierstraße 2b; no hourly tariff published",,
mobidata-bw-freiburg-munzinger-str,Munzinger Str.,Freiburg,145,P+R-Platz Munzinger Straße,Freiburg,eur,Freiburger Verkehrs AG (VAG) / Stadt Freiburg,,,8.0,0,,yes,https://www.vag-freiburg.de/park-ride,EUR,"P+R flat daily rate: Parkberechtigung fuer 24 Std. ohne OEPNV 8,00 EUR; no hourly tariff published",,
mobidata-bw-freiburg-p18-martinstor,P18 Martinstor,Freiburg,134,Am Martinstor (Parkhaus Nr. 18),Freiburg,eur,Contipark Parkgaragengesellschaft mbH,,3.0,22.0,0,,yes,https://www.freiburg.de/pb/231463.html,EUR,"Mon-Sun 7-20 h 3 EUR je angefangene Stunde, Hoechstsatz (24 Stunden) 22 EUR; Abendtarif 20-7 h also 3 EUR/h with Hoechstsatz 8 EUR",,
mobidata-bw-freiburg-p6-g-graf-halle,P6 G.-Graf-Halle,Freiburg,86,Parkhaus G.-Graf-Halle,Freiburg,eur,Freiburger Kommunalbauten GmbH & Co. KG Parkhausbetriebe,,2.2,32.4,0,,yes,https://www.parken-in-freiburg.de/parkhaeuser/parkhaus-g-graf-halle,EUR,"Tagestarif 8-20 h 2,20 EUR pro angefangene Stunde; maximaler 24-Stunden-Tarif 32,40 EUR; Abendtarif 20-1 h 1,00 EUR/h; Nachttarif 1-6 h pauschal 1,00 EUR; the freiburg.de page for this garage has an empty tariff block, operator page used",,
mobidata-bw-freiburg-moosweiher,Moosweiher,Freiburg,81,P+R-Platz Moosweiher,Freiburg,eur,Freiburger Verkehrs AG (VAG) / Stadt Freiburg,,,8.0,0,,yes,https://www.vag-freiburg.de/park-ride,EUR,"P+R flat daily rate: Parkberechtigung fuer 24 Std. ohne OEPNV 8,00 EUR; no hourly tariff published",,
mobidata-bw-heilbronn-heilbronn-klinik-am-gesundbrunnen-p2,"Heilbronn, Klinik am Gesundbrunnen P2",Heilbronn,763,Klinik am Gesundbrunnen,Heilbronn,eur,GOLDBECK Parking / SLK-Kliniken Heilbronn,,1.5,9.0,0,,yes,https://www.slk-kliniken.de/aufenthalt-service/klinikum-am-gesundbrunnen/anfahrt-parken,EUR,"site-wide tariff published for all parking at Klinikum am Gesundbrunnen (P1-P4 are not priced individually); first 20 min free; 1,50 EUR per started hour thereafter; Tageshoechstsatz 9,00 EUR; corroborated by GOLDBECK Parking unit 7211",,
heilbronn-parken-Stadtgalerie,Stadtgalerie,Heilbronn,660,Parkhaus Stadtgalerie,Heilbronn,eur,Stadtgalerie Heilbronn (Center Management),,2.0,,0,,yes,https://www.stadtgalerie-heilbronn.de/center/anfahrt-parken/parken/,EUR,"Std. 2,00 EUR, jede weitere Stunde 2,00 EUR; Abendtarif 21:00-02:00: 1. Std 2,00 EUR, ab der 2ten Stunde pauschal 4,00 EUR; garage open Mon-Sun 08:00-02:00 so no 24 h maximum is published; Parkwertkarte gives 10% discount",,
mobidata-bw-heilbronn-heilbronn-quartiersgarage-neckarbogen,"Heilbronn, Quartiersgarage Neckarbogen",Heilbronn,643,Quartiersgarage Neckarbogen,Heilbronn,eur,Stadtwerke Heilbronn GmbH (managed by GOLDBECK Parking),,2.5,16.0,0,,yes,https://www.stadtwerke-heilbronn.de/swh/parken-und-laden/parken/,EUR,"jede angefangene Stunde 2,50 EUR; Tageshoechstsatz 16,00 EUR; open 24/7; licence-plate instead of ticket; same figures on GOLDBECK Parking unit 7292 for Paula-Fuchs-Allee 12 (Stadtwerke page gives the address as Paula-Fuchs-Allee 15)",,
mobidata-bw-heilbronn-heilbronn-klinik-am-plattenwald,"Heilbronn, Klinik am Plattenwald",Heilbronn,637,Klinik Plattenwald,Heilbronn,eur,GOLDBECK Parking / SLK-Kliniken Heilbronn,,1.4,8.0,0,,yes,https://www.slk-kliniken.de/aufenthalt-service/klinikum-am-plattenwald/anfahrt-parken,EUR,"1.-20. Minute kostenlos; 21.-60. Minuten 1,40 EUR; jede weitere Stunde 1,40 EUR; Tageshoechstsatz 8,00 EUR; Wochenhoechstsatz 28 EUR; corroborated by GOLDBECK Parking unit 7210 and Stadtwerke Heilbronn; PLZ is 74177 Bad Friedrichshall (place list says 74711)",,
mobidata-bw-heilbronn-heilbronn-klinik-am-gesundbrunnen-p1,"Heilbronn, Klinik am Gesundbrunnen P1",Heilbronn,489,Klinik am Gesundbrunnen,Heilbronn,eur,GOLDBECK Parking / SLK-Kliniken Heilbronn,,1.5,9.0,0,,yes,https://www.slk-kliniken.de/aufenthalt-service/klinikum-am-gesundbrunnen/anfahrt-parken,EUR,"site-wide tariff published for all parking at Klinikum am Gesundbrunnen (P1-P4 are not priced individually); 1.-20. Minute kostenlos; 21.-60. Minuten 1,50 EUR; jede weitere Stunde 1,50 EUR; Tageshoechstsatz 9,00 EUR; Wochenhoechstsatz 33,50 EUR; corroborated by GOLDBECK Parking unit 7211 and by Stadtwerke Heilbronn",,
heilbronn-parken-Wollhaus,Wollhaus,Heilbronn,450,Tiefgarage Wollhaus,Heilbronn,eur,B+B Parkhaus GmbH & Co. KG,,2.5,18.0,0,,yes,https://www.bb-parkhaus.de/staedte/heilbronn/tiefgarage-wollhaus,EUR,"Erste 1/2 Stunde ab 1,50 EUR; Bis 1 Stunde ab 2,50 EUR; Ab 3. Stunde jede weitere Stunde 2,50 EUR; Tagesmaximum (24h) 18,00 EUR; dynamische Preise moeglich (Aushang vor Ort); Am Wollhaus 10, open 24/7",,
heilbronn-parken-Harmonie,Harmonie,Heilbronn,435,Tiefgarage Harmonie,Heilbronn,eur,B+B Parkhaus GmbH & Co. KG,,2.5,18.0,0,,yes,https://www.bb-parkhaus.de/staedte/heilbronn/tiefgarage-harmonie,EUR,"Erste 1/2 Stunde ab 1,50 EUR; Bis 1 Stunde ab 2,50 EUR; Ab 3. Stunde jede weitere Stunde 2,50 EUR; Tagesmaximum (24h) 18,00 EUR; Abendtarif (17.30-3.00 Uhr) pauschal 5,00 EUR; dynamische Preise moeglich; Allee 28, open 24/7",,
mobidata-bw-heilbronn-heilbronn-wohlgelegen,"Heilbronn, Wohlgelegen",Heilbronn,429,Parkhaus Wohlgelegen,Heilbronn,eur,Stadtwerke Heilbronn GmbH (managed by GOLDBECK Parking),,2.5,16.0,0,,yes,https://www.stadtwerke-heilbronn.de/swh/parken-und-laden/parken/,EUR,"jede angefangene Stunde 2,50 EUR; Tageshoechstsatz 16,00 EUR; open 24/7; card payment only; same figures on GOLDBECK Parking unit 7269",,
heilbronn-parken-Theaterforum-K3,Theaterforum K3,Heilbronn,393,Tiefgarage K3 Theater,Heilbronn,eur,B+B Parkhaus GmbH & Co. KG,,2.5,18.0,0,,yes,https://www.bb-parkhaus.de/staedte/heilbronn/tiefgarage-k3-theater,EUR,"Erste 1/2 Stunde ab 1,50 EUR; Bis 1 Stunde ab 2,50 EUR; Ab 3. Stunde jede weitere Stunde 2,50 EUR; Tagesmaximum (24h) 18,00 EUR; Theatertarif (18.00-6.00 Uhr) Pauschale 5,00 EUR; Berliner Pl. 12, open 24/7",,
heilbronn-parken-Am-Bollwerksturm,Am Bollwerksturm,Heilbronn,304,CityParkhaus am Bollwerksturm,Heilbronn,eur,Stadtwerke Heilbronn GmbH,,2.5,16.0,0,,yes,https://www.stadtwerke-heilbronn.de/swh/parken-und-laden/parken/,EUR,"jede angefangene Stunde 2,50 EUR; Tageshoechstsatz 16,00 EUR; Badegaeste Soleo 2,50 EUR for the swim plus 2 h; open 24/7; GOLDBECK Parking unit 7259 additionally lists Abendpauschale 18:00-06:00 Uhr 4,00 EUR",,
mobidata-bw-heilbronn-heilbronn-klinik-am-gesundbrunnen-p4,"Heilbronn, Klinik am Gesundbrunnen P4",Heilbronn,257,Klinik am Gesundbrunnen,Heilbronn,eur,GOLDBECK Parking / SLK-Kliniken Heilbronn,,1.5,9.0,0,,yes,https://www.slk-kliniken.de/aufenthalt-service/klinikum-am-gesundbrunnen/anfahrt-parken,EUR,"site-wide tariff published for all parking at Klinikum am Gesundbrunnen (P1-P4 are not priced individually); first 20 min free; 1,50 EUR per started hour thereafter; Tageshoechstsatz 9,00 EUR; corroborated by GOLDBECK Parking unit 7211",,
mobidata-bw-heilbronn-heilbronn-klinik-am-gesundbrunnen-p3,"Heilbronn, Klinik am Gesundbrunnen P3",Heilbronn,191,Klinik am Gesundbrunnen,Heilbronn,eur,GOLDBECK Parking / SLK-Kliniken Heilbronn,,1.5,9.0,0,,yes,https://www.slk-kliniken.de/aufenthalt-service/klinikum-am-gesundbrunnen/anfahrt-parken,EUR,"site-wide tariff published for all parking at Klinikum am Gesundbrunnen (P1-P4 are not priced individually); first 20 min free; 1,50 EUR per started hour thereafter; Tageshoechstsatz 9,00 EUR; corroborated by GOLDBECK Parking unit 7211",,
mobidata-bw-heilbronn-heilbronn-lohtorstrasse,"Heilbronn, Lohtorstraße",Heilbronn,78,Parkplatz Lohtorstraße,Heilbronn,eur,Stadtwerke Heilbronn GmbH (managed by GOLDBECK Parking),,3.0,16.0,0,,yes,https://www.stadtwerke-heilbronn.de/swh/parken-und-laden/parken/,EUR,"jede angefangene Stunde 3,00 EUR; Tageshoechstsatz 16,00 EUR; open 24/7; licence-plate instead of ticket; same figures on GOLDBECK Parking unit 7225",,
mobilitaet-jena-Goethe-Galerie,Goethe Galerie,Jena,523,Goethe Galerie,Jena,eur,APCOA,,1.5,20.0,0,,yes,https://mobilitaet.jena.de/de/goethe-galerie,EUR,"City portal: '1 Std.: 1,50 EUR (bis 2 Std.), danach 1 Std.: 2,00 EUR', Tageshoechsttarif 20,00 EUR, 'Gebuehrenpflichtig auch ausserhalb der regulaeren Zeiten', free parking 18:00-20:00; marginal 2nd hour = 1,50; cross-checked on operator page apcoa.de/einmal-parken/standorte/jena/goethe-galerie: 'Die erste Stunde 1,50 EUR, Die zweite Stunde 1,50 EUR, Jede weitere angefangene Stunde 2,00 EUR, Tagesmax.: 20,00 EUR'; address Ernst-Abbe-Strasse 15",,
mobilitaet-jena-Eichplatz,Eichplatz,Jena,300,Eichplatz,Jena,eur,Stadt Jena,,3.0,,0,,yes,https://mobilitaet.jena.de/de/eichplatz,EUR,"15 Min.: 0,75 EUR = 3,00/h; no daily maximum published; charged Mo-Fr 07:00-20:00 and Sa 07:00-16:00 only, free on holidays and outside those hours; Hoechstparkdauer 2 h (4 h for EVs), E-vehicles free; Parkzone 77002; address Eichplatz / Kollegiengasse",,
mobilitaet-jena-Krautgasse,Krautgasse,Jena,200,Tiefgarage Krautgasse,Jena,eur,Contipark,,2.5,20.0,0,,yes,https://mobilitaet.jena.de/de/krautgasse,EUR,"City portal: '1 Std.: 2,50 EUR', Tageshoechsttarif 20,00 EUR, P Card tariff 'Je angefangene Stunde 2,00 EUR, Tageshoechstsatz 12,00 EUR'; cross-checked on operator page contipark.de/de/parken/jena/tiefgarage-krautgasse/: 'je angefangene Stunde 2,50 EUR, Hoechstsatz (0 - 24 Uhr) 20,00 EUR'; note the two sources give different capacities (200 vs 370 spaces)",,
mobilitaet-jena-Neue-Mitte,Neue Mitte,Jena,165,Neue Mitte,Jena,eur,not stated on source page,,1.0,,0,,yes,https://mobilitaet.jena.de/de/neue-mitte,EUR,"'30 Min.: 0,50 EUR (bis 2 Std.), danach 30 Min.: 1,00 EUR' -> 1,00/h for the first 2 h (marginal 2nd hour 1,00), 2,00/h thereafter; no Tageshoechsttarif published on the page, so daily_cap left blank; open 00:00-24:00; address Neue Mitte, Kollegiengasse",,
mobilitaet-jena-Seidelparkplatz,Seidelparkplatz,Jena,161,Seidelparkplatz,Jena,eur,Stadt Jena,,1.5,4.5,0,,yes,https://mobilitaet.jena.de/de/seidelparkplatz,EUR,"30 Min.: 0,75 EUR = 1,50/h; Tageshoechsttarif 4,50 EUR; charged Mo-Fr 07:00-20:00 and Sa 07:00-16:00 only, free on holidays and outside those hours, so 4,50 bounds a full-day stay; Hoechstparkdauer 13 h, so a true 24h continuous stay is not permitted; Parkzone 77005; the city parking page also names it as a commuter/day-ticket car park at max 4,50 EUR/day under the Parkgebuehrenordnung; address Seidelstrasse",,
mobilitaet-jena-Holzmarkt,Holzmarkt,Jena,120,Holzmarkt,Jena,eur,not stated on source page,,2.0,12.0,0,,yes,https://mobilitaet.jena.de/de/holzmarkt,EUR,"'1 Std.: 2,00 EUR'; Tageshoechsttarif 12,00 EUR; 'Gebuehrenpflichtig auch ausserhalb der regulaeren Zeiten'; page warns 'Bitte beachte die Preise laut Displayanzeige/Ticketaufdruck'; open So-Do 06:30-23:30, Fr-Sa 06:30-02:00; address Holzmarkt Grietgasse 2",,
mobilitaet-jena-Windberg,Windberg,Jena,75,Windberg,Jena,eur,not stated on source page,,,2.5,0,,yes,https://mobilitaet.jena.de/de/windberg,EUR,"ONLY a daily maximum is published: Tageshoechsttarif 2,50 EUR; no hourly rate shown, so hourly_rate deliberately left blank; 'Im Preis ist ein Gutschein fuer das Restaurant enthalten'; hikers' car park at the Fuchsturm, open 00:00-24:00; address Fuchsturm, 07749 Jena",,
mobilitaet-jena-City-Carree,City Carree,Jena,40,City Carree,Jena,eur,not stated on source page,,2.0,12.0,0,,yes,https://mobilitaet.jena.de/de/city-carree,EUR,"'30 Min.: 1,00 EUR' = 2,00/h; Tageshoechsttarif 12,00 EUR; 'Gebuehrenpflichtig auch ausserhalb der regulaeren Zeiten'; open Mo-Fr 08:00-20:00, Sa 09:00-18:00; address Loebderstrasse 2",,
mobilitaet-jena-Haeckelplatz,Haeckelplatz,Jena,32,Haeckelplatz,Jena,eur,Stadt Jena,,3.0,,0,,yes,https://mobilitaet.jena.de/de/haeckelplatz,EUR,"15 Min.: 0,75 EUR = 3,00/h; no daily maximum published; charged Mo-Fr 07:00-20:00 and Sa 07:00-16:00 only, free on holidays and outside those hours; Hoechstparkdauer 13 h; Parkzone 77001; address Ernst-Haeckel-Strasse",,
karlsruhe-parken-Schlossplatz,Schlossplatz,Karlsruhe,912,Parkgarage Schlossplatz,Karlsruhe,eur,PBW Parkraumgesellschaft Baden-Wuerttemberg mbH,,2.0,10.0,0,,yes,https://www.pbw.de/parken/detail/104,EUR,"je angefangene Stunde 2,00 EUR; Tageshoechstsatz 10,00 EUR; Abendtarif Mon-Sat 17:00-06:00 max 5,00 EUR; Sun/holiday tariff max 5,00 EUR; open 24/7",,
karlsruhe-parken-Ettlinger-Tor,Ettlinger Tor,Karlsruhe,843,Parkhaus Ettlinger Tor,Karlsruhe,eur,Ettlinger Tor Center Management (POLLUX Grundstuecksgesellschaft mbH & Co.),,2.0,16.0,0,,yes,https://www.ettlinger-tor.de/service/anfahrt/parken/parken/,EUR,"1. Stunde 1,50 EUR, 2. Stunde +2,00 EUR (marginal rate used), jede weitere angefangene Stunde +2,00 EUR; Tagesmax. 16,00 EUR - garage only open Mon-Sat 08:00-20:00 (exit to 20:30), so this is the maximum for an operating day, not a 24 h cap",,
karlsruhe-parken-Kronenplatz,Kronenplatz,Karlsruhe,629,Parkhaus Kronenplatz,Karlsruhe,eur,Karlsruher Faecher GmbH,,1.0,7.5,0,,yes,https://parken-in-karlsruhe.de/parkhaus/parkhaus-kronenplatz/,EUR,"je angefangene 60 min 1,00 EUR; 24 h max 7,50 EUR; jede weiteren angefangenen 24 h 7,50 EUR; licence-plate free-flow (Autopay), no cash",,
karlsruhe-parken-Mendelssohnplatz-Scheck-In,Mendelssohnplatz (Scheck-In),Karlsruhe,417,Scheck-in Center Karlsruhe (Parkhaus/Tiefgarage),Karlsruhe,eur,Scheck-In Center Karlsruhe,,1.5,,0,,yes,https://www.scheck-in-center.de/maerkte/karlsruhe/,EUR,"shopper validation: 2 Stunden kostenlos bei einem Einkauf im Scheck-in Center, jede weitere angefangene Stunde 1,50 EUR (marginal rate used); no daily maximum published",,
karlsruhe-parken-Passagehof,Passagehof,Karlsruhe,392,Parkhaus PASSAGEHOF,Karlsruhe,eur,Christoph Bergmann GmbH & Co. KG,,2.5,25.0,0,,yes,https://www.parkhaus-passagehof.de/,EUR,"erste angefangene Stunde 2,50 EUR, jede weitere angefangene Stunde ebenfalls 2,50 EUR; Tageshoechstpreis 25,00 EUR; open 24/7; address Waldstraße 14-18, entrance Passagehof 11",,
parken-mannheim-Hauptbahnhof-P5-Parkhaus,"Hauptbahnhof P5, Parkhaus",Mannheim,584,"Hauptbahnhof P5, Parkhaus",Mannheim,eur,Mannheimer Parkhausbetriebe GmbH,,2.0,,0,,yes,https://parken-mannheim.de/parking/hauptbahnhof-p5/,EUR,"first 15 min free; flat EUR 2.00/h for hours 1-6, EUR 1.50/h hours 7-9, EUR 1.00/h hours 10-40; no 24h cap published",yes,
parken-mannheim-Kunsthalle-Tiefgarage,"Kunsthalle, Tiefgarage",Mannheim,406,"Kunsthalle, Tiefgarage",Mannheim,eur,Mannheimer Parkhausbetriebe GmbH,,3.0,,0,,yes,https://parken-mannheim.de/parking/kunsthalle-tiefgarage/,EUR,first 30 min free; day tariff 6.30-20.00 max EUR 18.00 (not a 24h cap); night 20.00-6.30 EUR 1.00/h max EUR 3.00; separate Guten-Morgen-Tarif,yes,
ffh-parken-mannheim-D3,D3,Mannheim,378,"D3, Tiefgarage",Mannheim,eur,Mannheimer Parkhausbetriebe GmbH,,1.5,,0,,yes,https://parken-mannheim.de/parking/d3/,EUR,day tariff 6.30-20.00 max EUR 8.50 (not a 24h cap); night 20.00-6.30 EUR 1.00/h max EUR 3.00,,
parken-mannheim-D5-Reiss-Museum-Tiefgarage,"D5 Reiss-Engelhorn-Museen, Tiefgarage",Mannheim,365,"D5 Reiss-Engelhorn-Museen, Tiefgarage",Mannheim,eur,Mannheimer Parkhausbetriebe GmbH,,2.0,,0,,yes,https://parken-mannheim.de/parking/d5-reiss-engelhorn-museen/,EUR,first 30 min free; day tariff 6.30-20.00 max EUR 11.50 (not a 24h cap); night 20.00-6.30 max EUR 2.00,yes,
ffh-parken-mannheim-D5-Reiss-Museum,"D5, Reiß-Museum",Mannheim,364,"D5 Reiss-Engelhorn-Museen, Tiefgarage",Mannheim,eur,Mannheimer Parkhausbetriebe GmbH,,2.0,,0,,yes,https://parken-mannheim.de/parking/d5-reiss-engelhorn-museen/,EUR,same garage as parken-mannheim-D5-Reiss-Museum-Tiefgarage; first 30 min free; day tariff max EUR 11.50 to 20.00,,
ffh-parken-mannheim-N1-Stadthaus,N1 Stadthaus,Mannheim,335,"N1/N2 Stadthaus, Parkhaus",Mannheim,eur,Mannheimer Parkhausbetriebe GmbH,,3.0,,0,,yes,https://parken-mannheim.de/parking/n1-n2-stadthaus-parkhaus/,EUR,one tariff page covers N1 and N2; first 30 min free; day tariff 6.00-21.00 max EUR 18.00 (not a 24h cap); night 21.00-6.00 EUR 1.00/h max EUR 3.00,,
ffh-parken-mannheim-G1-Marktplatz,G1 Marktplatz,Mannheim,334,"G1 Marktplatz, Tiefgarage",Mannheim,eur,Mannheimer Parkhausbetriebe GmbH,,3.0,,0,,yes,https://parken-mannheim.de/parking/g1-marktplatz/,EUR,first 30 min free; day tariff 6.00-21.00 max EUR 18.00 (not a 24h cap); night 21.00-6.00 EUR 1.00/h max EUR 3.00,yes,
parken-mannheim-Hauptbahnhof-P1-Tiefgarage,"Hauptbahnhof P1, Tiefgarage",Mannheim,327,"Hauptbahnhof P1, Tiefgarage",Mannheim,eur,Mannheimer Parkhausbetriebe GmbH,,2.5,,0,,yes,https://parken-mannheim.de/parking/hauptbahnhof-p1/,EUR,"first 15 min free; single Kurzparker tariff, degressive: hours 4-10 +EUR 2.00/h, 11-40 +EUR 1.50/h, 41+ EUR 1.00/h; no 24h cap published",yes,
parken-mannheim-Hauptbahnhof-P2-Parkhaus,"Hauptbahnhof P2, Parkhaus (Busbahnhof ZOB)",Mannheim,326,"Hauptbahnhof P2, Parkhaus (Busbahnhof ZOB)",Mannheim,eur,Mannheimer Parkhausbetriebe GmbH,,2.0,,0,,yes,https://parken-mannheim.de/parking/hauptbahnhof-p2-parkhaus-busbahnhof-zob/,EUR,first 15 min free; degressive after 3 h; separate much higher bus tariff for the ZOB; no 24h car cap published,yes,
ffh-parken-mannheim-Hbf-P1,Hbf P1,Mannheim,325,"Hauptbahnhof P1, Tiefgarage",Mannheim,eur,Mannheimer Parkhausbetriebe GmbH,,2.5,,0,,yes,https://parken-mannheim.de/parking/hauptbahnhof-p1/,EUR,same garage as parken-mannheim-Hauptbahnhof-P1-Tiefgarage; first 15 min free; degressive after 3 h; no 24h cap,,
ffh-parken-mannheim-Hbf-P2,Hbf P2,Mannheim,325,"Hauptbahnhof P2, Parkhaus (Busbahnhof ZOB)",Mannheim,eur,Mannheimer Parkhausbetriebe GmbH,,2.0,,0,,yes,https://parken-mannheim.de/parking/hauptbahnhof-p2-parkhaus-busbahnhof-zob/,EUR,same garage as parken-mannheim-Hauptbahnhof-P2-Parkhaus; first 15 min free; degressive after 3 h; no 24h cap,,
ffh-parken-mannheim-N6-Standard-Holiday-Inn,"N6 Standard, Holiday Inn",Mannheim,291,"N6 Standard, Parkhaus",Mannheim,eur,Mannheimer Parkhausbetriebe GmbH,,3.0,,0,,yes,https://parken-mannheim.de/parking/n6-standard-parkhaus/,EUR,first 30 min free; day tariff 6.00-21.00 max EUR 18.00 (not a 24h cap); night 21.00-6.00 EUR 1.00/h max EUR 3.00,yes,
ffh-parken-mannheim-N2-Stadthaus,N2 Stadthaus,Mannheim,260,"N1/N2 Stadthaus, Parkhaus",Mannheim,eur,Mannheimer Parkhausbetriebe GmbH,,3.0,,0,,yes,https://parken-mannheim.de/parking/n1-n2-stadthaus-parkhaus/,EUR,one tariff page covers N1 and N2; first 30 min free; day tariff 6.00-21.00 max EUR 18.00 (not a 24h cap); night 21.00-6.00 EUR 1.00/h max EUR 3.00,,
ffh-parken-mannheim-Hbf-P3,Hbf P3,Mannheim,222,"Hauptbahnhof P3, Parkhaus",Mannheim,eur,Mannheimer Parkhausbetriebe GmbH,,2.0,,0,,yes,https://parken-mannheim.de/parking/hauptbahnhof-p3/,EUR,"30 min EUR 0.50; EUR 1.30/h for hours 4-5, then +EUR 0.60/h from the 6th hour; no 24h cap published",,
ffh-parken-mannheim-N6-Komfort,N6 Komfort,Mannheim,210,"N6 Komfort, Parkhaus",Mannheim,eur,Mannheimer Parkhausbetriebe GmbH,,3.0,,0,,yes,https://parken-mannheim.de/parking/n6-komfort-parkhaus/,EUR,first 30 min free; day tariff 6.00-21.00 max EUR 18.00 (not a 24h cap); night 21.00-6.00 EUR 1.00/h max EUR 3.00,yes,
ffh-parken-mannheim-U2,U2,Mannheim,190,"U2, Tiefgarage",Mannheim,eur,Mannheimer Parkhausbetriebe GmbH,,2.0,,0,,yes,https://parken-mannheim.de/parking/u2-tiefgarage/,EUR,first 30 min free; day tariff 6.30-20.00 max EUR 11.00 (not a 24h cap); night 20.00-6.30 max EUR 2.50,yes,
stadt-muenster-parken-Parkhaus-Aegidii,Parkhaus Aegidii,Münster,750,Parkhaus Aegidiimarkt,Münster,eur,Westfaelische Bauindustrie GmbH (WBI),,2.5,20.0,0,,yes,https://www.wbi-muenster.de/parken-in-muenster/uebersicht.php,EUR,"1st hour 3,00 EUR, each further started hour 2,50 EUR (marginal used, 2026 tariff); evening tariff 20:00-08:00 1,00 EUR per started hour with separate evening maximum 5,00 EUR; Aegidiimarkt 1-7; page's out-of-hours pickup note still quotes an older Tageshoechstsatz of 18 EUR",,
stadt-muenster-parken-Parkhaus-Theater,Parkhaus Theater,Münster,743,Parkhaus Theater,Münster,eur,Westfaelische Bauindustrie GmbH (WBI),,2.5,20.0,0,,yes,https://www.wbi-muenster.de/parken-in-muenster/uebersicht.php,EUR,"1st hour 3,00 EUR, each further started hour 2,50 EUR (marginal used); evening tariff 20:00-08:00 1,00 EUR/h, evening maximum 5,00 EUR; separate Theatertarif exists but is only posted inside Theater Muenster; Tibusstrasse 18",,
stadt-muenster-parken-Parkhaus-Engelenschanze,Parkhaus Engelenschanze,Münster,460,Parkhaus Engelenschanze,Münster,eur,Westfaelische Bauindustrie GmbH (WBI),,2.5,20.0,0,,yes,https://www.wbi-muenster.de/parken-in-muenster/uebersicht.php,EUR,"1st hour 3,00 EUR, each further started hour 2,50 EUR (marginal used); evening tariff 20:00-08:00 1,00 EUR/h, evening maximum 5,00 EUR; Engelstrasse 49",,
stadt-muenster-parken-Parkhaus-Alter-Steinweg,Parkhaus Alter Steinweg,Münster,371,Parkhaus Alter Steinweg,Münster,eur,Westfaelische Bauindustrie GmbH (WBI),,2.5,20.0,0,,yes,https://www.wbi-muenster.de/parken-in-muenster/uebersicht.php,EUR,"1st hour 3,00 EUR, each further started hour 2,50 EUR (marginal used); evening tariff 20:00-08:00 1,00 EUR/h, evening maximum 5,00 EUR; open 24h; Alter Steinweg 21",,
stadt-muenster-parken-Tiefgarage-Hafenmarkt,Tiefgarage Hafenmarkt,Münster,350,Parkhaus + Parkplatz Hafenmarkt,Münster,eur,Westfaelische Bauindustrie GmbH (WBI),,2.0,20.0,0,,yes,https://www.wbi-muenster.de/parken-in-muenster/uebersicht.php,EUR,"First two hours free ('Ersten zwei Stunden kostenfrei'), then 2,00 EUR per further started hour - 2,00 used as the standing hourly rate because the strict 2nd-hour marginal rate is 0; WBI publishes ONE tariff for the combined Parkhaus + Parkplatz Hafenmarkt, Hansaring 52 (350 + 103 spaces); no evening tariff listed",yes,
stadt-muenster-parken-Parkhaus-Bahnhofstrasse,Parkhaus Bahnhofstraße,Münster,320,Parkhaus Bahnhofstrasse,Münster,eur,Westfaelische Bauindustrie GmbH (WBI),,2.5,20.0,0,,yes,https://www.wbi-muenster.de/parken-in-muenster/uebersicht.php,EUR,"Up to 30 min 2,00 EUR; 1st hour 3,00 EUR; each further started hour 2,50 EUR (marginal used); evening tariff 20:00-08:00 1,00 EUR/h, evening maximum 5,00 EUR; von Steuben Str. 9; open 24h",,
stadt-muenster-parken-Parkhaus-Stubengasse,Parkhaus Stubengasse,Münster,300,Parkhaus Stubengasse,Münster,eur,Westfaelische Bauindustrie GmbH (WBI),,2.5,20.0,0,,yes,https://www.wbi-muenster.de/parken-in-muenster/uebersicht.php,EUR,"1st hour 3,00 EUR, each further started hour 2,50 EUR (marginal used); no evening tariff listed for this garage; entrance Loerstrasse 16",,
stadt-muenster-parken-Parkhaus-Bremer-Platz,Parkhaus Bremer Platz,Münster,180,Parkhaus Bremer Platz,Münster,eur,Westfaelische Bauindustrie GmbH (WBI),,2.5,20.0,0,,yes,https://www.wbi-muenster.de/parken-in-muenster/uebersicht.php,EUR,"Up to 30 min 2,00 EUR; 1st hour 3,00 EUR; each further started hour 2,50 EUR (marginal used); evening tariff 20:00-08:00 1,00 EUR/h, evening maximum 5,00 EUR; Bremer Platz 44; open 24h",,
stadt-muenster-parken-Parkhaus-Munster-Arkaden,Parkhaus Münster-Arkaden,Münster,166,Parkhaus Muenster Arkaden,Münster,eur,Westfaelische Bauindustrie GmbH (WBI),,2.5,20.0,0,,yes,https://www.wbi-muenster.de/parken-in-muenster/uebersicht.php,EUR,"1st hour 3,00 EUR, each further started hour 2,50 EUR (marginal used); no evening tariff listed for this garage; entrance Koenigsstr. 9; page's out-of-hours pickup note still quotes an older Tageshoechstsatz of 18 EUR",,
stadt-muenster-parken-Parkplatz-Hafenmarkt,Parkplatz Hafenmarkt,Münster,103,Parkhaus + Parkplatz Hafenmarkt,Münster,eur,Westfaelische Bauindustrie GmbH (WBI),,2.0,20.0,0,,yes,https://www.wbi-muenster.de/parken-in-muenster/uebersicht.php,EUR,"Same single published tariff block as the Hafenmarkt Parkhaus: first two hours free, then 2,00 EUR per further started hour, Tageshoechstsatz 20,00 EUR; Hansaring 52; WBI does not price the surface Parkplatz separately",,
tiefbauamt-nuernberg-parken-Hauptmarkt,Hauptmarkt,Nürnberg,525,Parkhaus Hauptmarkt,Nürnberg,eur,Parkhaus Service Nuernberg GmbH (PSN),,2.0,20.0,0,,yes,https://www.parkhaus-nuernberg.de/parkhaeuser/parkhaus-hauptmarkt/,EUR,"Flat 'Tages- und Nacht-Tarif' 2,00 EUR per started hour, no first-hour premium; cap is 'Tageshoechstgebuehr fuer 24 Stunden ab Einfahrt'; Augustinerstrasse 4; 10 min exit grace period",,
tiefbauamt-nuernberg-parken-Hauptbahnhof,Hauptbahnhof,Nürnberg,486,Hauptbahnhof (Nuernberg Hbf),Nürnberg,eur,COLOGNE Parkhaus Service GmbH (marketed via DB BahnPark),,2.0,22.0,0,,yes,https://parkenambahnhof.de/wp-json/dbbp/v1/map/spaces/101533,EUR,"First hour 3,00 EUR, each additional hour 2,00 EUR; 24h cap 22,00 EUR Mo-Fr but only 10,00 EUR Sa-So (weekend rate lower); 30 min 1,50 EUR; Bahnhofsplatz 5, 486 spaces matches city parkleitsystem capacity; tariff published by DB BahnPark's own facility data service",,
tiefbauamt-nuernberg-parken-Sterntor,Sterntor,Nürnberg,476,Parkhaus Sterntor,Nürnberg,eur,Parkhaus Service Nuernberg GmbH (PSN),,2.0,20.0,0,,yes,https://www.parkhaus-nuernberg.de/parkhaeuser/parkhaus-sterntor/,EUR,"Flat 2,00 EUR per started hour day and night; Theater-Tarif 4,00 EUR with valid theatre ticket, valid up to 8h after performance start; Grasersgasse 25",,
tiefbauamt-nuernberg-parken-Jakobsmarkt,Jakobsmarkt,Nürnberg,452,Parkhaus Jakobsmarkt,Nürnberg,eur,Parkhaus Service Nuernberg GmbH (PSN),,2.0,20.0,0,,yes,https://www.parkhaus-nuernberg.de/parkhaeuser/parkhaus-jakobsmarkt/,EUR,"Flat 2,00 EUR per started hour day and night; Zirkelschmiedsgasse 9",,
tiefbauamt-nuernberg-parken-Parkhaus-Wohrl,Parkhaus Wöhrl,Nürnberg,441,Parkhaus Nuernberg City (Tiefgarage WOEHRL/Media Markt),Nürnberg,eur,DACA Parkhausverwaltungs GmbH,,2.0,20.0,0,,yes,https://daca-parkhausverwaltung.de/parkhaeuser/nuernberg-city.html,EUR,"Mo-Sa 08:00-21:00: first started hour 2,00 EUR, each further started half hour 1,00 EUR (= 2,00 EUR/h marginal); night 21:00-08:00 and Sundays/holidays 1,00 EUR per started hour (night rate, weekend rate lower); Karl-Grillenberger-Str. 1b, 441 spaces matches city parkleitsystem capacity",,
tiefbauamt-nuernberg-parken-Katharinenhof,Katharinenhof,Nürnberg,370,Parkhaus Katharinenhof,Nürnberg,eur,Parkhaus Service Nuernberg GmbH (PSN),,2.0,20.0,0,,yes,https://www.parkhaus-nuernberg.de/parkhaeuser/parkhaus-katharinenhof/,EUR,"Flat 2,00 EUR per started hour day and night; Katharinengasse 14",,
tiefbauamt-nuernberg-parken-Adlerstrasse,Adlerstraße,Nürnberg,260,Adlerparkhaus Nuernberg,Nürnberg,eur,Parkhaus Adlerstrasse GmbH (Adlerparkhaus),,2.0,30.0,0,,yes,https://www.phadler.de/gebuehren/,EUR,"24/7 standard: first started hour 3,00 EUR, each further started half hour 1,00 EUR (= 2,00 EUR/h marginal); cap 'Jeweils 24 Stunden maximal EUR 30,00'; weekday night 21:00-07:30 first hour 2,00 EUR then 1,00 EUR/30 min; Sundays/holidays first hour 2,00 EUR then 1,50 EUR/h (night rate, weekend rate lower)",,
tiefbauamt-nuernberg-parken-Sebalder-Hofe,Sebalder Höfe,Nürnberg,250,Parkhaus Sebalder Hoefe,Nürnberg,eur,Parkhaus Service Nuernberg GmbH (PSN),,2.0,12.0,0,,yes,https://www.parkhaus-nuernberg.de/parkhaeuser/parkhaus-sebalder-hoefe/,EUR,"Flat 2,00 EUR per started hour day and night; shopper validation: REWE/Penny customers free up to 90 minutes, 2,00 EUR per started hour from the 91st minute; Laufertormauer",,
tiefbauamt-nuernberg-parken-Findelgasse,Findelgasse,Nürnberg,146,Tiefgarage Findelgasse,Nürnberg,eur,Parkhaus Service Nuernberg GmbH (PSN),,2.0,18.0,0,,yes,https://www.parkhaus-nuernberg.de/parkhaeuser/tiefgarage-findelgasse/,EUR,"Day tariff 06:00-20:00: 1st hour 2,50 EUR, each further hour 2,00 EUR (marginal used); night tariff 20:00-06:00 1,80 EUR per hour (night rate differs); Findelgasse 4",,
tiefbauamt-nuernberg-parken-Hans-Sachs-Platz,Hans-Sachs-Platz,Nürnberg,65,Tiefgarage Hans-Sachs-Platz,Nürnberg,eur,Parkhaus Service Nuernberg GmbH (PSN),,2.0,20.0,0,,yes,https://www.parkhaus-nuernberg.de/parkhaeuser/tiefgarage-hans-sachs-platz/,EUR,"Day and night tariff: 1st hour 2,50 EUR, each further hour 2,00 EUR (marginal used); Hans-Sachs-Platz 1",,
salzburg-live-22154,Mirabell,Salzburg,700,Parkplatz Mirabell-Congress-Garage,Salzburg,eur,Contipark,,4.5,40.0,0,,yes,https://www.mein-contipark.at/parkplatz-finden/parken-in-salzburg/parkplatz-mirabell-congress-garage-salzburg--ci3cp112518669,EUR,"je angefangene 20 Minuten EUR 1,50 = 4,50/h for the first 3 h; from the 4th started hour EUR 5,00/h; Pcard tariff lower (1,00/20 min; 24h max 8,00); vehicles over 2,50 m height 2,80/20 min and 24h max 50,00; source page address is Schrannengasse 2-4 (inventory lists Mirabellplatz 5b) - same facility, different entrance",,
salzburg-live-29378,Altstadtgarage B,Salzburg,680,Tiefgarage Altstadtgarage B,Salzburg,eur,Contipark,,3.6,25.9,0,,yes,https://www.mein-contipark.at/parkplatz-finden/parken-in-salzburg/tiefgarage-altstadtgarage-b-salzburg--ci3cp112518733,EUR,"je angefangene 10 Minuten EUR 0,60 = 3,60/h; 4th and each further started hour 3,60; Pcard 0,50/10 min with 24h max 10,60; Altstadt shopper validation ('Lochtarif') caps: 3 h 4,70 / 6 h 7,00 / 8 h 8,50; published tariff identical to Altstadtgarage A but read from the B page only",,
salzburg-live-22101,Altstadtgarage A,Salzburg,618,Tiefgarage Altstadtgarage A,Salzburg,eur,Contipark,,3.6,25.9,0,,yes,https://www.mein-contipark.at/parkplatz-finden/parken-in-salzburg/tiefgarage-altstadtgarage-a-salzburg--ci3cp112518681,EUR,"je angefangene 10 Minuten EUR 0,60 = 3,60/h; 4th and each further started hour 3,60; Pcard 0,50/10 min with 24h max 10,60; Altstadt shopper validation ('Lochtarif') caps: 3 h 4,70 / 6 h 7,00 / 8 h 8,50; address on page Hildmannplatz 1",,
salzburg-live-29338,Tiergarten Hellbrunn,Salzburg,464,Parkplatz Zoo Salzburg Hellbrunn,Salzburg,eur,Contipark,,1.0,10.0,0,,yes,https://www.contipark.at/de/parken/salzburg/parkplatz-zoo-salzburg-hellbrunn/,EUR,"first 30 min free; 'bis 2 Stunden EUR 2,00' then 'je weitere angefangene Stunde EUR 1,00' - marginal hourly beyond the 2 h bracket is 1,00; address on page Hellbrunner Strasse 60, 5081 Salzburg (zoo/Hellbrunn car park); the old contipark.at/de/find-parking/ hint URL is a 404, this is the live page",yes,
salzburg-live-22153,Linzergassengarage (Kapuzinerberg),Salzburg,400,Parkgarage Linzer Gasse,Salzburg,eur,Best in Parking,,3.8,28.9,0,,yes,https://www.salzburg.info/de/reiseinfos/salzburg-a-z/parkgarage-linzer-gasse_az_8121,EUR,"Je begonnene Stunde EUR 3,80; Tagesmaximum je Tag EUR 28,90 (Stand 07/2026); -10% Altstadt shopper card available in Rechte Altstadt shops; cross-checked on the operator's own page bestinparking.com/de/at/garage/parkgarage-linzer-gasse which states 0-1 Stunde 3,80, jede weitere begonnene Stunde 3,80, Tageshoechsttarif/24 Stunden 28,90 and a Bmove evening flat rate 6,00 (18:00-00:00)",,
salzburg-live-22156,Müllner Parkplatz,Salzburg,340,Parkplatz Muelln - Augustiner Braeu,Salzburg,eur,Augustiner Brau Muelln,,2.0,16.0,0,,yes,https://www.salzburg.info/de/reiseinfos/salzburg-a-z/parkplatz-muelln-augustiner-braeu_az_16595,EUR,"Je 30 Min. EUR 1,00 = 2,00/h; Hoechstsatz (24 Stunden) EUR 16,00 (Stand 01/2026); vehicles over 2,20 m: 2,00/30 min and 24h max 40,00; guests of the Braeustuebl park free in the front section (Parkplatz 2) after ticket validation at the Schankkassa; address Lindhofstrasse 7",,
salzburg-live-22159,Park & Ride Süd,Salzburg,310,Parkplatz P+R Alpenstrasse Sued,Salzburg,eur,Contipark,,1.0,6.0,0,,yes,https://www.salzburg.info/de/reiseinfos/anreise-verkehr/auto/parken/salzburg-sued,EUR,"Regulaere Parkplatzgebuehr Pkw: Je angefangene Stunde EUR 1,00; Hoechstsatz (24 Stunden) EUR 6,00 (Stand 04/2026); P+R Kombiticket EUR 15,00 (July/August 7,50) = 24h parking plus a Zone S public-transport day ticket for up to 5 people; bus tariff 20,00/h and 90,00/day; cross-checked on contipark.at/de/parken/salzburg/parkplatz-pr-alpenstrasse-sued/ (same 1,00/h, 6,00/24h, Kombiticket 15,00), address Alpenstrasse 159",,
salzburg-live-22162,WIFI-Garage,Salzburg,273,Tiefgarage Wifigarage,Salzburg,eur,Contipark,,3.2,26.0,0,,yes,https://www.mein-contipark.at/parkplatz-finden/parken-in-salzburg/tiefgarage-wifigarage-salzburg--ci3cp112518784,EUR,"je angefangene Stunde EUR 3,20; Hoechstsatz (24 Stunden) EUR 26,00; not open 24h - Mo-Do 07:00-22:15, Fr 07:00-20:00, Sa 07:00-13:00, so the 24h cap is nominal; address Julius-Raab-Platz",,
salzburg-live-22051,Akademiestrasse,Salzburg,160,Parkplatz Akademieplatz,Salzburg,eur,Contipark,,2.4,21.0,0,,yes,https://www.mein-contipark.at/parkplatz-finden/parken-in-salzburg/parkplatz-akademieplatz-salzburg--ci3cp112520224,EUR,"erste 5 Minuten kostenlos; 6-20 Minuten EUR 0,80; je weitere angefangene 20 Minuten EUR 0,80 = 2,40/h; from the 4th started hour 2,80/h; Hoechstsatz (24 Stunden) 21,00; evening tariff (entry from 16:00, exit by 06:00 next day) capped at 7,50; regular and Pcard tariff are the same here; page says 'Akademieplatz in der Akademiestrasse'",,
salzburg-live-22163,Bahnhofsgarage,Salzburg,126,Tiefgarage Bahnhofsgarage,Salzburg,eur,Contipark,,2.4,18.6,0,,yes,https://www.mein-contipark.at/parkplatz-finden/parken-in-salzburg/tiefgarage-bahnhofsgarage-salzburg--ci3cp112518932,EUR,"1-20 Minuten kostenlos; 21-30 Minuten EUR 1,20; 31-60 Minuten EUR 1,20; je weitere angefangene Stunde EUR 2,40 -> marginal 2nd hour = 2,40; Hoechstsatz (24 Stunden) 18,60; night tariff cap 6,40 on entry from 20:00; rail-customer tariff 24h max 12,80 with a validated OeBB/DB ticket; address Suedtirolerplatz 1",,
salzburg-live-21952,Auersperg-Garage (Sheraton),Salzburg,89,Auersperg - Salzburg | APCOA,Salzburg,eur,APCOA,,3.0,30.0,0,,yes,https://www.apcoa.at/kurzparken/standorte/salzburg/auersperg-salzburg-apcoa,EUR,"Die erste angefangene Stunde: 3 EUR; Jede weitere angefangene Stunde: 3 EUR; Tagesmaximum (Hoechsttarife je 24 Stunden): 30,00 EUR; address Auerspergstrasse 4, page notes it is next to the Sheraton Grand Hotel Salzburg",,
salzburg-live-22157,Petersbrunnhof,Salzburg,67,Parkplatz Petersbrunnhof,Salzburg,eur,Contipark,,2.4,23.0,0,,yes,https://www.mein-contipark.at/parkplatz-finden/parken-in-salzburg/parkplatz-petersbrunnhof-salzburg--ci3cp112520262,EUR,"je angefangene 20 Minuten EUR 0,80 = 2,40/h; from the 4th started hour 2,90/h; Hoechstsatz (24 Stunden) 23,00; evening tariff (entry from 16:00, exit by 06:00 next day) capped at 8,50; address on page Petersbrunnstrasse, 5020 Salzburg",,
zuerich-live-ph018,Universität Irchel,Zürich,755,Parkhaus Uni Irchel,Zürich,chf,Universität Zürich-Irchel,,3.0,,0,,yes,https://www.pls-zh.ch/parkhaus/uni_irchel.jsp?pid=uni_irchel,CHF,"flat 24/7 tariff: first hour CHF 3.50, each further hour CHF 3.00; no daily cap published",,
zuerich-live-ph058,City Parking,Zürich,607,Parkhaus City Parking,Zürich,chf,City Parkhaus AG,,4.0,,0,,yes,https://www.pls-zh.ch/parkhaus/cp.jsp?pid=cp,CHF,"tariff table published only to 4 h (CHF 16.00), no 24h cap; night 00-07 and Sun/holiday CHF 1.00 per 30 min",,
zuerich-live-ph022,Hohe Promenade,Zürich,480,Parkhaus Hohe Promenade,Zürich,chf,Parking Zürich AG,,5.0,45.0,0,,yes,https://www.pls-zh.ch/parkhaus/promenade.jsp?pid=promenade,CHF,CHF 1 per 12 min after 1st hour (CHF 4); night 22-06 and Sun/holiday CHF 2.00/h,,
zuerich-live-ph024,Urania,Zürich,480,Parkhaus Urania,Zürich,chf,Parking Zürich AG,,5.0,45.0,0,,yes,https://www.pls-zh.ch/parkhaus/urania.jsp?pid=urania,CHF,CHF 1 per 12 min after 1st hour (CHF 4); night 22-06 and Sun/holiday CHF 2.00/h,,
zuerich-live-ph019,Center Eleven,Zürich,377,Parkhaus Center Eleven,Zürich,chf,Apleona HSG AG,,3.0,,0,,yes,https://www.pls-zh.ch/parkhaus/center_11.jsp?pid=center_11,CHF,"table published only to 5 h (CHF 17.00), no 24h cap; night CHF 1.50/h",,
zuerich-live-ph061,Crowne Plaza,Zürich,310,Parkhaus Crowne Plaza,Zürich,chf,Crowne Plaza Zurich,,4.0,,0,,yes,https://www.pls-zh.ch/parkhaus/crowne_plaza.jsp?pid=crowne_plaza,CHF,table to 3 h then +CHF 2.00/h; no 24h cap; Letzigrund event tariff CHF 5.00/h,,
zuerich-live-ph1532,Opéra,Zürich,297,Parkhaus Opéra,Zürich,chf,AMAG Parking AG,,5.0,,0,,yes,https://www.pls-zh.ch/parkhaus/opera.jsp?pid=opera,CHF,flat CHF 5.00/h to 9 h (CHF 45.00); no 24h cap published; separate night tariff 23-06,,
zuerich-live-ph001,Pfingstweid,Zürich,276,Parkhaus Pfingstweid,Zürich,chf,Welti-Furrer Immobilien AG,,4.0,,0,,yes,https://www.pls-zh.ch/parkhaus/pfingstweid.jsp?pid=pfingstweid,CHF,table published only to 12 h (CHF 42.00); no 24h cap,,
zuerich-live-ph050,Park Hyatt,Zürich,267,Parkhaus Park Hyatt,Zürich,chf,Park Hyatt Zürich,,6.0,45.0,0,,yes,https://www.pls-zh.ch/parkhaus/park_hyatt.jsp?pid=park_hyatt,CHF,Tagespauschale CHF 45.00; night 22-06 CHF 2.00/h; hotel guests CHF 45.00 per night,,
zuerich-live-ph049,Bleicherweg,Zürich,258,Parkhaus Bleicherweg,Zürich,chf,AMAG Parking AG,,5.0,,0,,yes,https://www.pls-zh.ch/parkhaus/bleicherweg.jsp?pid=bleicherweg,CHF,table to 10 h (CHF 39.00); no 24h cap; Sun/holiday 10% cheaper; separate night tariff 22-06,,
zuerich-live-ph023,Jelmoli,Zürich,227,Parkhaus Jelmoli,Zürich,chf,Jelmoli AG,,4.0,,0,,yes,https://www.pls-zh.ch/parkhaus/jelmoli.jsp?pid=jelmoli,CHF,table published only to 3 h (CHF 11.00); no 24h cap; night 21-08 CHF 2.00/h,,
zuerich-live-ph033,Stampfenbach,Zürich,215,Parkhaus Stampfenbach,Zürich,chf,Parkhaus Unterstrass AG,,3.5,38.0,0,,yes,https://www.pls-zh.ch/parkhaus/stampfenbach.jsp?pid=stampfenbach,CHF,flat CHF 3.50/h 06-22; night 22-06 CHF 2.00/h; 24h maximum CHF 38.00 day or night,,
zuerich-live-ph060,Accu,Zürich,213,Parkhaus Accu,Zürich,chf,Apleona HSG AG,,3.0,,0,,yes,https://www.pls-zh.ch/parkhaus/accu.jsp?pid=accu,CHF,"table published only to 5 h (CHF 17.00), no 24h cap; night CHF 1.50/h",,
zuerich-live-ph011,Zürichhorn,Zürich,195,Parkhaus Zürichhorn,Zürich,chf,Parking Zürich AG,,3.0,25.0,0,,yes,https://www.pls-zh.ch/parkhaus/zuerichhorn.jsp?pid=zuerichhorn,CHF,24 Std. CHF 25.00; night 21.00-00.30 CHF 1.00/h; Sun/holiday CHF 1.00 per 30 min,,
zuerich-live-ph045,Nordhaus,Zürich,184,Parkhaus Nordhaus,Zürich,chf,EMANUEL Immobilien AG,,2.0,,0,,yes,https://www.pls-zh.ch/parkhaus/nordhaus.jsp?pid=nordhaus,CHF,01:00-20:29 first 2 h CHF 2.00/h then CHF 3.00/h; 20:30-00:59 CHF 6.00/h; no 24h cap,,
zuerich-live-ph006,Hauptbahnhof,Zürich,176,Parkhaus Hauptbahnhof,Zürich,chf,Parking Zürich AG,,5.0,45.0,0,,yes,https://www.pls-zh.ch/parkhaus/hb.jsp?pid=hb,CHF,CHF 1 per 12 min after 1st hour (CHF 4); night 22-06 and Sun/holiday CHF 2.00/h,,
zuerich-live-ph048,Utoquai,Zürich,153,Parkhaus Utoquai,Zürich,chf,AMAG Parking AG,,5.0,,0,,yes,https://www.pls-zh.ch/parkhaus/utoquai.jsp?pid=utoquai,CHF,table to 10 h (CHF 37.00); no 24h cap; Sun/holiday 10% cheaper; separate night tariff 22-06,,
zuerich-live-ph010,Feldegg,Zürich,147,Parkhaus Feldegg,Zürich,chf,Parking Zürich AG,,2.0,40.0,0,,yes,https://www.pls-zh.ch/parkhaus/feldegg.jsp?pid=feldegg,CHF,billed per 15 min; bis 24 Std. CHF 40.00; night 22-06 and Sun/holiday CHF 1.50/h,,
zuerich-live-ph025,Globus,Zürich,139,Parkhaus Globus,Zürich,chf,"Globus, Zürich City",,3.5,,0,,yes,https://www.pls-zh.ch/parkhaus/globus.jsp?pid=globus,CHF,day tariff Mo-Sa 08-20 only; after 5 h CHF 2.00 per 15 min; night/Sunday CHF 2.00/h; no 24h cap,,
zuerich-live-ph021,Jungholz,Zürich,119,Parkhaus Jungholz,Zürich,chf,Apleona HSG AG,,3.0,,0,,yes,https://www.pls-zh.ch/parkhaus/jungholz.jsp?pid=jungholz,CHF,"table published only to 5 h (CHF 17.00), no 24h cap; night CHF 1.50/h",,
zuerich-live-ph051,Octavo,Zürich,113,Parkhaus Octavo,Zürich,chf,Apleona HSG AG,,3.0,,0,,yes,https://www.pls-zh.ch/parkhaus/octavo.jsp?pid=octavo,CHF,"table published only to 5 h (CHF 17.00), no 24h cap; night CHF 1.50/h",,
zuerich-live-ph005,Hardau II,Zürich,111,Parkhaus Hardau II,Zürich,chf,Parking Zürich AG,,2.0,28.0,0,,yes,https://www.pls-zh.ch/parkhaus/hardau.jsp?pid=hardau,CHF,billed per 15 min; bis 24 Std. CHF 28.00; night 22-06 and Sun/holiday CHF 1.00/h,,
zuerich-live-ph042,Talgarten,Zürich,110,Parkhaus Talgarten,Zürich,chf,AMAG Parking AG,,5.0,,0,,yes,https://www.pls-zh.ch/parkhaus/talgarten.jsp?pid=talgarten,CHF,table to 9 h (CHF 40.00); no 24h cap; Sun/holiday 10% cheaper; separate night tariff 22-06,,
zuerich-live-ph1412,Unispital Nord,Zürich,104,Parkhaus USZ Nord,Zürich,chf,Universitätsspital Zürich,,5.0,,0,,yes,https://www.pls-zh.ch/parkhaus/unispital_nord.jsp?pid=unispital_nord,CHF,table to 5 h (CHF 22.00); no 24h cap; night 21-08 CHF 1.00 flat,,
zuerich-live-ph059,Max Bill-Platz,Zürich,98,Parkhaus Max-Bill-Platz,Zürich,chf,Apleona HSG AG,,3.0,,0,,yes,https://www.pls-zh.ch/parkhaus/max_bill_platz.jsp?pid=max_bill_platz,CHF,"table published only to 5 h (CHF 17.00), no 24h cap; night CHF 1.50/h",,
zuerich-live-ph529,Helvetiaplatz,Zürich,66,Parkhaus Helvetiaplatz,Zürich,chf,Parking Zürich AG,,4.0,40.0,0,,yes,https://www.pls-zh.ch/parkhaus/helvetia.jsp?pid=helvetia,CHF,CHF 1 per further 15 min after 1st hour (CHF 4); Tagespauschale CHF 40 for 10-24 h; night 22-06 and Sun/holiday CHF 2.00/h,,
zuerich-live-ph1411,Albisriederplatz,Zürich,65,Parkhaus Albisriederplatz,Zürich,chf,APCOA Switzerland AG,,1.0,,0,,yes,https://www.pls-zh.ch/parkhaus/albisriederplatz.jsp?pid=albisriederplatz,CHF,only a flat CHF 1.00/h is published; no daily cap,,
zuerich-live-ph1533,Puls 5,Zürich,59,Puls 5 Parkgarage,Zürich,chf,SGI Promotion AG c/o Intershop Management AG,,2.5,,0,,yes,https://www.pls-zh.ch/parkhaus/puls5.jsp?pid=puls5,CHF,flat CHF 2.50/h day and night; open 06-24 only; no daily cap,,
zuerich-live-ph043,Dorflinde,Zürich,48,Parkhaus Dorflinde,Zürich,chf,Parking Zürich AG,,2.0,28.0,0,,yes,https://www.pls-zh.ch/parkhaus/dorflinde.jsp?pid=dorflinde,CHF,billed per 15 min; bis 24 Std. CHF 28.00; night 22-06 and Sun/holiday CHF 1.00/h,,
zuerich-live-ph062,Parkside,Zürich,37,Parkhaus Parkside,Zürich,chf,Apleona HSG AG,,3.0,,0,,yes,https://www.pls-zh.ch/parkhaus/parkside.jsp?pid=parkside,CHF,"table published only to 5 h (CHF 17.00), no 24h cap; night CHF 1.50/h",,
bordeaux-metropole-live-pey-berland-saint-christoly,Pey Berland - Saint Christoly,Bordeaux,600,Pey Berland - Saint Christoly,Bordeaux,eur,METPARK / Bordeaux Metropole,,3.2,24.0,0,,yes,https://www.mtpk.fr/parking/parking-pey-berland/,EUR,"0.80 EUR/15 min for the first 3h = 3.20/h (dataset th_heur 3.20, th_2 6.40, so hour 2 is the same); 0.60/15 min = 2.40/h beyond 3h; night forfait 7.00 (20:00-07:00 beyond 2h); cross-checked against the operator page mtpk.fr; operator publishes it as ""Parking Pey Berland"" only - one facility, two historic names",,
bordeaux-metropole-live-paludate-saint-jean,Paludate - Saint Jean,Bordeaux,585,Paludate - Saint Jean,Bordeaux,eur,METPARK / Bordeaux Metropole,,2.8,22.0,0,,yes,https://www.mtpk.fr/parking/parking-saint-jean-paludate/,EUR,"0.70 EUR/15 min for the first 3h = 2.80/h (dataset th_heur 2.80, th_2 5.60); 0.60/15 min = 2.40/h beyond 3h; night forfait 7.00 (20:00-07:00 beyond 2h30); cross-checked against the operator page mtpk.fr; FIRST 2H FREE Sat+Sun; repainting works Aug-Nov 2026 close one level at a time",,
bordeaux-metropole-live-huit-mai-45,Huit Mai 45,Bordeaux,399,Huit Mai 45,Bordeaux,eur,METPARK / Bordeaux Metropole,,3.2,24.0,0,,yes,https://www.mtpk.fr/parking/parking-8-mai-1945/,EUR,"0.80 EUR/15 min for the first 3h = 3.20/h (dataset th_heur 3.20, th_2 6.40, so hour 2 is the same); 0.60/15 min = 2.40/h beyond 3h; night forfait 7.00 (20:00-07:00 beyond 2h); cross-checked against the operator page mtpk.fr",,
bordeaux-metropole-live-amplitude,Amplitude,Bordeaux,396,Amplitude,Bordeaux,eur,METPARK / Bordeaux Metropole,,2.8,22.0,0,,yes,https://www.mtpk.fr/parking/parking-amplitude-metpark-32-parkings-sur-bordeaux-metropole/,EUR,"0.70 EUR/15 min for the first 3h = 2.80/h (dataset th_heur 2.80, th_2 5.60); 0.60/15 min = 2.40/h beyond 3h; night forfait 7.00 (20:00-07:00 beyond 2h30); cross-checked against the operator page mtpk.fr; FIRST 2H FREE Sat+Sun; opened Jan 2024",,
bordeaux-metropole-live-cite-mondiale,Cite Mondiale,Bordeaux,394,Cite Mondiale,Bordeaux,eur,METPARK / Bordeaux Metropole,,3.2,24.0,0,,yes,https://www.mtpk.fr/parking/parking-cite-mondiale/,EUR,"0.80 EUR/15 min for the first 3h = 3.20/h (dataset th_heur 3.20, th_2 6.40, so hour 2 is the same); 0.60/15 min = 2.40/h beyond 3h; night forfait 7.00 (20:00-07:00 beyond 2h); cross-checked against the operator page mtpk.fr; cars only, no moto/cycle tariff",,
bordeaux-metropole-live-porte-de-bordeaux,Porte De Bordeaux,Bordeaux,390,Porte De Bordeaux,Bordeaux,eur,METPARK / Bordeaux Metropole,,2.8,22.0,0,,yes,https://www.mtpk.fr/parking/parking-porte-de-bordeaux/,EUR,"0.70 EUR/15 min for the first 3h = 2.80/h (dataset th_heur 2.80, th_2 5.60); 0.60/15 min = 2.40/h beyond 3h; night forfait 7.00 (20:00-07:00 beyond 2h30); cross-checked against the operator page mtpk.fr",,
bordeaux-metropole-live-parc-relais-galin,Parc Relais Galin,Bordeaux,279,Parc Relais Galin,Bordeaux,eur,KEOLIS / TBM,,,4.5,0,,yes,"https://opendata.bordeaux-metropole.fr/api/explore/v2.1/catalog/datasets/st_park_p/records?limit=100&select=nom,adresse,geo_point_2d,exploit,ta_type,th_heur,th_2,th_24,th_nuit,ta_ntitul",EUR,"P+R, includes transit: the flat day ticket is simultaneously the parking fee and a transit ticket - 7 return trips in a day for 1-7 people on tram/bus/BATO; free for TBM transit subscribers; a ticket NOT validated on tram/bus on the day of parking will not open the exit; no hourly tariff exists (st_park_p ta_type=PAYANT_TARIF_PARC_RELAIS, every duration field equals the flat price). Operator page: https://www.infotbm.com/en/park-day.html; dataset wording ""4.5 EUR pour 1 a 5 passagers dans le VL""; both sources agree",,yes
bordeaux-metropole-live-bassins-a-flots,Bassins A Flots,Bordeaux,250,Parking Bordeaux bassins a flot,Bordeaux,eur,EFFIA Stationnement,,2.4,24.8,0,,yes,https://www.effia.com/parking/parking-bordeaux-bassins-flot-effia,EUR,"strongly tapered; Effia publishes 1h 2.80 but no 2h price; 2nd-hour marginal 2.40 taken from Bordeaux Metropole st_park_p (th_heur 2.80, th_2 5.20); 24h cap 24.80 identical in both sources; drive-up grid only (Effia reservation prices are a separate cheaper grid). Dataset: https://opendata.bordeaux-metropole.fr/api/explore/v2.1/catalog/datasets/st_park_p/records?limit=100&select=nom,adresse,geo_point_2d,exploit,ta_type,th_heur,th_2,th_24,th_nuit,ta_ntitul",,
bordeaux-metropole-live-parc-relais-les-aubiers,Parc Relais Les Aubiers,Bordeaux,234,Parc Relais Les Aubiers,Bordeaux,eur,KEOLIS / TBM,,,4.5,0,,yes,"https://opendata.bordeaux-metropole.fr/api/explore/v2.1/catalog/datasets/st_park_p/records?limit=100&select=nom,adresse,geo_point_2d,exploit,ta_type,th_heur,th_2,th_24,th_nuit,ta_ntitul",EUR,"P+R, includes transit: the flat day ticket is simultaneously the parking fee and a transit ticket - 7 return trips in a day for 1-7 people on tram/bus/BATO; free for TBM transit subscribers; a ticket NOT validated on tram/bus on the day of parking will not open the exit; no hourly tariff exists (st_park_p ta_type=PAYANT_TARIF_PARC_RELAIS, every duration field equals the flat price). Operator page: https://www.infotbm.com/en/park-day.html; dataset wording ""4.5 EUR pour 1 a 5 passagers dans le VL""; SOURCE CONFLICT: st_park_p (live, per-garage, refreshed today) and the Feb-2026 snapshot both give this value, but infotbm.com's prose list of reduced-rate P+Rs is inverted on this site vs Brandenburg/Les Aubiers - treat as +/-1.00 EUR uncertain",,yes
bordeaux-metropole-live-parc-relais-brandenburg,Parc Relais Brandenburg,Bordeaux,211,Parc Relais Brandenburg,Bordeaux,eur,KEOLIS / TBM,,,3.5,0,,yes,"https://opendata.bordeaux-metropole.fr/api/explore/v2.1/catalog/datasets/st_park_p/records?limit=100&select=nom,adresse,geo_point_2d,exploit,ta_type,th_heur,th_2,th_24,th_nuit,ta_ntitul",EUR,"P+R, includes transit: the flat day ticket is simultaneously the parking fee and a transit ticket - 7 return trips in a day for 1-7 people on tram/bus/BATO; free for TBM transit subscribers; a ticket NOT validated on tram/bus on the day of parking will not open the exit; no hourly tariff exists (st_park_p ta_type=PAYANT_TARIF_PARC_RELAIS, every duration field equals the flat price). Operator page: https://www.infotbm.com/en/park-day.html; reduced ""forfait court-sejour"", dataset wording ""3.5 EUR pour tous les occupants du VL""; SOURCE CONFLICT: st_park_p (live, per-garage, refreshed today) and the Feb-2026 snapshot both give this value, but infotbm.com's prose list of reduced-rate P+Rs is inverted on this site vs Brandenburg/Les Aubiers - treat as +/-1.00 EUR uncertain",,yes
bordeaux-metropole-live-parc-relais-quarante-journaux,Parc Relais Quarante Journaux,Bordeaux,200,Parc Relais Quarante Journaux,Bordeaux,eur,KEOLIS / TBM,,,3.5,0,,yes,"https://opendata.bordeaux-metropole.fr/api/explore/v2.1/catalog/datasets/st_park_p/records?limit=100&select=nom,adresse,geo_point_2d,exploit,ta_type,th_heur,th_2,th_24,th_nuit,ta_ntitul",EUR,"P+R, includes transit: the flat day ticket is simultaneously the parking fee and a transit ticket - 7 return trips in a day for 1-7 people on tram/bus/BATO; free for TBM transit subscribers; a ticket NOT validated on tram/bus on the day of parking will not open the exit; no hourly tariff exists (st_park_p ta_type=PAYANT_TARIF_PARC_RELAIS, every duration field equals the flat price). Operator page: https://www.infotbm.com/en/park-day.html; reduced ""forfait court-sejour"", 3.50 for all occupants; both sources agree; also a 300 EUR/yr ""Riverain nocturne"" subscription",,yes
bordeaux-metropole-live-parc-relais-stalingrad,Parc Relais Stalingrad,Bordeaux,120,Parc Relais Stalingrad,Bordeaux,eur,KEOLIS / TBM,,,4.5,0,,yes,"https://opendata.bordeaux-metropole.fr/api/explore/v2.1/catalog/datasets/st_park_p/records?limit=100&select=nom,adresse,geo_point_2d,exploit,ta_type,th_heur,th_2,th_24,th_nuit,ta_ntitul",EUR,"P+R, includes transit: the flat day ticket is simultaneously the parking fee and a transit ticket - 7 return trips in a day for 1-7 people on tram/bus/BATO; free for TBM transit subscribers; a ticket NOT validated on tram/bus on the day of parking will not open the exit; no hourly tariff exists (st_park_p ta_type=PAYANT_TARIF_PARC_RELAIS, every duration field equals the flat price). Operator page: https://www.infotbm.com/en/park-day.html; dataset wording ""4.5 EUR pour 1 a 5 passagers""; capacity cut 214 -> 121 on 2025-04-07; both sources agree",,yes
gent-live-the-loop,The Loop,Gent,2490,The Loop B & C,Gent,eur,Mobiliteitsbedrijf Stad Gent,,3.6,18.0,0,,yes,https://stad.gent/nl/mobiliteit-openbare-werken/parkeren/parkings-gent/parkings-b-c-op-loop,EUR,"24/7 flat tariff, no day/night split; 1h 3.60 -> 2h 7.20, marginal 3.60/h; 24h dagtarief 18.00 applies automatically from 8h30 parked; NOT the free P+R: ""P+R The Loop"" is a separate 173-space free surface lot at Helene Dutrieulaan; this 2490-space row is the paid terrains B/C/D on Louis Blerioltlaan Overview table: https://stad.gent/nl/mobiliteit-openbare-werken/parkeren/parkings-gent/tarieven-parkings-stad-gent",,
gent-live-sint-pietersplein,Sint-Pietersplein,Gent,700,Sint-Pietersplein,Gent,eur,Mobiliteitsbedrijf Stad Gent,,1.6,12.8,0,,yes,https://stad.gent/nl/mobiliteit-openbare-werken/parkeren/parkings-gent/parking-sint-pietersplein,EUR,"tapered: 1st hour 1.80, 2h cumulative 3.40 -> 2nd-hour marginal 1.60; same tariff day and night; night max 7.00 from 5h; entry+exit within 7 min free Overview table: https://stad.gent/nl/mobiliteit-openbare-werken/parkeren/parkings-gent/tarieven-parkings-stad-gent",,
gent-live-vrijdagmarkt,Vrijdagmarkt,Gent,580,Vrijdagmarkt,Gent,eur,Mobiliteitsbedrijf Stad Gent,,3.0,31.0,0,,yes,https://stad.gent/nl/mobiliteit-openbare-werken/parkeren/parkings-gent/parking-vrijdagmarkt,EUR,"dagtarief 07:00-19:00, charged per indivisible 30-min slice; 1h 3.00 -> 2h 6.00, marginal 3.00/h; Saturday 07:00-19:00 peak max 4.00/h; night 19:00-07:00 2.00/h (9.00 from 5h); event surcharge during Gentse Feesten/Winterfeesten/Lichtfestival (4.00/h day, 3.00/h night); entry+exit within 7 min free; EXCEPTION: the only Gent city garage WITHOUT the free 7-minute in/out Overview table: https://stad.gent/nl/mobiliteit-openbare-werken/parkeren/parkings-gent/tarieven-parkings-stad-gent",,
gent-live-dok-noord,Dok noord,Gent,550,Parking Dok Noord,Gent,eur,INDIGO Neo (not city-run),,1.6,7.0,0,,yes,https://www.indigoneo.be/nl/parkings/23771/parking-dok-noord,EUR,"barrier/ticket garage; 1h 1.60 -> 2h 3.20, marginal 1.60/h; 1 dag 7.00; operator labels its rates ""indicatief""; the only garage in this Gent set not run by Stad Gent",,
gent-live-savaan,Savaan,Gent,512,Savaan,Gent,eur,Mobiliteitsbedrijf Stad Gent,,2.5,20.0,0,,yes,https://stad.gent/nl/mobiliteit-openbare-werken/parkeren/parkings-gent/parking-savaan,EUR,"linear 2.50/h 7 days a week, no Saturday peak; 1h 2.50 -> 2h 5.00, marginal 2.50/h; night 19:00-07:00 1.80/h (7.00 from 5h); entry+exit within 7 min free Overview table: https://stad.gent/nl/mobiliteit-openbare-werken/parkeren/parkings-gent/tarieven-parkings-stad-gent",,
gent-live-ledeberg,Ledeberg,Gent,461,Ledeberg,Gent,eur,Mobiliteitsbedrijf Stad Gent,,1.2,9.6,0,,yes,https://stad.gent/nl/mobiliteit-openbare-werken/parkeren/parkings-gent/parking-ledeberg,EUR,"Mon-Sat 1.20/h (1h 1.20 -> 2h 2.40); Sunday and night 1.00/h, cap 5.00; P+R-designated but NOT transit-inclusive: the P+R element is a separate subscription (60 EUR/month, Mon-Fri 07:00-19:00); hourly visitors pay 1.20/h Overview table: https://stad.gent/nl/mobiliteit-openbare-werken/parkeren/parkings-gent/tarieven-parkings-stad-gent",,
gent-live-reep,Reep,Gent,455,Reep,Gent,eur,Mobiliteitsbedrijf Stad Gent,,3.0,31.0,0,,yes,https://stad.gent/nl/mobiliteit-openbare-werken/parkeren/parkings-gent/parking-reep,EUR,"dagtarief 07:00-19:00, charged per indivisible 30-min slice; 1h 3.00 -> 2h 6.00, marginal 3.00/h; Saturday 07:00-19:00 peak max 4.00/h; night 19:00-07:00 2.00/h (9.00 from 5h); event surcharge during Gentse Feesten/Winterfeesten/Lichtfestival (4.00/h day, 3.00/h night); entry+exit within 7 min free Overview table: https://stad.gent/nl/mobiliteit-openbare-werken/parkeren/parkings-gent/tarieven-parkings-stad-gent",,
gent-live-sint-michiels,Sint-Michiels,Gent,450,Sint-Michiels,Gent,eur,Mobiliteitsbedrijf Stad Gent,,3.0,31.0,0,,yes,https://stad.gent/nl/mobiliteit-openbare-werken/parkeren/parkings-gent/parking-sint-michiels,EUR,"dagtarief 07:00-19:00, charged per indivisible 30-min slice; 1h 3.00 -> 2h 6.00, marginal 3.00/h; Saturday 07:00-19:00 peak max 4.00/h; night 19:00-07:00 2.00/h (9.00 from 5h); event surcharge during Gentse Feesten/Winterfeesten/Lichtfestival (4.00/h day, 3.00/h night); entry+exit within 7 min free Overview table: https://stad.gent/nl/mobiliteit-openbare-werken/parkeren/parkings-gent/tarieven-parkings-stad-gent",,
gent-live-getouw,Getouw,Gent,347,Het Getouw,Gent,eur,Mobiliteitsbedrijf Stad Gent,,1.0,8.0,0,,yes,https://stad.gent/nl/mobiliteit-openbare-werken/parkeren/parkings-gent/parking-het-getouw,EUR,flat 1.00/h at all hours (1h 1.00 -> 2h 2.00); Sunday and night 24h cap 5.00; entry+exit within 7 min free Overview table: https://stad.gent/nl/mobiliteit-openbare-werken/parkeren/parkings-gent/tarieven-parkings-stad-gent,,
gent-live-ramen,Ramen,Gent,260,Ramen,Gent,eur,Mobiliteitsbedrijf Stad Gent,,3.0,31.0,0,,yes,https://stad.gent/nl/mobiliteit-openbare-werken/parkeren/parkings-gent/parking-ramen,EUR,"dagtarief 07:00-19:00, charged per indivisible 30-min slice; 1h 3.00 -> 2h 6.00, marginal 3.00/h; Saturday 07:00-19:00 peak max 4.00/h; night 19:00-07:00 2.00/h (9.00 from 5h); event surcharge during Gentse Feesten/Winterfeesten/Lichtfestival (4.00/h day, 3.00/h night); entry+exit within 7 min free Overview table: https://stad.gent/nl/mobiliteit-openbare-werken/parkeren/parkings-gent/tarieven-parkings-stad-gent",,
gent-live-tolhuis,Tolhuis,Gent,148,Tolhuis,Gent,eur,Mobiliteitsbedrijf Stad Gent,,1.6,12.8,0,,yes,https://stad.gent/nl/mobiliteit-openbare-werken/parkeren/parkings-gent/parking-tolhuis,EUR,"tapered: 1st hour 1.80, 2h cumulative 3.40 -> 2nd-hour marginal 1.60; identical day and night; entry+exit within 7 min free Overview table: https://stad.gent/nl/mobiliteit-openbare-werken/parkeren/parkings-gent/tarieven-parkings-stad-gent",,
la-rochelle-live-17300-p-008,Vieux-Port Sud,La Rochelle,610,Vieux-Port Sud,La Rochelle,eur,Ville de La Rochelle,,1.6,,0,,yes,https://www.larochelle.fr/vie-quotidienne/stationnement/stationnement-parkings,EUR,"city publishes ONE grid for this class: 1h 1.50, 2h 3.10, 3h 4.50, 4h 5.40, 8h 8.60 -> 2nd-hour marginal 3.10-1.50 = 1.60/h (taper continues: h3 1.40, h4 0.90, h5-8 0.80/h). NO 24h forfait published - the published grid stops at 8h, so daily_cap is left blank. CAVEAT: the same cell also advertises ""1h gratuite 01/10-30/06"" / ""30 min gratuites 01/07-30/09"", so in the winter season the effective charge for a short stay is lower; 1.60/h is the gross grid rate; souterrain class; evening forfait 1.00 EUR (Thu/Fri/Sat/Sun 19:00-06:00); 3-day forfait 50.00, 7-day 90.00; free EV charging; height 2.20 m at level -1, 1.90 m elsewhere",,
la-rochelle-live-17300-p-007,Verdun,La Rochelle,557,Parking Verdun,La Rochelle,eur,Ville de La Rochelle,,1.6,,0,,yes,https://www.larochelle.fr/vie-quotidienne/stationnement/stationnement-parkings,EUR,"city publishes ONE grid for this class: 1h 1.50, 2h 3.10, 3h 4.50, 4h 5.40, 8h 8.60 -> 2nd-hour marginal 3.10-1.50 = 1.60/h (taper continues: h3 1.40, h4 0.90, h5-8 0.80/h). NO 24h forfait published - the published grid stops at 8h, so daily_cap is left blank. CAVEAT: the same cell also advertises ""1h gratuite 01/10-30/06"" / ""30 min gratuites 01/07-30/09"", so in the winter season the effective charge for a short stay is lower; 1.60/h is the gross grid rate; souterrain class; evening forfait 1.00 EUR (Thu/Fri/Sat/Sun 19:00-06:00); 3-day forfait 50.00, 7-day 90.00; free EV charging; height 2 m",,
la-rochelle-live-17300-p-002,Jean Moulin,La Rochelle,450,Jean Moulin,La Rochelle,eur,Ville de La Rochelle / Yelo,,1.6,,0,,yes,https://www.larochelle.fr/vie-quotidienne/stationnement/stationnement-parkings,EUR,"city publishes ONE grid for this class: 1h 1.50, 2h 3.10, 3h 4.50, 4h 5.40, 8h 8.60 -> 2nd-hour marginal 3.10-1.50 = 1.60/h (taper continues: h3 1.40, h4 0.90, h5-8 0.80/h). NO 24h forfait published - the published grid stops at 8h, so daily_cap is left blank. CAVEAT: the same cell also advertises ""1h gratuite 01/10-30/06"" / ""30 min gratuites 01/07-30/09"", so in the winter season the effective charge for a short stay is lower; 1.60/h is the gross grid rate; enclos class; FREE 20:00-08:00; max height 2 m, max length 5 m. NOT a free P+R: the city files it under enclos and Yelo under ""parking de proximite"" - FREE only for Yelo Liberte/Domicile-travail/Solidaire/Jeune-26 subscribers, day of entry only and subject to a reserved-space quota; everyone else pays the enclos grid. Yelo rules: https://yelo.agglo-larochelle.fr/services/parc-relais/",,
la-rochelle-live-17300-p-003,Encan 1,La Rochelle,420,Encan 1,La Rochelle,eur,Ville de La Rochelle,,1.6,,0,,yes,https://www.larochelle.fr/vie-quotidienne/stationnement/stationnement-parkings,EUR,"city publishes ONE grid for this class: 1h 1.50, 2h 3.10, 3h 4.50, 4h 5.40, 8h 8.60 -> 2nd-hour marginal 3.10-1.50 = 1.60/h (taper continues: h3 1.40, h4 0.90, h5-8 0.80/h). NO 24h forfait published - the published grid stops at 8h, so daily_cap is left blank. CAVEAT: the same cell also advertises ""1h gratuite 01/10-30/06"" / ""30 min gratuites 01/07-30/09"", so in the winter season the effective charge for a short stay is lower; 1.60/h is the gross grid rate; enclos class; FREE 20:00-08:00; max height 2 m, max length 5 m",,
la-rochelle-live-17300-p-004,Vieux-Port Ouest,La Rochelle,420,Vieux-Port Ouest,La Rochelle,eur,Ville de La Rochelle,,1.6,,0,,yes,https://www.larochelle.fr/vie-quotidienne/stationnement/stationnement-parkings,EUR,"city publishes ONE grid for this class: 1h 1.50, 2h 3.10, 3h 4.50, 4h 5.40, 8h 8.60 -> 2nd-hour marginal 3.10-1.50 = 1.60/h (taper continues: h3 1.40, h4 0.90, h5-8 0.80/h). NO 24h forfait published - the published grid stops at 8h, so daily_cap is left blank. CAVEAT: the same cell also advertises ""1h gratuite 01/10-30/06"" / ""30 min gratuites 01/07-30/09"", so in the winter season the effective charge for a short stay is lower; 1.60/h is the gross grid rate; enclos class; FREE 20:00-08:00; max height 2 m, max length 5 m",,
la-rochelle-live-17300-p-010,Maubec,La Rochelle,209,Maubec,La Rochelle,eur,Ville de La Rochelle,,1.6,,0,,yes,https://www.larochelle.fr/vie-quotidienne/stationnement/stationnement-parkings,EUR,"city publishes ONE grid for this class: 1h 1.50, 2h 3.10, 3h 4.50, 4h 5.40, 8h 8.60 -> 2nd-hour marginal 3.10-1.50 = 1.60/h (taper continues: h3 1.40, h4 0.90, h5-8 0.80/h). NO 24h forfait published - the published grid stops at 8h, so daily_cap is left blank. CAVEAT: the same cell also advertises ""1h gratuite 01/10-30/06"" / ""30 min gratuites 01/07-30/09"", so in the winter season the effective charge for a short stay is lower; 1.60/h is the gross grid rate; enclos class; FREE 20:00-08:00; max height 2 m, max length 5 m",,
la-rochelle-live-17300-p-011,Aire de camping-car de Port-Neuf,La Rochelle,171,Aire automatisee de camping-car de Port-Neuf,La Rochelle,eur,Ville de La Rochelle,,,14.55,0,,yes,https://www.larochelle.fr/vie-quotidienne/stationnement/camping-cars,EUR,"motorhome aire with its own BLOCK tariff and no hourly rate: 5h = 5.10, 24h = 14.55 (with or without electrical hookup); max stay 30 days; automated card payment; open 24h year-round; 6 Boulevard Aristide Rondeau",,
la-rochelle-live-17300-p-014,Encan 2,La Rochelle,130,Encan 2,La Rochelle,eur,Ville de La Rochelle,,1.6,,0,,yes,https://www.larochelle.fr/vie-quotidienne/stationnement/stationnement-parkings,EUR,"city publishes ONE grid for this class: 1h 1.50, 2h 3.10, 3h 4.50, 4h 5.40, 8h 8.60 -> 2nd-hour marginal 3.10-1.50 = 1.60/h (taper continues: h3 1.40, h4 0.90, h5-8 0.80/h). NO 24h forfait published - the published grid stops at 8h, so daily_cap is left blank. CAVEAT: the same cell also advertises ""1h gratuite 01/10-30/06"" / ""30 min gratuites 01/07-30/09"", so in the winter season the effective charge for a short stay is lower; 1.60/h is the gross grid rate; enclos class; FREE 20:00-08:00; max height 2 m, max length 5 m",,
la-rochelle-live-17300-p-005,Verdun (surface),La Rochelle,71,Surface Verdun,La Rochelle,eur,Ville de La Rochelle,,1.6,,0,,yes,https://www.larochelle.fr/vie-quotidienne/stationnement/stationnement-parkings,EUR,"city publishes ONE grid for this class: 1h 1.50, 2h 3.10, 3h 4.50, 4h 5.40, 8h 8.60 -> 2nd-hour marginal 3.10-1.50 = 1.60/h (taper continues: h3 1.40, h4 0.90, h5-8 0.80/h). NO 24h forfait published - the published grid stops at 8h, so daily_cap is left blank. CAVEAT: the same cell also advertises ""1h gratuite 01/10-30/06"" / ""30 min gratuites 01/07-30/09"", so in the winter season the effective charge for a short stay is lower; 1.60/h is the gross grid rate; enclos class; FREE 20:00-08:00; max height 2 m, max length 5 m; has paid EV charge points",,
la-rochelle-live-17300-p-013,Cacaud,La Rochelle,70,Cacaud,La Rochelle,eur,Ville de La Rochelle,,1.6,,0,,yes,https://www.larochelle.fr/vie-quotidienne/stationnement/stationnement-parkings,EUR,"city publishes ONE grid for this class: 1h 1.50, 2h 3.10, 3h 4.50, 4h 5.40, 8h 8.60 -> 2nd-hour marginal 3.10-1.50 = 1.60/h (taper continues: h3 1.40, h4 0.90, h5-8 0.80/h). NO 24h forfait published - the published grid stops at 8h, so daily_cap is left blank. CAVEAT: the same cell also advertises ""1h gratuite 01/10-30/06"" / ""30 min gratuites 01/07-30/09"", so in the winter season the effective charge for a short stay is lower; 1.60/h is the gross grid rate; enclos class; FREE 20:00-08:00; max height 2 m, max length 5 m",,
mel-lille-live-LIL0006,EuraLille Centre Commercial,Lille,2873,Parking Euralille Centre Commercial,Lille,eur,INDIGO,,2.3,29.7,0,,yes,https://www.westfield.com/fr/france/euralille/parking,EUR,"164 Av. Willy Brandt; published grid 1h 2.40 -> 2h 4.70, marginal 2.30/h; 1 jour 29.70. Taken from the centre's own tariff page because Indigo's embedded JSON for this garage omits the 2h row and carries a non-monotonic PT4H value",,
mel-lille-live-LIL0014,Nouveau Siècle,Lille,733,Parking Lille Nouveau Siecle - EFFIA,Lille,eur,EFFIA,,1.8,17.0,0,,yes,https://www.effia.com/parking/parking-lille-nouveau-siecle-effia,EUR,Effia publishes no 2-hour price (grid jumps 1h -> 3h); hourly_rate is the exact marginal over hours 2-3 = (3h - 1h)/2 from the published grid; 1st hour is dearer at 2.10 ((5.70-2.10)/2 = 1.80); evening forfait 19:00-01:00 3.20; +12h tranche 17.00,,
mel-lille-live-LIL0008,Euralille Gare A,Lille,600,Parking Euralille Gare A (Europe),Lille,eur,INDIGO,,2.6,33.7,0,,yes,https://www.indigoneo.fr/fr/parkings/15608/parking-euralille-gare-a-europe,EUR,"1h 2.70 -> 2h 5.30, marginal 2.60/h; PT24H 33.70. Indigo gives the address as 13 Av. Le Corbusier; Ville de Lille lists this car park (ex parking Lille-Europe) on avenue de Cologne - same garage, flanking streets",,
mel-lille-live-LIL0003,Tanneurs,Lille,563,Parking Les Tanneurs,Lille,eur,INDIGO,,2.5,26.4,0,,yes,https://www.indigoneo.fr/fr/parkings/788/parking-les-tanneurs,EUR,"70 Rue du Molinel; 1h 3.20 -> 2h 5.70, marginal 2.50/h; PT24H 26.40; 1st hour dearer at 3.20",,
mel-lille-live-LIL0017,Euralille Gare C,Lille,541,Parking Euralille Gare C (Les Geants),Lille,eur,INDIGO,,2.6,33.5,0,,yes,https://www.indigoneo.fr/fr/parkings/22665/parking-euralille-gare-c-les-geants,EUR,"9 Rue du Ballon; linear 1h 2.60 -> 2h 5.20, marginal 2.60/h; PT24H 33.50",,
mel-lille-live-LIL0009,Opéra,Lille,400,Parking Lille Opera - EFFIA,Lille,eur,EFFIA,,2.05,15.2,0,,yes,https://www.effia.com/parking/parking-lille-opera-effia,EUR,Effia publishes no 2-hour price (grid jumps 1h -> 3h); hourly_rate is the exact marginal over hours 2-3 = (3h - 1h)/2 from the published grid; 1st hour is dearer at 2.10 ((6.20-2.10)/2 = 2.05); evening forfait 19:00-01:00 3.00; 24h cap 15.20 barely above the 12h price 15.10,,
mel-lille-live-LIL0005,Lille Flandres,Lille,374,Parking gare de Lille Flandres - EFFIA,Lille,eur,EFFIA,,2.75,29.9,0,,yes,https://www.effia.com/parking/parking-gare-de-lille-flandres-effia,EUR,Effia publishes no 2-hour price (grid jumps 1h -> 3h); hourly_rate is the exact marginal over hours 2-3 = (3h - 1h)/2 from the published grid; 1st hour is dearer at 2.80 ((8.30-2.80)/2 = 2.75); evening forfait 18:00-03:00 5.00; 48h 54.00; separate cheaper motorcycle grid; Effia addresses it as Rue Javary but states access also from rue de Tournai (the MEL reference street),,
mel-lille-live-LIL0002,Plaza,Lille,323,Parking Plaza,Lille,eur,INDIGO,,2.0,20.6,0,,yes,https://www.indigoneo.fr/fr/parkings/11253/parking-plaza,EUR,"89 Rue Nationale; linear 0.50/15 min; 1h 2.00 -> 2h 4.00, marginal 2.00/h; PT24H 20.60; not 24/7 staffed - pedestrian access by digicode only 21:00-09:00",,
mel-lille-live-LIL0001,République,Lille,260,Parking Lille Republique Beaux-Arts - EFFIA,Lille,eur,EFFIA,,2.45,17.0,0,,yes,https://www.effia.com/parking/parking-lille-republique-beaux-arts-effia,EUR,Effia publishes no 2-hour price (grid jumps 1h -> 3h); hourly_rate is the exact marginal over hours 2-3 = (3h - 1h)/2 from the published grid; 1st hour is dearer at 2.10 ((7.00-2.10)/2 = 2.45); evening forfait 19:00-01:00 3.20; Effia addresses it on Boulevard de la Liberte but the page's own latitude matches the MEL record to 6 decimals,,
mel-lille-live-LIL0007,Euralille Gare B,Lille,160,Parking Euralille Gare B (Tours),Lille,eur,INDIGO,,2.6,33.7,0,,yes,https://www.indigoneo.fr/fr/parkings/15609/parking-euralille-gare-b-tours,EUR,"179 Bd de Turin; grid identical to Gare A: 1h 2.70 -> 2h 5.30, marginal 2.60/h; PT24H 33.70. CAPACITY WARNING: Ville de Lille lists 1095 places vs 160 in the feed - the MEL feed appears to expose only a sub-zone",,
luxembourg-vdl-27,Bouillon,Luxembourg,2422,Bouillon,Luxembourg,eur,Ville de Luxembourg,,0.0,0.0,0,,yes,https://www.vdl.lu/fr/se-deplacer/en-voiture/parkings-et-pr/bouillon,EUR,"P+R; FIRST 24 HOURS FREE, then 10 EUR per started day from the 25th hour; all public transport in Luxembourg is fare-free nationwide, so transit is included at no charge",yes,
luxembourg-vdl-39,Stade de Luxembourg,Luxembourg,1824,Stade de Luxembourg,Luxembourg,eur,Ville de Luxembourg,,0.0,0.0,0,,yes,https://www.vdl.lu/fr/se-deplacer/en-voiture/parkings-et-pr/stade-de-luxembourg,EUR,"P+R at the national stadium; FIRST 24 HOURS FREE, then 10 EUR per started day from the 25th hour; all public transport in Luxembourg is fare-free nationwide",yes,
luxembourg-vdl-4,Knuedler,Luxembourg,606,Knuedler,Luxembourg,eur,Ville de Luxembourg,,2.0,,0,,yes,https://www.vdl.lu/fr/se-deplacer/en-voiture/parkings-et-pr/knuedler,EUR,"day tariff 07:00-17:00; 1h 2.00, 2h 4.00 -> 0.50 EUR/15 min = 2.00/h; night 17:00-07:00 at 0.80/h; no 24h maximum published (grid ends 10h = 26.80)",,
luxembourg-vdl-36,Royal-Hamilius,Luxembourg,484,Royal-Hamilius,Luxembourg,eur,Ville de Luxembourg,,2.4,38.0,0,,yes,https://www.vdl.lu/fr/se-deplacer/en-voiture/parkings-et-pr/royal-hamilius,EUR,"day 07:00-17:00 at 1.20 EUR/30 min = 2.40/h, day max 26.80 (to 17:00); night 17:00-07:00 at 0.80/h, night max 11.20; 24h ticket 38.00",,
luxembourg-vdl-11,Fort Neipperg,Luxembourg,470,Fort Neipperg,Luxembourg,eur,Ville de Luxembourg,,2.0,,0,,yes,https://www.vdl.lu/fr/se-deplacer/en-voiture/parkings-et-pr/fort-neipperg,EUR,"day tariff 07:00-17:00; FIRST 2 HOURS FREE, then 0.50 EUR/15 min = 2.00/h; night 17:00-07:00 at 0.80/h; no 24h maximum published (grid ends 10h = 20.60)",,
luxembourg-vdl-1,Théâtre,Luxembourg,450,Theatre,Luxembourg,eur,Ville de Luxembourg,,2.0,,0,,yes,https://www.vdl.lu/fr/se-deplacer/en-voiture/parkings-et-pr/theatre,EUR,"day tariff 07:00-17:00; 1h 2.00, 2h 4.00 -> 0.50 EUR/15 min = 2.00/h; night 17:00-07:00 at 0.80/h; no 24h maximum published (grid ends 10h = 26.80)",,
luxembourg-vdl-16,Trois Glands,Luxembourg,450,Trois Glands,Luxembourg,eur,Ville de Luxembourg,,1.6,30.0,0,,yes,https://www.vdl.lu/fr/se-deplacer/en-voiture/parkings-et-pr/trois-glands,EUR,"day tariff 07:00-19:00; 0h30 0.80, 1h 1.60, 2h 3.20 -> 1.60/h; published 24h rate 30.00",,
luxembourg-vdl-21,Stade,Luxembourg,400,Stade,Luxembourg,eur,Ville de Luxembourg,,1.0,,0,,yes,https://www.vdl.lu/fr/se-deplacer/en-voiture/parkings-et-pr/stade,EUR,"Mon-Fri 08:00-18:00 at 1.00/h (1h 1.00, 2h 2.00); FREE 18:00-08:00 and all weekend; no 24h maximum published (grid ends 10h = 10.00)",,
luxembourg-vdl-7,Rond Point Schuman,Luxembourg,382,Rond Point Schuman,Luxembourg,eur,Ville de Luxembourg,,1.0,,0,,yes,https://www.vdl.lu/fr/se-deplacer/en-voiture/parkings-et-pr/rond-point-schuman,EUR,"Mon-Fri 08:00-18:00 at 1.00/h (1h 1.00, 2h 2.00); FREE 18:00-08:00 and all weekend; no 24h maximum published (grid ends 10h = 10.00)",,
luxembourg-vdl-17,Erasme,Luxembourg,322,Erasme,Luxembourg,eur,Ville de Luxembourg,,1.6,,0,,yes,https://www.vdl.lu/fr/se-deplacer/en-voiture/parkings-et-pr/erasme,EUR,"day tariff 07:00-19:00; 0h30 0.80, 1h 1.60, 2h 3.20 -> 1.60/h; night 19:00-07:00 at 0.80/h; no 24h maximum published (grid ends 12h = 20.40)",,
luxembourg-vdl-6,Monterey,Luxembourg,310,Monterey,Luxembourg,eur,Ville de Luxembourg,,2.0,,0,,yes,https://www.vdl.lu/fr/se-deplacer/en-voiture/parkings-et-pr/monterey,EUR,"day tariff 07:00-17:00; 1h 2.00, 2h 4.00 -> 0.50 EUR/15 min = 2.00/h; night 17:00-07:00 at 0.80/h; no 24h maximum published (grid ends 10h = 26.80)",,
luxembourg-vdl-10,Fort Wedell,Luxembourg,240,Fort Wedell,Luxembourg,eur,Ville de Luxembourg,,2.0,,0,,yes,https://www.vdl.lu/fr/se-deplacer/en-voiture/parkings-et-pr/fort-wedell,EUR,"day tariff 07:00-17:00; FIRST 2 HOURS FREE, then 0.50 EUR/15 min = 2.00/h; night 17:00-07:00 at 0.80/h; no 24h maximum published (grid ends 10h = 20.60)",,
luxembourg-vdl-3,Saint-Esprit,Luxembourg,200,Saint-Esprit,Luxembourg,eur,Ville de Luxembourg,,2.0,,0,,yes,https://www.vdl.lu/fr/se-deplacer/en-voiture/parkings-et-pr/saint-esprit,EUR,"day tariff 07:00-17:00; 1h 2.00, 2h 4.00 -> 0.50 EUR/15 min = 2.00/h; night 17:00-07:00 at 0.80/h; no 24h maximum published (grid ends 10h = 26.80); lost ticket 38 EUR",,
luxembourg-vdl-8,Martyrs,Luxembourg,183,Martyrs,Luxembourg,eur,Ville de Luxembourg,,2.0,,0,,yes,https://www.vdl.lu/fr/se-deplacer/en-voiture/parkings-et-pr/martyrs,EUR,"day tariff 07:00-17:00; 1h 2.00, 2h 4.00 -> 2.00/h; night 17:00-07:00 at 0.80/h; no 24h maximum published (grid ends 10h = 24.60)",,
luxembourg-vdl-9,Rocade,Luxembourg,155,Rocade,Luxembourg,eur,Ville de Luxembourg,,2.0,,0,,yes,https://www.vdl.lu/fr/se-deplacer/en-voiture/parkings-et-pr/rocade,EUR,"day tariff 07:00-17:00; 1h 2.00, 2h 4.00 -> 2.00/h; night 17:00-07:00 at 0.80/h; no 24h maximum published (grid ends 10h = 24.60)",,
luxembourg-vdl-30,Nobilis,Luxembourg,125,Nobilis,Luxembourg,eur,Ville de Luxembourg,,1.9,,0,,yes,https://www.vdl.lu/fr/se-deplacer/en-voiture/parkings-et-pr/nobilis,EUR,"single grid, no day/night split published; 1h 1.90, 2h 3.80 -> 1.90/h; no 24h maximum published (grid ends 10h = 23.50)",,
luxembourg-vdl-42,Campus Cents,Luxembourg,40,Campus Cents,Luxembourg,eur,Ville de Luxembourg,,2.0,,0,,yes,https://www.vdl.lu/fr/se-deplacer/en-voiture/parkings-et-pr/campus-cents,EUR,"day tariff 07:00-17:00; FIRST 2 HOURS FREE, then 2.00/h (3h 2.00, 4h 4.00); night 17:00-07:00 at 0.50/h; no 24h maximum published (grid ends 10h = 16.00)",,
nantes-naolib-live-pr-p-r-neustrie-1-142,P+R Neustrie 1,Nantes,760,Neustrie,Nantes,eur,NGE/Nantes Metropole (Naolib),,,4.5,0,,yes,https://naolib.fr/fr/tarifs/parkings-relais-pr,EUR,"P+R, includes transit (P+R ticket 4.50 EUR = up to 24h parking + 1 return trip on the Naolib network, valid for up to 5 people travelling together); free for Naolib transit subscribers (24h max); free for everyone at weekends; no hourly tariff published within the first 24h; beyond 24h: 12 EUR per extra 24h (forfait voyage)",,yes
nantes-naolib-live-pr-p-r-porte-de-vertou-2-145,P+R Porte de Vertou 2,Nantes,749,Porte de Vertou,Nantes,eur,NGE/Nantes Metropole (Naolib),,,4.5,0,,yes,https://naolib.fr/fr/tarifs/parkings-relais-pr,EUR,"P+R, includes transit (P+R ticket 4.50 EUR = up to 24h parking + 1 return trip on the Naolib network, valid for up to 5 people travelling together); free for Naolib transit subscribers (24h max); free for everyone at weekends; no hourly tariff published within the first 24h; beyond 24h: hourly grid (1h 0.60, 24h 19.20, +11.40 per extra 24h)",,yes
nantes-naolib-live-public-tour-bretagne-3,TOUR BRETAGNE,Nantes,643,Tour Bretagne,Nantes,eur,NGE/Nantes Metropole (Naolib),,2.3,21.6,0,,yes,https://naolib.fr/fr/tarifs/stationnement/tour-bretagne,EUR,"day tariff 08:00-19:00; 1h 3.40, 2h 5.70 -> 2nd-hour marginal 2.30; night 19:00-08:00 capped 3.50; forfait jour 24h 21.60",,
nantes-naolib-live-public-gare-nord-21,GARE NORD,Nantes,540,Gare Chateau,Nantes,eur,Effia/Nantes Metropole (Naolib),,2.3,26.8,0,,yes,https://naolib.fr/fr/tarifs/stationnement/gare-chateau,EUR,"day tariff Mon-Sat; 1h 3.50, 2h 5.80 -> 2nd-hour marginal 2.30; 24h 26.80; cheaper Sunday grid; NOTE Naolib now lists this garage as ""Gare Chateau"" (same address Cours John Kennedy), input name is ""GARE NORD""",,
nantes-naolib-live-public-feydeau-1,FEYDEAU,Nantes,490,Feydeau,Nantes,eur,NGE/Nantes Metropole (Naolib),,2.3,21.6,0,,yes,https://naolib.fr/fr/tarifs/stationnement/feydeau,EUR,"day tariff 08:00-19:00; 1h 3.40, 2h 5.70 -> 2nd-hour marginal 2.30; night 19:00-08:00 capped 3.50; forfait jour 24h 21.60",,
nantes-naolib-live-public-gare-sud-2-44,GARE SUD 2,Nantes,457,Gare Sud 2,Nantes,eur,Effia/Nantes Metropole (Naolib),,2.3,26.8,0,,yes,https://naolib.fr/fr/tarifs/stationnement/gare-sud-2-1,EUR,"day tariff Mon-Sat; 1h 3.50, 2h 5.80 -> 2nd-hour marginal 2.30; 24h 26.80; cheaper Sunday grid",,
nantes-naolib-live-public-graslin-4,GRASLIN,Nantes,455,Graslin,Nantes,eur,NGE/Nantes Metropole (Naolib),,2.3,21.6,0,,yes,https://naolib.fr/fr/tarifs/stationnement/graslin,EUR,"day tariff 08:00-19:00; 1h 3.40, 2h 5.70 -> 2nd-hour marginal 2.30; night 19:00-08:00 capped 3.50; forfait jour 24h 21.60",,
nantes-naolib-live-pr-p-r-babiniere-163,P+R Babinière,Nantes,452,Babiniere,Nantes,eur,NGE/Nantes Metropole (Naolib),,,4.5,0,,yes,https://naolib.fr/fr/tarifs/parkings-relais-pr,EUR,"P+R, includes transit (P+R ticket 4.50 EUR = up to 24h parking + 1 return trip on the Naolib network, valid for up to 5 people travelling together); free for Naolib transit subscribers (24h max); free for everyone at weekends; no hourly tariff published within the first 24h; beyond 24h: hourly grid (1h 0.60, 24h 19.20, +11.40 per extra 24h)",,yes
nantes-naolib-live-public-cite-int-des-congres-9,CITE INT DES CONGRES,Nantes,439,Cite des Congres,Nantes,eur,Effia/Nantes Metropole (Naolib),,2.3,21.6,0,,yes,https://naolib.fr/fr/tarifs/stationnement/cite-des-congres,EUR,"day tariff 08:00-21:00 here (not 19:00); 1h 3.40, 2h 5.70 -> marginal 2.30; night capped 3.50; forfait jour 24h 21.60",,
nantes-naolib-live-public-commerce-7,COMMERCE,Nantes,406,Commerce,Nantes,eur,NGE/Nantes Metropole (Naolib),,2.3,21.6,0,,yes,https://naolib.fr/fr/tarifs/stationnement/commerce,EUR,"day tariff 08:00-19:00; 1h 3.40, 2h 5.70 -> 2nd-hour marginal 2.30; night 19:00-08:00 capped 3.50; forfait jour 24h 21.60",,
nantes-naolib-live-public-mediatheque-6,MEDIATHEQUE,Nantes,398,Mediatheque,Nantes,eur,Effia/Nantes Metropole (Naolib),,2.3,21.6,0,,yes,https://naolib.fr/fr/tarifs/stationnement/mediatheque,EUR,"day tariff 08:00-19:00; 1h 3.40, 2h 5.70 -> 2nd-hour marginal 2.30; night 19:00-08:00 capped 3.50; forfait jour 24h 21.60",,
nantes-naolib-live-public-les-machines-11,LES MACHINES,Nantes,397,Les Machines,Nantes,eur,Effia/Nantes Metropole (Naolib),,2.3,21.6,0,,yes,https://naolib.fr/fr/tarifs/stationnement/les-machines,EUR,"day tariff 08:00-19:00; 1h 3.40, 2h 5.70 -> 2nd-hour marginal 2.30; night 19:00-08:00 capped 3.50; forfait jour 24h 21.60",,
nantes-naolib-live-public-decre-bouffay-2,DECRE - BOUFFAY,Nantes,394,Decre-Bouffay,Nantes,eur,NGE/Nantes Metropole (Naolib),,2.3,21.6,0,,yes,https://naolib.fr/fr/tarifs/stationnement/decre-bouffay,EUR,"day tariff 08:00-19:00; 1h 3.40, 2h 5.70 -> 2nd-hour marginal 2.30; night 19:00-08:00 capped 3.50; forfait jour 24h 21.60",,
nantes-naolib-live-public-gare-sud-3-27,GARE SUD 3,Nantes,379,Gare Sud 3,Nantes,eur,Effia/Nantes Metropole (Naolib),,2.3,26.8,0,,yes,https://naolib.fr/fr/tarifs/stationnement/gare-sud-3,EUR,"day tariff Mon-Sat; 1h 3.50, 2h 5.80 -> 2nd-hour marginal 2.30; 24h 26.80; cheaper Sunday grid",,
nantes-naolib-live-pr-p-r-la-beaujoire-141,P+R La Beaujoire,Nantes,350,La Beaujoire,Nantes,eur,NGE/Nantes Metropole (Naolib),,,4.5,0,,yes,https://naolib.fr/fr/tarifs/parkings-relais-pr,EUR,"P+R, includes transit (P+R ticket 4.50 EUR = up to 24h parking + 1 return trip on the Naolib network, valid for up to 5 people travelling together); free for Naolib transit subscribers (24h max); free for everyone at weekends; no hourly tariff published within the first 24h; beyond 24h: hourly grid (1h 0.60, 24h 19.20, +11.40 per extra 24h)",,yes
nantes-naolib-live-public-cathedrale-10,CATHEDRALE,Nantes,348,Cathedrale,Nantes,eur,NGE/Nantes Metropole (Naolib),,2.3,21.6,0,,yes,https://naolib.fr/fr/tarifs/stationnement/cathedrale,EUR,"day tariff 08:00-19:00; 1h 3.40, 2h 5.70 -> 2nd-hour marginal 2.30; night 19:00-08:00 capped 3.50; forfait jour 24h 21.60",,
nantes-naolib-live-public-gare-sud-4-34,GARE SUD 4,Nantes,330,Gare Sud 4,Nantes,eur,Effia/Nantes Metropole (Naolib),,2.3,26.8,0,,yes,https://naolib.fr/fr/tarifs/stationnement/gare-sud-4,EUR,"day tariff Mon-Sat; 1h 3.50, 2h 5.80 -> 2nd-hour marginal 2.30; 24h 26.80; cheaper Sunday grid",,
nantes-naolib-live-public-talensac-8,TALENSAC,Nantes,320,Talensac,Nantes,eur,NGE/Nantes Metropole (Naolib),,2.3,21.6,0,,yes,https://naolib.fr/fr/tarifs/stationnement/talensac-1,EUR,"day tariff 08:00-19:00; 1h 3.40, 2h 5.70 -> 2nd-hour marginal 2.30; night 19:00-08:00 capped 3.50; forfait jour 24h 21.60",,
nantes-naolib-live-public-aristide-briand-5,ARISTIDE BRIAND,Nantes,303,Aristide Briand,Nantes,eur,Effia/Nantes Metropole (Naolib),,2.3,21.6,0,,yes,https://naolib.fr/fr/tarifs/stationnement/aristide-briand,EUR,"day tariff 08:00-19:00; 1h 3.40, 2h 5.70 -> 2nd-hour marginal 2.30; night 19:00-08:00 capped 3.50; forfait jour 24h 21.60",,
nantes-naolib-live-public-les-nefs-47,LES NEFS,Nantes,300,Les Nefs,Nantes,eur,Effia/Nantes Metropole (Naolib),,2.3,21.6,0,,yes,https://naolib.fr/fr/tarifs/stationnement/les-nefs,EUR,"day tariff 08:00-19:00; 1h 3.40, 2h 5.70 -> 2nd-hour marginal 2.30; night 19:00-08:00 capped 3.50; forfait jour 24h 21.60",,
nantes-naolib-live-pr-p-r-orvault-morliere-143,P+R Orvault-Morlière,Nantes,283,Orvault-Morliere,Nantes,eur,NGE/Nantes Metropole (Naolib),,,4.5,0,,yes,https://naolib.fr/fr/tarifs/parkings-relais-pr,EUR,"P+R, includes transit (P+R ticket 4.50 EUR = up to 24h parking + 1 return trip on the Naolib network, valid for up to 5 people travelling together); free for Naolib transit subscribers (24h max); free for everyone at weekends; no hourly tariff published within the first 24h; beyond 24h: hourly grid (1h 0.60, 24h 19.20, +11.40 per extra 24h)",,yes
nantes-naolib-live-public-descartes-12,DESCARTES,Nantes,251,Descartes,Nantes,eur,Effia/Nantes Metropole (Naolib),,2.3,21.6,0,,yes,https://naolib.fr/fr/tarifs/stationnement/descartes,EUR,"day tariff 08:00-19:00; 1h 3.40, 2h 5.70 -> 2nd-hour marginal 2.30; night 19:00-08:00 capped 3.50; forfait jour 24h 21.60",,
nantes-naolib-live-pr-p-r-bourdonnieres-1-147,P+R Bourdonnières 1,Nantes,234,Bourdonnieres,Nantes,eur,NGE/Nantes Metropole (Naolib),,,4.5,0,,yes,https://naolib.fr/fr/tarifs/parkings-relais-pr,EUR,"P+R, includes transit (P+R ticket 4.50 EUR = up to 24h parking + 1 return trip on the Naolib network, valid for up to 5 people travelling together); free for Naolib transit subscribers (24h max); free for everyone at weekends; no hourly tariff published within the first 24h; beyond 24h: hourly grid (1h 0.60, 24h 19.20, +11.40 per extra 24h)",,yes
nantes-naolib-live-pr-p-r-porte-de-vertou-1-155,P+R Porte de Vertou 1,Nantes,215,Porte de Vertou,Nantes,eur,NGE/Nantes Metropole (Naolib),,,4.5,0,,yes,https://naolib.fr/fr/tarifs/parkings-relais-pr,EUR,"P+R, includes transit (P+R ticket 4.50 EUR = up to 24h parking + 1 return trip on the Naolib network, valid for up to 5 people travelling together); free for Naolib transit subscribers (24h max); free for everyone at weekends; no hourly tariff published within the first 24h; beyond 24h: hourly grid (1h 0.60, 24h 19.20, +11.40 per extra 24h)",,yes
nantes-naolib-live-pr-p-r-greneraie-144,P+R Gréneraie,Nantes,213,Greneraie,Nantes,eur,NGE/Nantes Metropole (Naolib),,,4.5,0,,yes,https://naolib.fr/fr/tarifs/parkings-relais-pr,EUR,"P+R, includes transit (P+R ticket 4.50 EUR = up to 24h parking + 1 return trip on the Naolib network, valid for up to 5 people travelling together); free for Naolib transit subscribers (24h max); free for everyone at weekends; no hourly tariff published within the first 24h; beyond 24h: own hourly grid (1h 2.10, 24h 32.80, +11.40 per extra 24h)",,yes
nantes-naolib-live-pr-p-r-bas-chantenay-160,P+R Bas-Chantenay,Nantes,207,Bas-Chantenay,Nantes,eur,NGE/Nantes Metropole (Naolib),,,4.5,0,,yes,https://naolib.fr/fr/tarifs/parkings-relais-pr,EUR,"P+R, includes transit (P+R ticket 4.50 EUR = up to 24h parking + 1 return trip on the Naolib network, valid for up to 5 people travelling together); free for Naolib transit subscribers (24h max); free for everyone at weekends; no hourly tariff published within the first 24h; beyond 24h: hourly grid (1h 0.60, 24h 19.20, +11.40 per extra 24h)",,yes
nantes-naolib-live-pr-p-r-francois-mitterrand-135,P+R François Mitterrand,Nantes,207,Francois Mitterrand,Nantes,eur,NGE/Nantes Metropole (Naolib),,,4.5,0,,yes,https://naolib.fr/fr/tarifs/parkings-relais-pr,EUR,"P+R, includes transit (P+R ticket 4.50 EUR = up to 24h parking + 1 return trip on the Naolib network, valid for up to 5 people travelling together); free for Naolib transit subscribers (24h max); free for everyone at weekends; no hourly tariff published within the first 24h; beyond 24h: hourly grid (1h 0.60, 24h 19.20, +11.40 per extra 24h)",,yes
nantes-naolib-live-pr-p-r-le-cardo-138,P+R Le Cardo,Nantes,206,Le Cardo,Nantes,eur,NGE/Nantes Metropole (Naolib),,,4.5,0,,yes,https://naolib.fr/fr/tarifs/parkings-relais-pr,EUR,"P+R, includes transit (P+R ticket 4.50 EUR = up to 24h parking + 1 return trip on the Naolib network, valid for up to 5 people travelling together); free for Naolib transit subscribers (24h max); free for everyone at weekends; no hourly tariff published within the first 24h; beyond 24h: hourly grid (1h 0.60, 24h 19.20, +11.40 per extra 24h)",,yes
nantes-naolib-live-pr-p-r-huit-mai-140,P+R Huit Mai,Nantes,200,Huit mai,Nantes,eur,NGE/Nantes Metropole (Naolib),,,4.5,0,,yes,https://naolib.fr/fr/tarifs/parkings-relais-pr,EUR,"P+R, includes transit (P+R ticket 4.50 EUR = up to 24h parking + 1 return trip on the Naolib network, valid for up to 5 people travelling together); free for Naolib transit subscribers (24h max); free for everyone at weekends; no hourly tariff published within the first 24h; beyond 24h: own hourly grid (1h 2.10, 24h 32.80, +11.40 per extra 24h)",,yes
nantes-naolib-live-pr-p-r-prairie-de-mauve-152,P+R Prairie de Mauve,Nantes,199,Prairie de Mauves,Nantes,eur,NGE/Nantes Metropole (Naolib),,,4.5,0,,yes,https://naolib.fr/fr/tarifs/parkings-relais-pr,EUR,"P+R, includes transit (P+R ticket 4.50 EUR = up to 24h parking + 1 return trip on the Naolib network, valid for up to 5 people travelling together); free for Naolib transit subscribers (24h max); free for everyone at weekends; no hourly tariff published within the first 24h; beyond 24h: 12 EUR per extra 24h (forfait voyage)",,yes
nantes-naolib-live-pr-p-r-duguay-trouin-151,P+R Duguay-Trouin,Nantes,180,Duguay Trouin,Nantes,eur,NGE/Nantes Metropole (Naolib),,,4.5,0,,yes,https://naolib.fr/fr/tarifs/parkings-relais-pr,EUR,"P+R, includes transit (P+R ticket 4.50 EUR = up to 24h parking + 1 return trip on the Naolib network, valid for up to 5 people travelling together); free for Naolib transit subscribers (24h max); free for everyone at weekends; no hourly tariff published within the first 24h; beyond 24h: hourly grid (1h 0.60, 24h 19.20, +11.40 per extra 24h)",,yes
nantes-naolib-live-pr-p-r-marcel-paul-149,P+R Marcel Paul,Nantes,160,Marcel Paul,Nantes,eur,NGE/Nantes Metropole (Naolib),,,4.5,0,,yes,https://naolib.fr/fr/tarifs/parkings-relais-pr,EUR,"P+R, includes transit (P+R ticket 4.50 EUR = up to 24h parking + 1 return trip on the Naolib network, valid for up to 5 people travelling together); free for Naolib transit subscribers (24h max); free for everyone at weekends; no hourly tariff published within the first 24h; beyond 24h: hourly grid (1h 0.60, 24h 19.20, +11.40 per extra 24h)",,yes
nantes-naolib-live-pr-p-r-haluchere-2-137,P+R Haluchère 2,Nantes,155,Haluchere (1 & 2),Nantes,eur,NGE/Nantes Metropole (Naolib),,,4.5,0,,yes,https://naolib.fr/fr/tarifs/parkings-relais-pr,EUR,"P+R, includes transit (P+R ticket 4.50 EUR = up to 24h parking + 1 return trip on the Naolib network, valid for up to 5 people travelling together); free for Naolib transit subscribers (24h max); free for everyone at weekends; no hourly tariff published within the first 24h; beyond 24h: hourly grid (1h 0.60, 24h 19.20, +11.40 per extra 24h)",,yes
nantes-naolib-live-pr-p-r-trentemoult-sablieres-162,P+R Trentemoult-Sablières,Nantes,140,Trentemoult-Sablieres,Nantes,eur,NGE/Nantes Metropole (Naolib),,,4.5,0,,yes,https://naolib.fr/fr/tarifs/parkings-relais-pr,EUR,"P+R, includes transit (P+R ticket 4.50 EUR = up to 24h parking + 1 return trip on the Naolib network, valid for up to 5 people travelling together); free for Naolib transit subscribers (24h max); free for everyone at weekends; no hourly tariff published within the first 24h; beyond 24h: hourly grid (1h 0.60, 24h 19.20, +11.40 per extra 24h)",,yes
nantes-naolib-live-public-chu-17,CHU,Nantes,135,CHU 1,Nantes,eur,NGE/Nantes Metropole (Naolib),,2.7,,0,,yes,https://naolib.fr/fr/tarifs/stationnement/chu-1,EUR,"enclos (barrier surface lot); day tariff 08:00-19:00; 1h 3.10, 2h 5.80 -> 2nd-hour marginal 2.70; no 24h forfait published; first 2h free for CHU outpatients with ticket validated at a CHU desk",,
nantes-naolib-live-public-fonderies-40,FONDERIES,Nantes,130,Les Fonderies,Nantes,eur,NGE/Nantes Metropole (Naolib),,2.0,,0,,yes,https://naolib.fr/fr/tarifs/stationnement/les-fonderies,EUR,"enclos; day tariff 08:00-19:00; 1h 1.40, 2h 3.40 -> 2nd-hour marginal 2.00; no 24h forfait published",,
nantes-naolib-live-public-baco-2-36,BACO 2,Nantes,118,Baco-LU,Nantes,eur,NGE/Nantes Metropole (Naolib),,2.7,,0,,yes,https://naolib.fr/fr/tarifs/stationnement/baco-lu,EUR,"enclos (barrier surface lot); day tariff 08:00-19:00; 1h 3.10, 2h 5.80 -> 2nd-hour marginal 2.70; no 24h forfait published; one Naolib page covers Baco-LU 1 and 2 together",,
nantes-naolib-live-pr-p-r-haluchere-1-136,P+R Haluchère 1,Nantes,118,Haluchere (1 & 2),Nantes,eur,NGE/Nantes Metropole (Naolib),,,4.5,0,,yes,https://naolib.fr/fr/tarifs/parkings-relais-pr,EUR,"P+R, includes transit (P+R ticket 4.50 EUR = up to 24h parking + 1 return trip on the Naolib network, valid for up to 5 people travelling together); free for Naolib transit subscribers (24h max); free for everyone at weekends; no hourly tariff published within the first 24h; beyond 24h: hourly grid (1h 0.60, 24h 19.20, +11.40 per extra 24h)",,yes
nantes-naolib-live-pr-p-r-estuaire-161,P+R Estuaire,Nantes,115,Estuaire,Nantes,eur,NGE/Nantes Metropole (Naolib),,,4.5,0,,yes,https://naolib.fr/fr/tarifs/parkings-relais-pr,EUR,"P+R, includes transit (P+R ticket 4.50 EUR = up to 24h parking + 1 return trip on the Naolib network, valid for up to 5 people travelling together); free for Naolib transit subscribers (24h max); free for everyone at weekends; no hourly tariff published within the first 24h; beyond 24h: hourly grid (1h 0.60, 24h 19.20, +11.40 per extra 24h)",,yes
nantes-naolib-live-public-hotel-dieu-15,HOTEL DIEU,Nantes,100,Hotel Dieu,Nantes,eur,NGE/Nantes Metropole (Naolib),,2.7,,0,,yes,https://naolib.fr/fr/tarifs/stationnement/hotel-dieu,EUR,"enclos (barrier surface lot); day tariff 08:00-19:00; 1h 3.10, 2h 5.80 -> 2nd-hour marginal 2.70; no 24h forfait published; first 2h free for CHU outpatients with ticket validated at a CHU desk",,
nantes-naolib-live-public-baco-1-35,BACO 1,Nantes,92,Baco-LU,Nantes,eur,NGE/Nantes Metropole (Naolib),,2.7,,0,,yes,https://naolib.fr/fr/tarifs/stationnement/baco-lu,EUR,"enclos (barrier surface lot); day tariff 08:00-19:00; 1h 3.10, 2h 5.80 -> 2nd-hour marginal 2.70; no 24h forfait published; one Naolib page covers Baco-LU 1 and 2 together",,
nantes-naolib-live-public-gloriette-2-37,GLORIETTE 2,Nantes,87,Gloriette 2,Nantes,eur,NGE/Nantes Metropole (Naolib),,2.7,,0,,yes,https://naolib.fr/fr/tarifs/stationnement/gloriette,EUR,"enclos (barrier surface lot); day tariff 08:00-19:00; 1h 3.10, 2h 5.80 -> 2nd-hour marginal 2.70; no 24h forfait published",,
nantes-naolib-live-public-bellamy-29,BELLAMY,Nantes,76,Bellamy,Nantes,eur,NGE/Nantes Metropole (Naolib),,2.4,,0,,yes,https://naolib.fr/fr/tarifs/stationnement/parking-bellamy,EUR,"enclos; Mon-Thu 06:00-20:00 at 0.40 EUR/10 min = 2.40/h; Fri-Sun 06:00-14:30 is 1.70 EUR/10 min (=10.20/h, market deterrent) then 0.40/10 min; no 24h forfait published",,
nantes-naolib-live-public-chu-2-42,CHU 2,Nantes,61,CHU 2,Nantes,eur,NGE/Nantes Metropole (Naolib),,2.7,,0,,yes,https://naolib.fr/fr/tarifs/stationnement/chu-2,EUR,"enclos (barrier surface lot); day tariff 08:00-19:00; 1h 3.10, 2h 5.80 -> 2nd-hour marginal 2.70; no 24h forfait published; first 2h free for CHU outpatients with ticket validated at a CHU desk",,
nantes-naolib-live-public-gare-sud-limite-1h-16,GARE SUD-LIMITE 1H,Nantes,60,Arret minute Gare Sud,Nantes,eur,Effia/Nantes Metropole (Naolib),,3.0,,0,,yes,https://naolib.fr/fr/tarifs/stationnement/arret-minute-gare-sud,EUR,"arret-minute, 1h limit; first 30 min free; 1h = 3.00; then +3.00 EUR per additional 10 min; no 24h forfait",,
nantes-naolib-live-pr-p-r-neustrie-3-154,P+R Neustrie 3,Nantes,20,Neustrie,Nantes,eur,NGE/Nantes Metropole (Naolib),,,4.5,0,,yes,https://naolib.fr/fr/tarifs/parkings-relais-pr,EUR,"P+R, includes transit (P+R ticket 4.50 EUR = up to 24h parking + 1 return trip on the Naolib network, valid for up to 5 people travelling together); free for Naolib transit subscribers (24h max); free for everyone at weekends; no hourly tariff published within the first 24h; beyond 24h: 12 EUR per extra 24h (forfait voyage)",,yes
strasbourg-live-parking-rivetoile,Parking Rivetoile,Strasbourg,1520,Etoile P1 Commerces,Strasbourg,eur,Parcus,,2.0,20.0,0,,yes,https://www.parcus.com/parkings/etoile-p1-commerces/,EUR,0.50 EUR/15 min to 2h30 = 2.00/h; flat 20 EUR forfait for 17h-24h stays; no evening/night forfait,,
strasbourg-live-parking-p3-wilson,Parking P3 Wilson,Strasbourg,977,P3 Wilson,Strasbourg,eur,Parcus,,2.0,21.0,0,,yes,https://www.parcus.com/parkings/halles-p3-wilson/,EUR,0.50 EUR/15 min for first 2h = 2.00/h; evening forfait 2 EUR 20:00-02:00; night forfait 2 EUR 02:00-07:00,,
strasbourg-live-parking-gare-wodli,Parking Gare Wodli,Strasbourg,955,Wodli,Strasbourg,eur,Parcus,,2.4,23.0,0,,yes,https://www.parcus.com/parkings/wodli/,EUR,first 30 min free; 30-45 min flat +1.80; 45 min-2h at 0.60 EUR/15 min = 2.40/h; +12 EUR per extra 12h,yes,
strasbourg-live-parking-centre-historique-petite-france,Parking Centre historique Petite France,Strasbourg,939,Centre historique Petite France,Strasbourg,eur,Parcus,,2.0,15.0,0,,yes,https://www.parcus.com/parkings/centre-historique-petite-france/,EUR,first 30 min free; then 0.50 EUR/15 min to 2h = 2.00/h; +6 EUR per extra 12h; evening forfait 2 EUR 20:00-02:00; night forfait 2 EUR 02:00-07:00,yes,
strasbourg-live-parking-coubertin,Parking Coubertin,Strasbourg,719,Coubertin,Strasbourg,eur,Parcus,,1.6,25.0,0,,yes,https://www.parcus.com/parkings/coubertin/,EUR,0.40 EUR/15 min for first 4h = 1.60/h; evening forfait 4 EUR 20:00-02:00; night forfait 4 EUR 02:00-07:00,,
strasbourg-live-parking-ducs-d-alsace,Parking Ducs d'Alsace,Strasbourg,600,Ducs d'Alsace,Strasbourg,eur,CTS / Eurometropole de Strasbourg,,,7.2,0,,yes,https://www.cts-strasbourg.eu/fr/nous-connaitre/notre-reseau/parkings/parking-relais/,EUR,"P+R, includes transit (bus+tram unlimited for 1-7 people); day ticket 4.20 EUR 04:30-02:00; 24h 7.20 EUR; 48h 14.40; 72h 21.60; +20 EUR/24h beyond 72h (transit NOT included past 72h); first 30 min free (depose-minute); free for CTS transit subscribers",,yes
strasbourg-live-parking-halles-p1-marais-vert,Parking Halles P1 Marais vert,Strasbourg,534,P1 Marais Vert,Strasbourg,eur,Parcus,,2.0,21.0,0,,yes,https://www.parcus.com/parkings/halles-p1-marais-vert/,EUR,0.50 EUR/15 min for first 2h = 2.00/h; evening forfait 2 EUR 20:00-02:00; night forfait 2 EUR 02:00-07:00,,
strasbourg-live-parking-rivetoile-cinema,Parking Rivetoile Cinéma,Strasbourg,508,Etoile P2 Cinema,Strasbourg,eur,Parcus,,2.0,20.0,0,,yes,https://www.parcus.com/parkings/etoile-p2-cinema/,EUR,0.50 EUR/15 min to 2h30 = 2.00/h; cinema forfait 3 EUR for 2-3h stay (cinema patrons only),,
strasbourg-live-parking-austerlitz,Parking Austerlitz,Strasbourg,482,Austerlitz,Strasbourg,eur,Parcus,,2.0,22.0,0,,yes,https://www.parcus.com/parkings/austerlitz/,EUR,0.50 EUR/15 min for first 3h = 2.00/h; evening forfait 2 EUR 20:00-02:00; night forfait 2 EUR 02:00-07:00,,
strasbourg-live-parking-p2-sebastopol,Parking P2 Sebastopol,Strasbourg,482,P2 Sebastopol,Strasbourg,eur,Parcus,,2.0,21.0,0,,yes,https://www.parcus.com/parkings/halles-p2-sebastopol/,EUR,0.50 EUR/15 min for first 2h = 2.00/h; evening forfait 2 EUR 20:00-02:00; night forfait 2 EUR 02:00-07:00,,
strasbourg-live-parking-baggersee,Parking Baggersee,Strasbourg,460,Baggersee,Strasbourg,eur,CTS / Eurometropole de Strasbourg,,,7.2,0,,yes,https://www.cts-strasbourg.eu/fr/nous-connaitre/notre-reseau/parkings/parking-relais/,EUR,"P+R, includes transit (bus+tram unlimited for 1-7 people); day ticket 4.20 EUR 04:30-02:00; 24h 7.20 EUR; 48h 14.40; 72h 21.60; +20 EUR/24h beyond 72h (transit NOT included past 72h); first 30 min free (depose-minute); free for CTS transit subscribers",,yes
strasbourg-live-parking-rives-de-l-aar,Parking Rives de l'Aar,Strasbourg,456,Rives de l'Aar,Strasbourg,eur,CTS / Eurometropole de Strasbourg,,,7.2,0,,yes,https://www.cts-strasbourg.eu/fr/nous-connaitre/notre-reseau/parkings/parking-relais/,EUR,"P+R, includes transit (bus+tram unlimited for 1-7 people); day ticket 4.20 EUR 04:30-02:00; 24h 7.20 EUR; 48h 14.40; 72h 21.60; +20 EUR/24h beyond 72h (transit NOT included past 72h); first 30 min free (depose-minute); free for CTS transit subscribers",,yes
strasbourg-live-parking-rotonde,Parking Rotonde,Strasbourg,450,Rotonde,Strasbourg,eur,CTS / Eurometropole de Strasbourg,,,7.2,0,,yes,https://www.cts-strasbourg.eu/fr/nous-connaitre/notre-reseau/parkings/parking-relais/,EUR,"P+R, includes transit (bus+tram unlimited for 1-7 people); day ticket 4.20 EUR 04:30-02:00; 24h 7.20 EUR; 48h 14.40; 72h 21.60; +20 EUR/24h beyond 72h (transit NOT included past 72h); first 30 min free (depose-minute); EXCEPTION at Rotonde: CTS transit subscribers are NOT free here (free at the other 11 P+R); dedicated Rotonde P+R subscription 66 EUR/month",,yes
strasbourg-live-parking-centre-opera-broglie,Parking Centre Opéra Broglie,Strasbourg,447,Opera Broglie,Strasbourg,eur,Parcus,,3.2,44.0,0,,yes,https://www.parcus.com/parkings/opera-broglie/,EUR,"flat 0.80 EUR/15 min to 13h = 3.20/h; evening forfait 4 EUR, night forfait 2 EUR",,
strasbourg-live-parking-saint-nicolas,Parking Saint Nicolas,Strasbourg,360,Saint-Nicolas,Strasbourg,eur,Parcus,,2.0,21.0,0,,yes,https://www.parcus.com/parkings/saint-nicolas/,EUR,0.50 EUR/15 min for first 2h = 2.00/h; evening forfait 2 EUR 20:00-02:00; night forfait 2 EUR 02:00-07:00,,
strasbourg-live-parking-hoenheim-gare,Parking Hoenheim gare,Strasbourg,340,Hoenheim Gare,Strasbourg,eur,CTS / Eurometropole de Strasbourg,,,7.2,0,,yes,https://www.cts-strasbourg.eu/fr/nous-connaitre/notre-reseau/parkings/parking-relais/,EUR,"P+R, includes transit (bus+tram unlimited for 1-7 people); day ticket 4.20 EUR 04:30-02:00; 24h 7.20 EUR; 48h 14.40; 72h 21.60; +20 EUR/24h beyond 72h (transit NOT included past 72h); first 30 min free (depose-minute); free for CTS transit subscribers",,yes
strasbourg-live-parking-parc-des-romains,Parking Parc des Romains,Strasbourg,324,Parc des Romains,Strasbourg,eur,CTS / Eurometropole de Strasbourg,,,7.2,0,,yes,https://www.cts-strasbourg.eu/fr/nous-connaitre/notre-reseau/parkings/parking-relais/,EUR,"P+R, includes transit (bus+tram unlimited for 1-7 people); day ticket 4.20 EUR 04:30-02:00; 24h 7.20 EUR; 48h 14.40; 72h 21.60; +20 EUR/24h beyond 72h (transit NOT included past 72h); first 30 min free (depose-minute); free for CTS transit subscribers",,yes
strasbourg-live-parking-europe-wacken,Parking Europe Wacken,Strasbourg,315,Europe Wacken,Strasbourg,eur,Parcus,,1.6,25.0,0,,yes,https://www.parcus.com/parkings/europe-wacken/,EUR,0.40 EUR/15 min for first 4h = 1.60/h; evening forfait 4 EUR 20:00-02:00; night forfait 4 EUR 02:00-07:00,,
strasbourg-live-parking-bateliers,Parking Bateliers,Strasbourg,283,Bateliers,Strasbourg,eur,Parcus,,2.0,22.0,0,,yes,https://www.parcus.com/parkings/bateliers/,EUR,0.50 EUR/15 min for first 3h = 2.00/h; evening forfait 2 EUR 20:00-02:00; night forfait 2 EUR 02:00-07:00,,
strasbourg-live-p1-esplanade-centre-commercial,P1 Esplanade - Centre commercial,Strasbourg,251,P1 Esplanade - Centre commercial,Strasbourg,eur,Parcus,,1.6,12.0,0,,yes,https://www.parcus.com/parkings/p1-esplanade-centre-commercial/,EUR,tapered: 0.40 EUR/15 min to 1h30 (=1.60/h) then 0.30/15 min; 2nd-hour blended 1.40; evening/night forfait 2 EUR,,
strasbourg-live-parking-gutenberg,Parking Gutenberg,Strasbourg,244,Gutenberg,Strasbourg,eur,Parcus,,3.2,44.0,0,,yes,https://www.parcus.com/parkings/gutenberg/,EUR,"flat 0.80 EUR/15 min to 13h = 3.20/h; evening forfait 4 EUR, night forfait 2 EUR",,
strasbourg-live-parking-elsau,Parking Elsau,Strasbourg,220,Elsau,Strasbourg,eur,CTS / Eurometropole de Strasbourg,,,7.2,0,,yes,https://www.cts-strasbourg.eu/fr/nous-connaitre/notre-reseau/parkings/parking-relais/,EUR,"P+R, includes transit (bus+tram unlimited for 1-7 people); day ticket 4.20 EUR 04:30-02:00; 24h 7.20 EUR; 48h 14.40; 72h 21.60; +20 EUR/24h beyond 72h (transit NOT included past 72h); first 30 min free (depose-minute); free for CTS transit subscribers; only P+R accepting vehicles over 1.90 m (camping-cars/coaches)",,yes
strasbourg-live-parking-gare-courte-duree,Parking Gare courte durée,Strasbourg,188,Gare courte duree,Strasbourg,eur,Parcus,,4.0,56.0,0,,yes,https://www.parcus.com/parkings/gare-courte-duree/,EUR,"short-stay garage; first 30 min free; then 1.00 EUR/15 min = 4.00/h; evening forfait 4 EUR, night forfait 2 EUR",yes,
strasbourg-live-parking-espace-europeen-de-l-entreprise,Parking Espace européen de l'entreprise,Strasbourg,170,Espace Europeen de l'Entreprise,Strasbourg,eur,CTS / Eurometropole de Strasbourg,,,7.2,0,,yes,https://www.cts-strasbourg.eu/fr/nous-connaitre/notre-reseau/parkings/parking-relais/,EUR,"P+R, includes transit (bus+tram unlimited for 1-7 people); day ticket 4.20 EUR 04:30-02:00; 24h 7.20 EUR; 48h 14.40; 72h 21.60; +20 EUR/24h beyond 72h (transit NOT included past 72h); first 30 min free (depose-minute); free for CTS transit subscribers",,yes
strasbourg-live-parking-wolfisheim-henri-rendu,Parking Wolfisheim Henri Rendu,Strasbourg,103,Wolfisheim Henri Rendu,Strasbourg,eur,CTS / Eurometropole de Strasbourg,,,7.2,0,,yes,https://www.cts-strasbourg.eu/fr/nous-connaitre/notre-reseau/parkings/parking-relais/,EUR,"P+R, includes transit (bus+tram unlimited for 1-7 people); day ticket 4.20 EUR 04:30-02:00; 24h 7.20 EUR; 48h 14.40; 72h 21.60; +20 EUR/24h beyond 72h (transit NOT included past 72h); first 30 min free (depose-minute); free for CTS transit subscribers",,yes
strasbourg-live-parking-poteries,Parking Poteries,Strasbourg,102,Poteries,Strasbourg,eur,CTS / Eurometropole de Strasbourg,,,7.2,0,,yes,https://www.cts-strasbourg.eu/fr/nous-connaitre/notre-reseau/parkings/parking-relais/,EUR,"P+R, includes transit (bus+tram unlimited for 1-7 people); day ticket 4.20 EUR 04:30-02:00; 24h 7.20 EUR; 48h 14.40; 72h 21.60; +20 EUR/24h beyond 72h (transit NOT included past 72h); first 30 min free (depose-minute); free for CTS transit subscribers",,yes
strasbourg-live-parking-kibitzenau,Parking Kibitzenau,Strasbourg,93,Kibitzenau,Strasbourg,eur,CTS / Eurometropole de Strasbourg,,,7.2,0,,yes,https://www.cts-strasbourg.eu/fr/nous-connaitre/notre-reseau/parkings/parking-relais/,EUR,"P+R, includes transit (bus+tram unlimited for 1-7 people); day ticket 4.20 EUR 04:30-02:00; 24h 7.20 EUR; 48h 14.40; 72h 21.60; +20 EUR/24h beyond 72h (transit NOT included past 72h); first 30 min free (depose-minute); free for CTS transit subscribers",,yes
strasbourg-live-parking-robertsau-boecklin,Parking Robertsau Boecklin,Strasbourg,92,Boecklin,Strasbourg,eur,CTS / Eurometropole de Strasbourg,,,7.2,0,,yes,https://www.cts-strasbourg.eu/fr/nous-connaitre/notre-reseau/parkings/parking-relais/,EUR,"P+R, includes transit (bus+tram unlimited for 1-7 people); day ticket 4.20 EUR 04:30-02:00; 24h 7.20 EUR; 48h 14.40; 72h 21.60; +20 EUR/24h beyond 72h (transit NOT included past 72h); first 30 min free (depose-minute); free for CTS transit subscribers",,yes
amsterdam-live-p-115-oosterdok-E5152B9C,P-115_ Oosterdok,Amsterdam,1800,Parking Centrum Oosterdok,Amsterdam,eur,Parking Centrum Oosterdok,,8.0,45.0,0,,yes,https://parkingcentrumoosterdok.nl/tarieven/,EUR,"Operator site states 'Tarief per uur EUR 8,-' and 'Maximaal dagtarief EUR 45,-'. Address on operator site Oosterdoksstraat 140 (input coords 52.37601/4.90901 match). Capacity mismatch: input 1800, operator/aggregators ~1369.",,
npr-other-nl-e0f088ad-f1ee-40c4-ae79-170aa0784dd9-garage-p5-villa-arena-amsterdam,Garage P5 Villa ArenA (Amsterdam),Amsterdam,1354,P5 Villa ArenA,Amsterdam,eur,Gemeente Amsterdam,,3.72,37.0,0,,yes,https://www.amsterdam.nl/parkeren/gemeentelijke-parkeergarages/overzicht/p5-villa-arena/,EUR,"Page: EUR 0,62 per 10 minuten = EUR 3,72 per uur. No automatic 24h cap published; daily_cap is the 24-uur dagkaart (EUR 37) that must be reserved online via parkeergebouwenamsterdam.nl. Capacity 1354 matches input. Duplicate of no amsterdam-live row (P5 appears only in the NPR set).",,
npr-other-nl-43878fed-4dbf-4aef-a2b9-80168d11b5aa-garage-p4-villa-arena-amsterdam,Garage P4 Villa ArenA (Amsterdam),Amsterdam,1248,P4 Villa ArenA,Amsterdam,eur,Gemeente Amsterdam,,3.72,37.0,0,,yes,https://www.amsterdam.nl/parkeren/gemeentelijke-parkeergarages/overzicht/p4-villa-arena/,EUR,"Page: EUR 0,62 per 10 minuten = EUR 3,72 per uur. daily_cap is the online-reserved 24-uur dagkaart (EUR 37); no automatic 24h cap published. Capacity 1248 matches input. Duplicate of amsterdam-live-p-204.",,
amsterdam-live-p-105-euro-parking-opendata-55D76109,P-105_ Euro Parking (opendata),Amsterdam,710,Q-Park Europarking,Amsterdam,eur,Q-Park,,,55.0,0,,yes,https://www.q-park.nl/nl-nl/parkeren/amsterdam/europarking/,EUR,"hourly_rate NOT published as a single value: Q-Park publishes only a range, EUR 1,20 - EUR 2,30 per 15 min (= EUR 4.80-9.20/h) and does not state which time of day each end applies to, so no point hourly rate is recorded. daily_cap is exact. Verified via the page's own tariff feed /api/ParkingFacility/GetTariffsForFacility?facilityId=...&countryCode=NL. tariffs read from this page's own tariff feed (/api/ParkingFacility/GetTariffsForFacility?facilityId=11d4f7fb-112f-4711-92e8-cfc3a6b1cde5); the page's tariff widget itself errors. Q-Park publishes only a RANGE: EUR 1,20 - EUR 2,30 per 15 minuten. hourly_rate = high end x4 (EUR 2,30); low end would be EUR 4,80/h. Q-Park does not publish which time of day each end applies to. Max dagtarief EUR 55. Marnixstraat 250; RDW coords 52.36992/4.87667 match input.",,
amsterdam-live-p-112-markenhoven-1FA32E12,P-112_ Markenhoven,Amsterdam,651,Markenhoven,Amsterdam,eur,Gemeente Amsterdam,,9.0,90.0,0,,yes,https://www.amsterdam.nl/parkeren/gemeentelijke-parkeergarages/overzicht/markenhoven/,EUR,"Page: 'Per 10 minuten: EUR 1,50 / Per uur: EUR 9,- / Per 24 uur: EUR 90,-'. Anne Frankstraat 220. Capacity mismatch: input 651, page 352.",,
amsterdam-live-p-303-vu-campus-C2F5A8BC,P-303_ VU campus,Amsterdam,616,P3 VU Campus,Amsterdam,eur,Parkeerbedrijf VU-VUmc,,4.0,40.0,0,,yes,https://www.parkerenbijvu.nl/kortparkeren,EUR,"EUR 1 per 15 min; Parkeerbedrijf VU-VUmc publishes one tariff for every VU-VUmc garage; max per day EUR 40. Garage named on https://www.parkerenbijvu.nl/parkeerlocaties with 623 spaces, Van der Boechorststraat 5a (input capacity 616).",,
amsterdam-live-p-107-museumplein-opendata-983A3143,P-107_ Museumplein (opendata),Amsterdam,573,Q-Park Museumplein,Amsterdam,eur,Q-Park,,,60.0,0,,yes,https://www.q-park.nl/nl-nl/parkeren/amsterdam/museumplein/,EUR,"hourly_rate NOT published as a single value: Q-Park publishes only a range, EUR 1,60 - EUR 3,25 per 15 min (= EUR 6.40-13.00/h) and does not state which time of day each end applies to, so no point hourly rate is recorded. daily_cap is exact. Verified via the page's own tariff feed /api/ParkingFacility/GetTariffsForFacility?facilityId=...&countryCode=NL. tariffs read from this page's own tariff feed (/api/ParkingFacility/GetTariffsForFacility?facilityId=8f43f209-40a7-486d-aa15-921adddd28f7); the page's tariff widget itself errors. Q-Park publishes only a RANGE: EUR 1,60 - EUR 3,25 per 15 minuten. hourly_rate = high end x4; low end would be EUR 6,40/h. Time-of-day split not published. Max dagtarief EUR 60. Van Baerlestraat 33B; RDW coords 52.35687/4.88001 match input.",,
amsterdam-live-p-114-westergasfabriek-opendata-9F72057F,P-114_ Westergasfabriek (opendata),Amsterdam,504,Q-Park Westergasfabriek,Amsterdam,eur,Q-Park,,4.8,38.0,0,,yes,https://www.q-park.nl/nl-nl/parkeren/amsterdam/westergasfabriek/,EUR,"tariffs read from this page's own tariff feed (/api/ParkingFacility/GetTariffsForFacility?facilityId=36c937ce-1932-4605-bc8c-e335b4486b31); the page's tariff widget itself errors. Single published rate (no range): EUR 2,00 per 25 minuten = EUR 4,80 per uur. Max dagtarief EUR 38. RDW coords 52.38462/4.86662 match input.",,
npr-other-nl-c2b50ef9-12a3-4ac5-b2b4-8bf0d896c98b-garage-olympisch-stadion-amsterdam,Garage Olympisch Stadion (Amsterdam),Amsterdam,500,Olympisch Stadion,Amsterdam,eur,Interparking,,5.0,50.0,0,,yes,https://www.interparking.nl/nl/find-parking/Olympisch-Stadion,EUR,"P+R, transit-conditional - the number recorded here is the NON-transit standard Interparking tariff: EUR 1,00 per 12 minuten = EUR 5,00/h, 24 uren EUR 50,00. The same site also sells the municipal P+R rate (EUR 6 per 24 uur off-peak / EUR 13 first 24 uur before 10:00 Mon-Fri) which requires travelling to the centre by public transport - see https://www.amsterdam.nl/parkeren/parkeren-reizen/plaatsen-binnen-stad/pr-olympisch-stadion/. IDENTITY UNCERTAIN: Interparking gives Laan der Hesperiden 80 while this NPR record gives nr 66 and operator 'P1' (NPR tariff data last changed 2013).",,yes
npr-other-nl-6b50b2e9-1d84-444d-a1d4-d09b0421a226-parkeergarage-p2-vumc-acta-amsterdam,Parkeergarage P2 VUmc ACTA (Amsterdam),Amsterdam,455,P2 VUmc,Amsterdam,eur,Parkeerbedrijf VU-VUmc,,4.0,40.0,0,,yes,https://www.parkerenbijvu.nl/kortparkeren,EUR,"EUR 1 per 15 min; Parkeerbedrijf VU-VUmc publishes one tariff for every VU-VUmc garage; max per day EUR 40. P+R, transit-conditional - the number recorded here is the standard NON-transit tariff. This same garage is the municipal 'Weekend P+R VUmc': Fri 18:00-Mon 04:00 it costs EUR 6 per 24 uur if you travel to Amsterdam centre and back by public transport. Garage named on /parkeerlocaties, 451 spaces, Gustav Mahlerlaan 3004 (input 455).",,yes
npr-other-nl-4a9684bf-f532-4248-9f43-1334233dc5d5-p-r-vumc-amsterdam,P+R VUmc (Amsterdam),Amsterdam,450,P+R Weekend VUmc,Amsterdam,eur,Gemeente Amsterdam / Parkeerbedrijf VU-VUmc,,,6.0,0,,yes,https://www.amsterdam.nl/parkeren/parkeren-reizen/plaatsen-binnen-stad/pr-vumc/,EUR,"P+R, transit-conditional - the number recorded here IS the transit-conditional variant: EUR 6 per 24 uur, valid only Fri 18:00 - Mon 04:00 and on public holidays, and only if you travel to/from Amsterdam centre by OV-chipkaart or paper GVB ticket (no OVpay, no barcode, no paper NS ticket). No hourly P+R rate is published, so hourly_rate is blank. Physically the same garage as P2 VUmc / ACTA (Gustav Mahlerlaan 3004), where outside P+R hours the standard tariff is EUR 1 per 15 min (EUR 4,00/h, max EUR 40/day) per https://www.parkerenbijvu.nl/kortparkeren.",,yes
amsterdam-live-p-302-vumc-acta-359DE5D5,P-302_ VUmc (ACTA),Amsterdam,449,P2 VUmc,Amsterdam,eur,Parkeerbedrijf VU-VUmc,,4.0,40.0,0,,yes,https://www.parkerenbijvu.nl/kortparkeren,EUR,"EUR 1 per 15 min; Parkeerbedrijf VU-VUmc publishes one tariff for every VU-VUmc garage; max per day EUR 40. P+R, transit-conditional - the number recorded here is the standard NON-transit tariff. This garage doubles as the municipal 'Weekend P+R VUmc' (EUR 6 per 24 uur Fri 18:00-Mon 04:00, conditional on using public transport). 451 spaces, Gustav Mahlerlaan 3004 (input 449).",,yes
amsterdam-live-p-106-byzantium-opendata-06757815,P-106_ Byzantium (opendata),Amsterdam,446,Q-Park Byzantium,Amsterdam,eur,Q-Park,,,68.0,0,,yes,https://www.q-park.nl/nl-nl/parkeren/amsterdam/byzantium/,EUR,"hourly_rate NOT published as a single value: Q-Park publishes only a range, EUR 1,60 - EUR 3,25 per 15 min (= EUR 6.40-13.00/h) and does not state which time of day each end applies to, so no point hourly rate is recorded. daily_cap is exact. Verified via the page's own tariff feed /api/ParkingFacility/GetTariffsForFacility?facilityId=...&countryCode=NL. tariffs read from this page's own tariff feed (/api/ParkingFacility/GetTariffsForFacility?facilityId=94689516-d301-4a31-b571-45077e7e0e84); the page's tariff widget itself errors. Q-Park publishes only a RANGE: EUR 1,60 - EUR 3,25 per 15 minuten. hourly_rate = high end x4; low end would be EUR 6,40/h. Max dagtarief EUR 68. Tesselschadestraat 1G; RDW coords 52.36201/4.87991 match input.",,
amsterdam-live-p-109-bijenkorf-opendata-3C4F940F,P-109_ Bijenkorf (opendata),Amsterdam,431,Q-Park de Bijenkorf,Amsterdam,eur,Q-Park,,,65.0,0,,yes,https://www.q-park.nl/nl-nl/parkeren/amsterdam/de-bijenkorf/,EUR,"hourly_rate NOT published as a single value: Q-Park publishes only a range, EUR 1,60 - EUR 3,50 per 15 min (= EUR 6.40-14.00/h) and does not state which time of day each end applies to, so no point hourly rate is recorded. daily_cap is exact. Verified via the page's own tariff feed /api/ParkingFacility/GetTariffsForFacility?facilityId=...&countryCode=NL. tariffs read from this page's own tariff feed (/api/ParkingFacility/GetTariffsForFacility?facilityId=62927aef-c1e1-4cfe-96c9-b6401f9e2627); the page's tariff widget itself errors. Q-Park publishes only a RANGE: EUR 1,60 - EUR 3,50 per 15 minuten. hourly_rate = high end x4; low end would be EUR 6,40/h. Max dagtarief EUR 65. Beursplein 15; RDW coords 52.37383/4.89518 match input.",,
npr-other-nl-bbd15dc0-b00a-47ca-bbda-799883106891-parkeergarage-p1-vumc-westflank-amsterdam,Parkeergarage P1 VUmc Westflank (Amsterdam),Amsterdam,415,P1 VUmc,Amsterdam,eur,Parkeerbedrijf VU-VUmc,,4.0,40.0,0,,yes,https://www.parkerenbijvu.nl/kortparkeren,EUR,"EUR 1 per 15 min; Parkeerbedrijf VU-VUmc publishes one tariff for every VU-VUmc garage; max per day EUR 40. Garage named on https://www.parkerenbijvu.nl/parkeerlocaties with 412 spaces, Amstelveenseweg 587 (input 415, same address).",,
amsterdam-live-p-301-vumc-westflank-D7734029,P-301_ VUmc (westflank),Amsterdam,411,P1 VUmc,Amsterdam,eur,Parkeerbedrijf VU-VUmc,,4.0,40.0,0,,yes,https://www.parkerenbijvu.nl/kortparkeren,EUR,"EUR 1 per 15 min; Parkeerbedrijf VU-VUmc publishes one tariff for every VU-VUmc garage; max per day EUR 40. Garage named on /parkeerlocaties, 412 spaces, Amstelveenseweg 587 (input capacity 411). Duplicate of the NPR 'P1 VUmc Westflank' row.",,
amsterdam-live-p-104-amsterdam-centraal-opendata-FEEB21D6,P-104_ Amsterdam Centraal (opendata),Amsterdam,410,Q-Park Amsterdam Centraal,Amsterdam,eur,Q-Park,,,65.0,0,,yes,https://www.q-park.nl/nl-nl/parkeren/amsterdam/amsterdam-centraal/,EUR,"hourly_rate NOT published as a single value: Q-Park publishes only a range, EUR 1,60 - EUR 3,50 per 15 min (= EUR 6.40-14.00/h) and does not state which time of day each end applies to, so no point hourly rate is recorded. daily_cap is exact. Verified via the page's own tariff feed /api/ParkingFacility/GetTariffsForFacility?facilityId=...&countryCode=NL. tariffs read from this page's own tariff feed (/api/ParkingFacility/GetTariffsForFacility?facilityId=9108294e-9401-4f98-ad47-b014a512438a); the page's tariff widget itself errors. Q-Park publishes only a RANGE: EUR 1,60 - EUR 3,50 per 15 minuten. hourly_rate = high end x4; low end would be EUR 6,40/h. Max dagtarief EUR 65. Prins Hendrikkade 20A (input coords 52.37907/4.89722, ~150 m away) - identity rests on the exact name match.",,
amsterdam-live-p-222-amsterdamse-poort-p22-opendata-A58994BA,P-222_ Amsterdamse Poort P22 (opendata),Amsterdam,405,Q-Park Amsterdamse Poort P22,Amsterdam,eur,Q-Park,,2.1,20.0,0,,yes,https://www.q-park.nl/nl-nl/parkeren/amsterdam/amsterdamse-poort-p22/,EUR,"tariffs read from this page's own tariff feed (/api/ParkingFacility/GetTariffsForFacility?facilityId=96364555-de2f-4f45-9271-3819040e3bd6); the page's tariff widget itself errors. Published: 'Eerste 2 uur, per 20 minuten EUR 0,70' = EUR 2,10/h (the 2nd hour is still inside this band, so this is the marginal 2nd-hour rate); 'Na 2 uur, per 60 minuten EUR 2,00'. Max dagtarief EUR 20. Priced from the P22 page only.",,
amsterdam-live-p-204-p4-villa-arena-2D5FB192,P-204_ P4 Villa Arena,Amsterdam,347,P4 Villa ArenA,Amsterdam,eur,Gemeente Amsterdam,,3.72,37.0,0,,yes,https://www.amsterdam.nl/parkeren/gemeentelijke-parkeergarages/overzicht/p4-villa-arena/,EUR,"Page: EUR 0,62 per 10 minuten = EUR 3,72 per uur. daily_cap is the online-reserved 24-uur dagkaart (EUR 37); no automatic 24h cap published. Capacity mismatch: input 347, page 1248 (the live feed appears to count only short-stay spaces). Duplicate of the NPR 'Garage P4 Villa ArenA' row.",,
amsterdam-live-p-223-amsterdamse-poort-p23-opendata-1A6E8858,P-223_ Amsterdamse Poort P23 (opendata),Amsterdam,346,Q-Park Amsterdamse Poort P23,Amsterdam,eur,Q-Park,,2.1,20.0,0,,yes,https://www.q-park.nl/nl-nl/parkeren/amsterdam/amsterdamse-poort-p23/,EUR,"tariffs read from this page's own tariff feed (/api/ParkingFacility/GetTariffsForFacility?facilityId=8809c223-68b1-4022-b58f-cab00f3c6389); the page's tariff widget itself errors. Published: 'Eerste 2 uur, per 20 minuten EUR 0,70' = EUR 2,10/h; 'Na 2 uur, per 60 minuten EUR 2,00'. Max dagtarief EUR 20. Priced from the P23 page only.",,
amsterdam-live-p-102-olympisch-stadion-A557D1AD,P-102_ Olympisch Stadion,Amsterdam,250,Olympisch Stadion,Amsterdam,eur,Interparking,,5.0,50.0,0,,yes,https://www.interparking.nl/nl/find-parking/Olympisch-Stadion,EUR,"P+R, transit-conditional - the number recorded here is the NON-transit standard Interparking tariff: EUR 1,00 per 12 minuten = EUR 5,00/h, 24 uren EUR 50,00 (Laan der Hesperiden 80). The municipal P+R rate at the same site is EUR 6 per 24 uur (arrival after 10:00 Mon-Fri, weekends/holidays) or EUR 13 for the first 24 uur (arrival before 10:00 Mon-Fri), conditional on travelling to the centre by public transport - https://www.amsterdam.nl/parkeren/parkeren-reizen/plaatsen-binnen-stad/pr-olympisch-stadion/. Input coords 52.343/4.8536 are ~200 m from the garage entrance.",,yes
amsterdam-live-p-125-ijdock-855FC36A,P-125_ IJdock,Amsterdam,244,IJDock,Amsterdam,eur,Interparking,,8.25,50.0,0,,yes,https://www.interparking.nl/nl/find-parking/IJDock,EUR,"Published table columns are 'Tijd | Pcard+ | Prijs': normal price EUR 2,75 per 20 minuten = EUR 8,25/h and 24 uren EUR 50,00. The Pcard+ (discount card) column is EUR 2,34 per 20 min / EUR 42,50 per 24 uur - not used here. RDW coords 52.38473/4.89423 match input.",,
amsterdam-live-p-221-amsterdamse-poort-p21-opendata-0A3F9044,P-221_ Amsterdamse Poort P21 (opendata),Amsterdam,244,Q-Park Amsterdamse Poort P21,Amsterdam,eur,Q-Park,,2.1,20.0,0,,yes,https://www.q-park.nl/nl-nl/parkeren/amsterdam/amsterdamse-poort-p21/,EUR,"tariffs read from this page's own tariff feed (/api/ParkingFacility/GetTariffsForFacility?facilityId=f95e7efd-5c1c-4c2f-a763-b1820c1fdec9); the page's tariff widget itself errors. Published: 'Eerste 2 uur, per 20 minuten EUR 0,70' = EUR 2,10/h; 'Na 2 uur, per 60 minuten EUR 2,00'. Max dagtarief EUR 20. Bijlmerplein 101. Priced from the P21 page only.",,
amsterdam-live-p-111-waterlooplein-opendata-B56E7150,P-111_ Waterlooplein (opendata),Amsterdam,200,Q-Park Waterlooplein,Amsterdam,eur,Q-Park,,,65.0,0,,yes,https://www.q-park.nl/nl-nl/parkeren/amsterdam/waterlooplein/,EUR,"hourly_rate NOT published as a single value: Q-Park publishes only a range, EUR 1,60 - EUR 3,50 per 15 min (= EUR 6.40-14.00/h) and does not state which time of day each end applies to, so no point hourly rate is recorded. daily_cap is exact. Verified via the page's own tariff feed /api/ParkingFacility/GetTariffsForFacility?facilityId=...&countryCode=NL. tariffs read from this page's own tariff feed (/api/ParkingFacility/GetTariffsForFacility?facilityId=e33d4b38-ab53-4937-8dee-67b185fd8c96); the page's tariff widget itself errors. Q-Park publishes only a RANGE: EUR 1,60 - EUR 3,50 per 15 minuten. hourly_rate = high end x4; low end would be EUR 6,40/h. Max dagtarief EUR 65. Valkenburgerstraat 238; RDW coords 52.3691/4.9043 match input exactly.",,
amsterdam-live-p-203-p3-mikado-C5E8592D,P-203_ P3 Mikado,Amsterdam,190,P3 Mikado,Amsterdam,eur,Gemeente Amsterdam,,3.72,37.2,0,,yes,https://www.amsterdam.nl/parkeren/gemeentelijke-parkeergarages/overzicht/p3-mikado/,EUR,"Page: 'Per 10 minuten: EUR 0,62 / Per uur: EUR 3,72 / Per 24 uur: EUR 37,20'. A reserved online dagkaart is EUR 37. Capacity mismatch: input 190, page 366. Page address De Entree 228 (Amsterdam's own pages appear to have the De Entree numbers of P3/P4 crossed).",,
amsterdam-live-p-126-rembrandtplein-A4614D34,P-126_ Rembrandtplein,Amsterdam,116,The Bank,Amsterdam,eur,Interparking,,13.0,80.0,0,,yes,https://www.interparking.nl/nl/find-parking/The-Bank,EUR,"Published: EUR 3,25 per 15 minuten = EUR 13,00/h, 24 uren EUR 80,00. Amstelstraat 12, on the Rembrandtplein - RDW coords for Garage The Bank are 52.3662/4.8986 vs this row's 52.366058/4.898584, i.e. the SAME physical garage as the NPR 'Garage The Bank' row.",,
npr-other-nl-a63813f7-8dda-43e9-bd52-aed6675b88a8-garage-the-bank-amsterdam,Garage The Bank (Amsterdam),Amsterdam,110,The Bank,Amsterdam,eur,Interparking,,13.0,80.0,0,,yes,https://www.interparking.nl/nl/find-parking/The-Bank,EUR,"Published: EUR 3,25 per 15 minuten = EUR 13,00/h, 24 uren EUR 80,00. Amstelstraat 12 matches the input address exactly. NPR still lists operator 'ParkKing' with 2013 tariffs (EUR 5/h, dagkaart EUR 50) - stale, and parkking.nl is now a parked domain; Interparking is the current operator. Duplicate of amsterdam-live-p-126-rembrandtplein.",,
odh-108,P08 - BZ Centro via Mayr Nusser,Bolzano,1055,Parcheggio BZ Centro,Bolzano,eur,SEAB,,2.0,20.0,0,,yes,https://www.seab.bz.it/it/parcheggio/parcheggio-bolzano-centro,EUR,daytime 08:00-20:00; night rate 1.20/h 20:00-08:00; also has a separate bus tariff (10/14/26/40 EUR); SEAB page says 1265 car spaces vs 1055 in ODH; via Mayr Nusser 24,,
odh-609883-0,Parcheggio Waltherpark,Bolzano,514,Parcheggio Waltherpark,Bolzano,eur,Best in Parking,,4.5,24.0,0,,yes,https://www.bestinparking.com/it/it/garage/parcheggio-waltherpark,EUR,"first hour and each further started hour both 4.50, validity 06:00-20:00; night rate 1.00/h 20:00-06:00; discounted Bmove-app rate 2.50/h, 19.00 daily cap and 10.00 10-hour cap; opened Sept 2025; page says 547 spaces vs 514 in ODH; Piazzetta Alto Adige 1, vehicle entrance via Josef Mayr Nusser",,
odh-106,P06 - Lauben Parking Portici,Bolzano,459,Parcheggio Lauben Portici,Bolzano,eur,APCOA Italia S.p.A.,,3.5,20.0,0,,yes,https://www.apcoa.it/en/short-break/locations/bolzano/parcheggio-lauben-portici,EUR,"flat 3.50 per hour or part thereof, no day/night split; max daily (24 h) 20.00; open 24/7; APCOA took over management 05.03.2026 (Telepass still shows the old 2.50/h tariff); 456 spaces on 3 levels, 156 of them reserved for Provincial staff; English-language page",,
odh-115,P15 - Palasport via Resia,Bolzano,425,Parcheggio Palasport,Bolzano,eur,SEAB,,0.3,,0,,yes,https://www.seab.bz.it/it/parcheggio/parcheggio-palasport,EUR,"flat 0.30/h, no day/night split and no 24h cap published; 1.50 EUR flat for Palasport events; open 0-24; address given as via Milano 192/B (ODH name says via Resia); 425 car spaces, matches ODH exactly",,
odh-103,P03 - Piazza Walther,Bolzano,403,Parcheggio Piazza Walther,Bolzano,eur,Best in Parking,,4.5,24.0,0,,yes,https://www.bestinparking.com/it/it/garage/parcheggio-piazza-walther,EUR,"first hour 4.50 and each further hour/fraction 4.50; night rate 1.00/h 20:00-06:00; discounted Bmove-app rate 2.50/h and 19.00 daily; page says 405 spaces vs 403 in ODH; address Piazza Walther 10/A, vehicle entrance via Mayr Nusser",,
odh-urn-parking-skidata-f383171a-0ec4-5371-b4f6-8ba7b866a55d,Parcheggio NOI Techpark,Bolzano,245,NOI Techpark - underground car park (entrance via Volta),Bolzano,eur,NOI Spa (NOI Techpark),,1.5,,0,,yes,https://noi.bz.it/en/contact-map,EUR,"1.50 EUR/hour incl. VAT, stated in the 'by car or motorbike' travel section; the page gives the garage no formal name; no 24h cap published; barrier ticket validated at pay station; open Mon-Fri 05:45-23:00, Sat 08:00-20:30; English-language page; via Volta 13/A, east side of building A5",,
odh-112,P12 – Piazza Tribunale,Bolzano,174,Parcheggio Tribunale,Bolzano,eur,SEAB,,1.5,,0,,yes,https://www.seab.bz.it/it/parcheggio/parcheggio-tribunale,EUR,"daytime 08:00-20:00; night rate 1.00/h 20:00-08:00; no 24h cap published, but a 8.00 EUR weekend flat rate (Fri 17:00-24:00 or Sat 08:00-13:00 entry to Mon 08:00); SEAB page says 300 spaces vs 174 in ODH; Piazza Tribunale 4, access via Duca d'Aosta",,
odh-105,P05 - Laurin,Bolzano,90,Parcheggio Laurin Parking,Bolzano,eur,Best in Parking,,3.9,27.0,0,,yes,https://www.bestinparking.com/it/it/garage/parcheggio-laurin-parking,EUR,3.90/h 06:00-20:00; 2.80/h 20:00-24:00; 1.80/h 24:00-06:00; via Laurin 4; page says 98 spaces vs 90 in ODH,,
firenze-live-7,Parterre,Firenze,996,Parterre,Firenze,eur,Firenze Parcheggi,,2.0,15.0,0,,yes,https://www.fipark.com/parcheggi/parterre/,EUR,"1st hour non-fractionable EUR 2.00, from 2nd hour fractioned per 30 min at same rate; ""tariffa intero giorno"" EUR 15.00; separate discounted ""bmove"" app column also published (same values here)",,
firenze-live-1,Stazione Santa Maria Novella,Firenze,880,Parcheggio Stazione Santa Maria Novella,Firenze,eur,Firenze Parcheggi,,4.0,,0,,yes,https://www.fipark.com/parcheggi/stazione-santa-maria-novella/,EUR,"TARIFFA AUTO: 1st hour non-fractionable EUR 4.00, from 2nd hour fractioned per 30 min; page states ""tariffa giornaliera: non disponibile"" so no 24h cap; discounted bmove app rate EUR 3.80/h; centro storico, under the SMN station",,
firenze-live-2,Pieraccini Meyer,Firenze,872,Pieraccini Meyer,Firenze,eur,Firenze Parcheggi,,1.0,4.0,0,,yes,https://www.fipark.com/parcheggi/pieraccini-meyer/,EUR,"hospital car park (Ospedale Pediatrico Meyer); EUR 0.50 per 30 min = 1.00/h for 00:00-12:30, 14:30-18:30 and 20:30-00:00; EUR 0.50 per full hour in 12:30-14:30 and 18:30-20:30; ""tariffa massima giornaliera"" EUR 4.00 (for stays over 4h)",,
firenze-live-3,Stazione Fortezza Fiera,Firenze,521,Stazione Fortezza Fiera,Firenze,eur,Firenze Parcheggi,,2.0,20.0,0,,yes,https://www.fipark.com/parcheggi/stazione-fortezza-fiera/,EUR,"ogni ora non frazionabile EUR 2.00; tariffa giornaliera EUR 20.00; discounted bmove app rate EUR 1.60/h; Fortezza da Basso, fair/event parking",,
firenze-live-11,Careggi CTO,Firenze,508,Careggi CTO,Firenze,eur,Firenze Parcheggi,,1.0,4.0,0,,yes,https://www.fipark.com/parcheggi/careggi-cto/,EUR,"hospital car park (AOU Careggi CTO, pronto soccorso); EUR 0.50 per 30 min = 1.00/h for 00:00-12:30, 14:30-18:30 and 20:30-00:00; EUR 0.50 per full hour in 12:30-14:30 and 18:30-20:30; ""tariffa massima giornaliera"" EUR 4.00",,
firenze-live-6,Sant’Ambrogio,Firenze,379,Sant'Ambrogio,Firenze,eur,Firenze Parcheggi,,3.0,,0,,yes,https://www.fipark.com/parcheggi/santambrogio/,EUR,market car park; weekdays 07:00-14:00 1st hour EUR 2.00 then 2nd hour onward EUR 3.00/h fractioned per 30 min (marginal rate used); 14:00-07:00 and Sundays/holidays EUR 3.00/h; reduced market-operator/customer tariff by voucher; no daily cap published,,
firenze-live-9,Porta al Prato - Leopolda,Firenze,371,Porta al Prato – Leopolda,Firenze,eur,Firenze Parcheggi,,2.0,20.0,0,,yes,https://www.fipark.com/parcheggi/porta-al-prato-leopolda/,EUR,"1st hour non-fractionable EUR 2.00, from 2nd hour EUR 2.00/h fractioned per 30 min; tariffa giornaliera EUR 20.00; discounted bmove app rate EUR 1.00 for the 1st hour; connected to the tramway",,
firenze-live-5,Alberti,Firenze,313,Alberti,Firenze,eur,Firenze Parcheggi,,2.0,15.0,0,,yes,https://www.fipark.com/parcheggi/alberti/,EUR,daytime 08:00-20:00 ogni ora non frazionabile EUR 2.00; night 20:00-08:00 flat (forfait) EUR 1.00; tariffa intero giorno EUR 15.00; discounted bmove app rate EUR 1.60/h,,
firenze-live-13,Palazzo di Giustizia – Novoli,Firenze,242,Palazzo di Giustizia – Novoli,Firenze,eur,Firenze Parcheggi,,1.0,15.0,0,,yes,https://www.fipark.com/parcheggi/palazzo-di-giustizia-novoli/,EUR,"1st hour non-fractionable EUR 1.00, from 2nd hour EUR 1.00/h fractioned per 30 min; tariffa giornaliera EUR 15.00",,
firenze-live-10,Oltrarno – Calza,Firenze,218,Oltrarno – Calza,Firenze,eur,Firenze Parcheggi,,3.0,,0,,yes,https://www.fipark.com/parcheggi/oltrarno-calza/,EUR,"1st hour non-fractionable EUR 3.00, from 2nd hour EUR 3.00/h fractioned per 30 min; page states ""tariffa giornaliera: non disponibile""; discounted bmove app rate EUR 2.00/h",,
firenze-live-8,Beccaria,Firenze,202,Beccaria,Firenze,eur,Firenze Parcheggi,,2.0,,0,,yes,https://www.fipark.com/parcheggi/beccaria/,EUR,"ogni ora non frazionabile EUR 2.00; page states ""tariffa giornaliera: non disponibile""; discounted bmove app rate EUR 1.70/h; centro storico",,
firenze-live-999,San Lorenzo - Mercato Centrale,Firenze,175,San Lorenzo - Mercato Centrale,Firenze,eur,Firenze Parcheggi,,4.0,,0,,yes,https://www.fipark.com/parcheggi/san-lorenzo-mercato-centrale/,EUR,"market car park; weekdays 07:00-14:00 1st hour EUR 2.80, 2nd hour EUR 4.00 (marginal rate used), 3rd hour onward EUR 8.00 each; 14:00-07:00 and Sundays/holidays EUR 2.00/h; reduced market-operator/customer tariff by voucher; no daily cap published",,
firenze-live-4,Stazione Binario 16,Firenze,41,Stazione Binario 16,Firenze,eur,Firenze Parcheggi,,2.0,,0,,yes,https://www.fipark.com/parcheggi/stazione-binario-16/,EUR,"ogni ora non frazionabile EUR 2.00; page states ""tariffa giornaliera: non disponibile""; discounted bmove app rate EUR 1.60/h; small 41-space lot at Piazzale Montelungo",,
fintraffic-619,Kauppakeskus Ruoholahti,Helsinki,141,P-Ruoholahti,Helsinki,eur,EuroPark Finland Oy,,3.0,24.0,0,,yes,https://www.europark.fi/pysakointi/p-ruoholahti/,EUR,"1st hour free, 2nd hour 3.00 (used as marginal rate), following hours 4.00 (2.00/starting 30 min); 24h continuous max 24.00. P+R bays on floor -5: first 12 h 2.00 EUR, requires HSL mobile-ticket QR or HSL card to be shown at start - P+R, transit-conditional. Hourly/daily figures are the general garage tariff, not the P+R fee. LIIPI id 619 pricingMethod=PAID_12H, authenticationMethods=[HSL_TICKET].",yes,yes
fintraffic-1090,Vuosaaren Mosaiikkiparkki,Helsinki,128,Vuosaaren Mosaiikkiparkki,Helsinki,eur,Kaupunkiliikenne Oy,,0.0,,0,,yes,https://parking.fintraffic.fi/api/v1/facilities/1090,EUR,"no 24h maximum published: free only for a max 12h stay (LIIPI FREE_12H), so daily_cap left blank rather than 0. Daily opening hours 05-24. LIIPI alias 'Mosaiikkitorin Pysakointi'. free, liityntapysakointi, free for max 12 h (LIIPI pricingMethod=FREE_12H). No fee published for this site in any tariff row. P+R, transit-conditional (LIIPI usages=[PARK_AND_RIDE], authenticationMethods=[] so no per-site ticket check is recorded; HSL's general P+R rules require a valid HSL ticket).",yes,yes
fintraffic-1031,Kulosaaren puistotie läntinen P2,Helsinki,96,Kulosaaren puistotie läntinen P2,Helsinki,eur,Aimo Park Finland Oy,,,1.0,0,,yes,https://parking.fintraffic.fi/api/v1/facilities/1031,EUR,"Flat 1.00 EUR for the first 12 h (LIIPI pricingMethod=PAID_12H, price='1'); no hourly tariff published, so hourly_rate left blank and the flat fee recorded as the max charge for the longest permitted stay (12 h, not 24 h). Field semantics verified: the identical PAID_12H price='2' at LIIPI id 619 equals EuroPark's published 'first 12 hours 2.00 EUR'. LIIPI priceExtra='1' is undocumented. No Aimo Park page for this site could be found. P+R, transit-conditional (LIIPI usages=[PARK_AND_RIDE], authenticationMethods=[] so no per-site ticket check is recorded; HSL's general P+R rules require a valid HSL ticket).",,yes
fintraffic-517,Muuntajankatu P4,Helsinki,79,Muuntajankatu P4,Helsinki,eur,FLS Finland,,0.0,,0,,yes,https://parking.fintraffic.fi/api/v1/facilities/517,EUR,"no 24h maximum published: free only for a max 12h stay (LIIPI FREE_12H), so daily_cap left blank rather than 0. free, liityntapysakointi, free for max 12 h (LIIPI pricingMethod=FREE_12H). No fee published for this site in any tariff row. P+R, transit-conditional (LIIPI usages=[PARK_AND_RIDE], authenticationMethods=[] so no per-site ticket check is recorded; HSL's general P+R rules require a valid HSL ticket).",yes,yes
fintraffic-473,Takkakuja,Helsinki,72,Takkakuja,Helsinki,eur,FLS Finland,,0.0,,0,,yes,https://parking.fintraffic.fi/api/v1/facilities/473,EUR,"no 24h maximum published: free only for a max 12h stay (LIIPI FREE_12H), so daily_cap left blank rather than 0. free, liityntapysakointi, free for max 12 h (LIIPI pricingMethod=FREE_12H). No fee published for this site in any tariff row. P+R, transit-conditional (LIIPI usages=[PARK_AND_RIDE], authenticationMethods=[] so no per-site ticket check is recorded; HSL's general P+R rules require a valid HSL ticket).",yes,yes
fintraffic-303,Eskolantie P1,Helsinki,66,Eskolantie P1,Helsinki,eur,FLS Finland,,0.0,0.0,0,,yes,https://parking.fintraffic.fi/api/v1/facilities/303,EUR,"free, liityntapysakointi, free 24/7 (LIIPI pricingMethod=PARK_AND_RIDE_247_FREE). No fee published for this site in any tariff row. P+R, transit-conditional (LIIPI usages=[PARK_AND_RIDE], authenticationMethods=[] so no per-site ticket check is recorded; HSL's general P+R rules require a valid HSL ticket).",yes,yes
fintraffic-268,Raidekuja,Helsinki,65,Raidekuja,Helsinki,eur,Kaupunkiliikenne Oy,,0.0,0.0,0,,yes,https://parking.fintraffic.fi/api/v1/facilities/268,EUR,"LIIPI status=EXCEPTIONAL_SITUATION, but the attached note refers to roadworks in May-June 2024 and appears stale. free, liityntapysakointi, free 24/7 (LIIPI pricingMethod=PARK_AND_RIDE_247_FREE). No fee published for this site in any tariff row. P+R, transit-conditional (LIIPI usages=[PARK_AND_RIDE], authenticationMethods=[] so no per-site ticket check is recorded; HSL's general P+R rules require a valid HSL ticket).",yes,yes
fintraffic-46,Haagan pappilantie,Helsinki,63,Haagan pappilantie,Helsinki,eur,FLS Finland,,0.0,,0,,yes,https://parking.fintraffic.fi/api/v1/facilities/46,EUR,"no 24h maximum published: free only for a max 12h stay (LIIPI FREE_12H), so daily_cap left blank rather than 0. free, liityntapysakointi, free for max 12 h (LIIPI pricingMethod=FREE_12H). No fee published for this site in any tariff row. P+R, transit-conditional (LIIPI usages=[PARK_AND_RIDE], authenticationMethods=[] so no per-site ticket check is recorded; HSL's general P+R rules require a valid HSL ticket).",yes,yes
fintraffic-507,Siilitie läntinen P1,Helsinki,53,Siilitie läntinen P1,Helsinki,eur,FLS Finland,,0.0,,0,,yes,https://parking.fintraffic.fi/api/v1/facilities/507,EUR,"no 24h maximum published: free only for a max 12h stay (LIIPI FREE_12H), so daily_cap left blank rather than 0. free, liityntapysakointi, free for max 12 h (LIIPI pricingMethod=FREE_12H). No fee published for this site in any tariff row. P+R, transit-conditional (LIIPI usages=[PARK_AND_RIDE], authenticationMethods=[] so no per-site ticket check is recorded; HSL's general P+R rules require a valid HSL ticket).",yes,yes
fintraffic-755,Lauttasaarentie,Helsinki,48,P-Lauttis,Helsinki,eur,EuroPark Finland Oy,,2.2,,0,,yes,https://www.europark.fi/pysakointi/p-lauttis/,EUR,"Mon-Sun 00-24 2.20 EUR/h (1.10 per starting 30 min), minimum charge 1.10; no 24h cap published. P+R bays on level P2 signed 'P+Metro 6-17': Mon-Fri 06-17 flat 2.00 EUR/parking occasion - P+R, transit-conditional. Hourly figure is the general garage tariff, not the P+R fee. LIIPI id 755 pricingMethod=CUSTOM; LIIPI still lists the stale 1.00/30 min (=2.00/h) rate and a dead operator URL.",,yes
fintraffic-16,Luutnantinaukio,Helsinki,45,Luutnantinaukio,Helsinki,eur,Kaupunkiliikenne Oy,,0.0,,0,,yes,https://parking.fintraffic.fi/api/v1/facilities/16,EUR,"no 24h maximum published: free only for a max 12h stay (LIIPI FREE_12H), so daily_cap left blank rather than 0. LIIPI status=EXCEPTIONAL_SITUATION, but the attached note refers to roadworks in May-June 2024 and appears stale. free, liityntapysakointi, free for max 12 h (LIIPI pricingMethod=FREE_12H). No fee published for this site in any tariff row. P+R, transit-conditional (LIIPI usages=[PARK_AND_RIDE], authenticationMethods=[] so no per-site ticket check is recorded; HSL's general P+R rules require a valid HSL ticket).",yes,yes
fintraffic-283,Jäkälätie 10 eteläinen,Helsinki,42,Jäkälätie 10 eteläinen,Helsinki,eur,Kaupunkiliikenne Oy,,0.0,,0,,yes,https://parking.fintraffic.fi/api/v1/facilities/283,EUR,"no 24h maximum published: free only for a max 12h stay (LIIPI FREE_12H), so daily_cap left blank rather than 0. LIIPI builtCapacity CAR=54 but only 32 CAR spaces carry the P+R tariff row. free, liityntapysakointi, free for max 12 h (LIIPI pricingMethod=FREE_12H). No fee published for this site in any tariff row. P+R, transit-conditional (LIIPI usages=[PARK_AND_RIDE], authenticationMethods=[] so no per-site ticket check is recorded; HSL's general P+R rules require a valid HSL ticket).",yes,yes
fintraffic-579,Rastilan metroasema,Helsinki,42,Rastilan metroasema,Helsinki,eur,Kaupunkiliikenne Oy,,0.0,0.0,0,,yes,https://parking.fintraffic.fi/api/v1/facilities/579,EUR,"LIIPI status=EXCEPTIONAL_SITUATION, but the attached note refers to roadworks in May-June 2024 and appears stale. free, liityntapysakointi, free 24/7 (LIIPI pricingMethod=PARK_AND_RIDE_247_FREE). No fee published for this site in any tariff row. P+R, transit-conditional (LIIPI usages=[PARK_AND_RIDE], authenticationMethods=[] so no per-site ticket check is recorded; HSL's general P+R rules require a valid HSL ticket).",yes,yes
fintraffic-497,Ukko-Pekan porras P1,Helsinki,34,Ukko-Pekan porras P1,Helsinki,eur,Aimo Park Finland Oy,,,1.0,0,,yes,https://parking.fintraffic.fi/api/v1/facilities/497,EUR,"Flat 1.00 EUR for the first 12 h (LIIPI pricingMethod=PAID_12H, price='1'); no hourly tariff published, so hourly_rate left blank and the flat fee recorded as the max charge for the longest permitted stay (12 h, not 24 h). Field semantics verified: the identical PAID_12H price='2' at LIIPI id 619 equals EuroPark's published 'first 12 hours 2.00 EUR'. LIIPI priceExtra='1' is undocumented. No Aimo Park page for this site could be found. P+R, transit-conditional (LIIPI usages=[PARK_AND_RIDE], authenticationMethods=[] so no per-site ticket check is recorded; HSL's general P+R rules require a valid HSL ticket).",,yes
fintraffic-1046,Kontulan ostoskeskus,Helsinki,27,Kontulan ostoskeskus,Helsinki,eur,FLS Finland,,0.0,,0,,yes,https://parking.fintraffic.fi/api/v1/facilities/1046,EUR,"no 24h maximum published: free only for a max 12h stay (LIIPI FREE_12H), so daily_cap left blank rather than 0. free, liityntapysakointi, free for max 12 h (LIIPI pricingMethod=FREE_12H). No fee published for this site in any tariff row. P+R, transit-conditional (LIIPI usages=[PARK_AND_RIDE], authenticationMethods=[] so no per-site ticket check is recorded; HSL's general P+R rules require a valid HSL ticket).",yes,yes
fintraffic-308,Ratavallintie P2,Helsinki,25,Ratavallintie P2,Helsinki,eur,FLS Finland,,0.0,0.0,0,,yes,https://parking.fintraffic.fi/api/v1/facilities/308,EUR,"free, liityntapysakointi, free 24/7 (LIIPI pricingMethod=PARK_AND_RIDE_247_FREE). No fee published for this site in any tariff row. P+R, transit-conditional (LIIPI usages=[PARK_AND_RIDE], authenticationMethods=[] so no per-site ticket check is recorded; HSL's general P+R rules require a valid HSL ticket).",yes,yes
fintraffic-31,Soittajantie,Helsinki,20,Soittajantie,Helsinki,eur,Kaupunkiliikenne Oy,,0.0,,0,,yes,https://parking.fintraffic.fi/api/v1/facilities/31,EUR,"no 24h maximum published: free only for a max 12h stay (LIIPI FREE_12H), so daily_cap left blank rather than 0. LIIPI status=EXCEPTIONAL_SITUATION, but the attached note refers to roadworks in May-June 2024 and appears stale. free, liityntapysakointi, free for max 12 h (LIIPI pricingMethod=FREE_12H). No fee published for this site in any tariff row. P+R, transit-conditional (LIIPI usages=[PARK_AND_RIDE], authenticationMethods=[] so no per-site ticket check is recorded; HSL's general P+R rules require a valid HSL ticket).",yes,yes
fintraffic-512,Siilitie itäinen P2,Helsinki,17,Siilitie itäinen P2,Helsinki,eur,FLS Finland,,0.0,,0,,yes,https://parking.fintraffic.fi/api/v1/facilities/512,EUR,"no 24h maximum published: free only for a max 12h stay (LIIPI FREE_12H), so daily_cap left blank rather than 0. free, liityntapysakointi, free for max 12 h (LIIPI pricingMethod=FREE_12H). No fee published for this site in any tariff row. P+R, transit-conditional (LIIPI usages=[PARK_AND_RIDE], authenticationMethods=[] so no per-site ticket check is recorded; HSL's general P+R rules require a valid HSL ticket).",yes,yes
madrid-live-5,Nuestra Señora del Recuerdo,Madrid,832,NUESTRA SEÑORA DEL RECUERDO,Madrid,eur,EMT Madrid,,3.25,25.0,0,,yes,https://www.emtmadrid.es/getattachment/Bloques-EMT-Contenido/EMT-Aparcamientos/Publicos/DS-25.png.aspx,EUR,"P+R, transit-conditional (aparcamiento disuasorio: free for 5-16h stays only when combined with a public-transport ticket; the recorded hourly_rate/daily_cap are the ordinary rotacion rates, not the P+R rate). dedicated EMT tariff sheet naming this garage; in force 1 Jan 2026; per-minute tariff converted; bands (IVA 21% incl.) 0-30min 0.0513 EUR/min; 31-90min 0.0464; 91-222min 0.0615; published stay values 1h=2.90 / 2h=6.15 so marginal 2nd hour = 3.25; reduced 24h maximum 25.00 EUR; EMT park-and-ride at C/ Hiedra 26 (not a school site) - free for 5-16h stays combined with a public-transport ticket",,yes
madrid-live-84,Plaza Mayor,Madrid,694,Plaza Mayor,Madrid,eur,EMT Madrid,,3.25,39.35,0,,yes,https://www.emtmadrid.es/Bloques-EMT/EMT-Aparcamientos/Publicos?lang=es-ES,EUR,per-minute tariff converted; EMT 2026 bands (IVA 21% incl.) 0-30min 0.0513 EUR/min; 31-90min 0.0464; 91-660min 0.0615; published stay values 1h=2.90 / 2h=6.15 so marginal 2nd hour = 3.25; garage named on EMT 'Publicos' rotacion page which carries the 'Tarifa oficial de aparcamientos para coches' sheet (https://www.emtmadrid.es/getattachment/Bloques-EMT-Contenido/EMT-Aparcamientos/Publicos/TGen-v2.png.aspx); mixed rotacion/residentes,,
madrid-live-53,Plaza de España,Madrid,542,Plaza España,Madrid,eur,EMT Madrid,,3.25,39.35,0,,yes,https://www.emtmadrid.es/Bloques-EMT/EMT-Aparcamientos/Publicos?lang=es-ES,EUR,per-minute tariff converted; EMT 2026 bands (IVA 21% incl.) 0-30min 0.0513 EUR/min; 31-90min 0.0464; 91-660min 0.0615; published stay values 1h=2.90 / 2h=6.15 so marginal 2nd hour = 3.25; garage named on EMT 'Publicos' rotacion page which carries the general EMT car tariff sheet TGen-v2.png,,
madrid-live-12,Almagro,Madrid,462,Almagro,Madrid,eur,EMT Madrid,,3.25,39.35,0,,yes,https://www.emtmadrid.es/Bloques-EMT/EMT-Aparcamientos/Publicos?lang=es-ES,EUR,per-minute tariff converted; EMT 2026 bands (IVA 21% incl.) 0-30min 0.0513 EUR/min; 31-90min 0.0464; 91-660min 0.0615; published stay values 1h=2.90 / 2h=6.15 so marginal 2nd hour = 3.25; garage named on EMT 'Publicos' rotacion page which carries the general EMT car tariff sheet TGen-v2.png,,
madrid-live-7,Avenida de Portugal,Madrid,432,AVENIDA DE PORTUGAL,Madrid,eur,EMT Madrid,,3.25,20.0,0,,yes,https://www.emtmadrid.es/getattachment/Bloques-EMT-Contenido/EMT-Aparcamientos/Publicos/DS-20.png.aspx,EUR,"P+R, transit-conditional (aparcamiento disuasorio: free for 5-16h stays only when combined with a public-transport ticket; the recorded hourly_rate/daily_cap are the ordinary rotacion rates, not the P+R rate). dedicated EMT tariff sheet naming this garage; in force 1 Jan 2026; per-minute tariff converted; bands (IVA 21% incl.) 0-30min 0.0513 EUR/min; 31-90min 0.0464; 91-222min 0.0615; published stay values 1h=2.90 / 2h=6.15 so marginal 2nd hour = 3.25; reduced 24h maximum 20.00 EUR; also an aparcamiento disuasorio - free for 5-16h stays combined with a public-transport ticket",,yes
madrid-live-99,Olavide,Madrid,376,Olavide,Madrid,eur,EMT Madrid,,3.25,39.35,0,,yes,https://www.emtmadrid.es/Bloques-EMT/EMT-Aparcamientos/Publicos?lang=es-ES,EUR,per-minute tariff converted; EMT 2026 bands (IVA 21% incl.) 0-30min 0.0513 EUR/min; 31-90min 0.0464; 91-660min 0.0615; published stay values 1h=2.90 / 2h=6.15 so marginal 2nd hour = 3.25; garage named on EMT 'Publicos' rotacion page which carries the general EMT car tariff sheet TGen-v2.png,,
madrid-live-25,Marqués de Salamanca,Madrid,360,Marqués Salamanca,Madrid,eur,EMT Madrid,,3.25,39.35,0,,yes,https://www.emtmadrid.es/Bloques-EMT/EMT-Aparcamientos/Publicos?lang=es-ES,EUR,per-minute tariff converted; EMT 2026 bands (IVA 21% incl.) 0-30min 0.0513 EUR/min; 31-90min 0.0464; 91-660min 0.0615; published stay values 1h=2.90 / 2h=6.15 so marginal 2nd hour = 3.25; garage named on EMT 'Publicos' rotacion page which carries the general EMT car tariff sheet TGen-v2.png; mixed rotacion/residentes,,
madrid-live-100,Fuencarral,Madrid,291,Fuencarral,Madrid,eur,EMT Madrid,,3.25,39.35,0,,yes,https://www.emtmadrid.es/Bloques-EMT/EMT-Aparcamientos/Publicos?lang=es-ES,EUR,per-minute tariff converted; EMT 2026 bands (IVA 21% incl.) 0-30min 0.0513 EUR/min; 31-90min 0.0464; 91-660min 0.0615; published stay values 1h=2.90 / 2h=6.15 so marginal 2nd hour = 3.25; garage named on EMT 'Publicos' rotacion page (Fuencarral 121) which carries the general EMT car tariff sheet TGen-v2.png; mixed rotacion/residentes,,
madrid-live-9,Paseo de Recoletos,Madrid,281,Recoletos,Madrid,eur,EMT Madrid,,3.25,39.35,0,,yes,https://www.emtmadrid.es/Bloques-EMT/EMT-Aparcamientos/Publicos?lang=es-ES,EUR,per-minute tariff converted; EMT 2026 bands (IVA 21% incl.) 0-30min 0.0513 EUR/min; 31-90min 0.0464; 91-660min 0.0615; published stay values 1h=2.90 / 2h=6.15 so marginal 2nd hour = 3.25; garage named on EMT 'Publicos' rotacion page (Paseo de Recoletos 4) which carries the general EMT car tariff sheet TGen-v2.png; mixed rotacion/residentes,,
madrid-live-67,Villa de París,Madrid,169,Villa de París,Madrid,eur,EMT Madrid,,3.25,39.35,0,,yes,https://www.emtmadrid.es/Bloques-EMT/EMT-Aparcamientos/Publicos?lang=es-ES,EUR,per-minute tariff converted; EMT 2026 bands (IVA 21% incl.) 0-30min 0.0513 EUR/min; 31-90min 0.0464; 91-660min 0.0615; published stay values 1h=2.90 / 2h=6.15 so marginal 2nd hour = 3.25; garage named on EMT 'Publicos' rotacion page which carries the general EMT car tariff sheet TGen-v2.png,,
madrid-live-22,Orense,Madrid,128,ORENSE,Madrid,eur,EMT Madrid,,3.25,18.0,0,,yes,https://www.emtmadrid.es/getattachment/Bloques-EMT-Contenido/EMT-Aparcamientos/Publicos/DS-18.png.aspx,EUR,dedicated EMT tariff sheet naming this garage; in force 1 Jan 2026; per-minute tariff converted; bands (IVA 21% incl.) 0-30min 0.0513 EUR/min; 31-90min 0.0464; 91-222min 0.0615; published stay values 1h=2.90 / 2h=6.15 so marginal 2nd hour = 3.25; reduced 24h maximum 18.00 EUR,,
madrid-live-71,Pedro Zerolo,Madrid,107,Pedro Zerolo,Madrid,eur,EMT Madrid,,3.25,39.35,0,,yes,https://www.emtmadrid.es/Bloques-EMT/EMT-Aparcamientos/Publicos?lang=es-ES,EUR,per-minute tariff converted; EMT 2026 bands (IVA 21% incl.) 0-30min 0.0513 EUR/min; 31-90min 0.0464; 91-660min 0.0615; published stay values 1h=2.90 / 2h=6.15 so marginal 2nd hour = 3.25; garage named on EMT 'Publicos' rotacion page which carries the general EMT car tariff sheet TGen-v2.png; mixed rotacion/residentes (ex Vazquez de Mella),,
torino-5t-11,Porta Palazzo,Torino,653,Porta Palazzo,Torino,eur,APCOA,,1.85,16.0,0,,yes,https://www.apcoa.it/sosta-breve/sedi/torino/porta-palazzo,EUR,ogni ora o frazione; via XI Febbraio 3; 770 spaces on source vs 653 in input,,
torino-5t-10,Palagiustizia,Torino,616,PALAGIUSTIZIA,Torino,eur,GTT,,1.0,7.0,0,,yes,https://www.gtt.to.it/cms/parcheggi/31-barriera/rotazione/424-palagiust,EUR,diurna 7.30-20.00; notturna 0.80/h 20.00-7.30; festiva 0.80/h; giornaliera valid only on day of issue; source says 506 spaces vs 616 in input,,
torino-5t-19,Stati Uniti,Torino,500,Corso Stati Uniti,Torino,eur,APCOA,,1.7,13.0,0,,yes,https://www.apcoa.it/sosta-breve/sedi/torino/corso-stati-uniti,EUR,ogni ora o frazione; 520 spaces on source page,,
torino-5t-25,Molinette,Torino,481,MOLINETTE,Torino,eur,GTT,,1.0,7.0,0,,yes,https://www.gtt.to.it/cms/parcheggi/31-barriera/rotazione/422-molinette,EUR,hospital car park (A.O. San Giovanni Battista); notturna 0.80/h; festiva 0.80/h; source says 575 spaces vs 481 in input,,
torino-5t-30,Vittorio,Torino,476,Parcheggio Vittorio Park,Torino,eur,Parcheggi Italia SpA (Best in Parking),,1.8,18.0,0,,yes,https://www.bestinparking.com/it/it/garage/parcheggio-vittorio-park,EUR,0-30 min 0.90; prima ora 1.80; ogni ulteriore frazione 30 min 0.90; outside ZTL; second (lower) price column on page not used; source says 618 spaces vs 476 in input - identity UNCERTAIN on capacity,,
torino-5t-2,Bodoni,Torino,460,PARCHEGGI ACI - PARCHEGGIO PIAZZA BODONI,Torino,eur,ACI (AC Torino / ACImmagine),,2.2,,0,,yes,https://torino.aci.it/entra-nel-club/parcheggi-aci/parcheggio.html?id=55644cc0cd68b91b21d44fcd,EUR,"non-member rate (first 30 min 1.10); ACI members 2.00/h; tariff in force from 1/1/2024; no 24h cap published; centro storico ZTL Centrale 7.30-10.30, daily exemption form at the manned desk; 468 spaces",,
torino-5t-18,Valdo Fusi,Torino,457,VALDO FUSI,Torino,eur,GTT,,2.0,14.0,0,,yes,https://www.gtt.to.it/cms/parcheggi/31-barriera/rotazione/436-valdofusi,EUR,diurna 7.30-20.00; notturna/festiva 1.60/h; inside ZTL Centrale - plate must be reported to staff by 11.00 to avoid fine,,
torino-5t-48,Venchi Unica,Torino,437,VENCHI UNICA,Torino,eur,GTT,,0.5,,0,,yes,https://www.gtt.to.it/cms/parcheggi/31-barriera/rotazione/438-venchi-unica,EUR,"flat 0.50/h 24h; P+R interchange car park, Park&Ride day ticket 5.50 (1.00 parking + 4.50 transit); no 24h cap published",,
torino-5t-23,Caio Mario,Torino,418,PARCHEGGIO CAIO MARIO,Torino,eur,GTT,,0.5,,0,,yes,https://www.gtt.to.it/cms/parcheggi/31-barriera/rotazione/1630-caio-mario,EUR,"car section only (430 spaces); flat 0.50/h 24h; P+R interchange, Park&Ride day ticket 5.50 (1.00 parking + 4.50 transit, transit-conditional); no 24h cap published",,yes
torino-5t-9,Nizza,Torino,371,NIZZA-CARDUCCI,Torino,eur,GTT,,1.0,7.0,0,,yes,https://www.gtt.to.it/cms/parcheggi/31-barriera/rotazione/423-nizzacarducci,EUR,diurna 7.30-20.00; notturna/festiva 0.80/h,,
torino-5t-16,Fontanesi,Torino,358,FONTANESI,Torino,eur,GTT,,1.0,7.0,0,,yes,https://www.gtt.to.it/cms/parcheggi/31-barriera/rotazione/419-fontanesi,EUR,diurna 7.30-20.00; notturna 0.80/h; festiva 0.80/h 7.30-20.00; serves Gradenigo hospital,,
torino-5t-12,Santo Stefano,Torino,344,SANTO STEFANO,Torino,eur,GTT,,2.0,14.0,0,,yes,https://www.gtt.to.it/cms/parcheggi/31-barriera/rotazione/431-santostefano,EUR,diurna 7.30-20.00; notturna/festiva 1.60/h; inside ZTL Centrale - plate must be reported to staff by 11.00,,
torino-5t-46,Bacigalupo,Torino,326,PARCHEGGIO BACIGALUPO,Torino,eur,GTT,,1.0,7.0,0,,yes,https://www.gtt.to.it/cms/parcheggi/31-barriera/rotazione/408-bacigalupo,EUR,corso Spezia 44; diurna 7.30-20.00; notturna/festiva 0.80/h,,
torino-5t-60,Lancia,Torino,323,LANCIA,Torino,eur,GTT,,1.0,7.0,0,,yes,https://www.gtt.to.it/cms/parcheggi/31-barriera/rotazione/10701-lancia,EUR,diurna 7.30-20.00; notturna/festiva 0.80/h; 19 Oct - 3 Nov 2026 only level -1 usable (art fair),,
torino-5t-15,Ventimiglia,Torino,303,VENTIMIGLIA,Torino,eur,GTT,,1.0,7.0,0,,yes,https://www.gtt.to.it/cms/parcheggi/31-barriera/rotazione/439-xxmiglia,EUR,diurna 7.30-20.00; notturna/festiva 0.80/h,,
torino-5t-6,Galileo Ferraris,Torino,276,Parcheggio Galileo Ferraris,Torino,eur,Parcheggi Italia SpA (Best in Parking),,1.8,14.0,0,,yes,https://www.bestinparking.com/it/it/garage/parcheggio-galileo-ferraris,EUR,0.90 per 30 min on weekdays (giorni feriali) = 1.80/h; 0.60/30 min on holidays = 1.20/h; second (lower) price column on page not used; 305 spaces on source,,
torino-5t-27,Sofia,Torino,272,SOFIA,Torino,eur,GTT,,0.5,,0,,yes,https://www.gtt.to.it/cms/parcheggi/31-barriera/rotazione/432-sofia,EUR,flat 0.50/h 24h; piazza Sofia; no 24h cap published,,
torino-5t-8,Madama Cristina,Torino,259,PARCHEGGI ACI - MADAMA CRISTINA,Torino,eur,ACI (AC Torino / ACImmagine),,1.7,,0,,yes,https://torino.aci.it/entra-nel-club/parcheggi-aci/parcheggio.html?id=55644dbecd68b91b21d44fce,EUR,non-member rate (first 30 min 0.80); ACI members 1.50/h; no 24h cap published; manned 24h,,
torino-5t-47,Bixio,Torino,255,"Il parcheggio ""Bixio""",Torino,eur,GTT,,1.0,7.0,0,,yes,https://www.gtt.to.it/cms/parcheggi/31-barriera/rotazione/409-bixio,EUR,diurna 7.30-20.00; notturna 0.80/h or fraction; festiva 0.80/h 7.30-20.00; serves Palazzo di Giustizia,,
torino-5t-51,Porta Nuova Fs,Torino,242,Torino Porta Nuova,Torino,eur,FS Park (Gruppo FS Italiane),,2.5,25.0,0,,yes,https://www.fspark.it/it/parcheggi/nord-ovest-italia/torino-porta-nuova.html,EUR,hourly rate valid 24h per hour or fraction; free exit within 15 min of entry; via Paolo Sacchi 3 / corso Vittorio Emanuele II; 236 spaces on source vs 242 in input; input coordinates sit ~300 m east of the listed entrance,,
torino-5t-4,D'Azeglio Galilei,Torino,223,PARCHEGGIO D'AZEGLIO - GALILEI,Torino,eur,GTT,,1.0,7.0,0,,yes,https://www.gtt.to.it/cms/parcheggi/31-barriera/rotazione/407-azegliogalilei,EUR,diurna 7.30-20.00; notturna/festiva 0.80/h,,
torino-5t-66,Palazzo Nuoto,Torino,190,PARCHEGGIO PALAZZO DEL NUOTO,Torino,eur,GTT,,1.0,7.0,0,,yes,https://www.gtt.to.it/cms/parcheggi/31-barriera/rotazione/12675-pal-nuoto,EUR,diurna 7.30-20.00; notturna/festiva 0.80/h; on event days instead 2.00 per 30 min capped at 10.00,,
torino-5t-32,Cto,Torino,161,Ospedale C.T.O.,Torino,eur,APCOA,,2.4,10.0,0,,yes,https://www.apcoa.it/sosta-breve/sedi/torino/ospedale-cto,EUR,1.20 per 30 min 07:00-15:00 = 2.40/h daytime; 0.60 per 30 min 16:00-07:00 = 1.20/h; hospital car park; 167 spaces on source,,
torino-5t-56,Monti,Torino,153,"Il parcheggio ""Monti""",Torino,eur,GTT,,1.0,7.0,0,,yes,https://www.gtt.to.it/cms/parcheggi/31-barriera/rotazione/4970-monti,EUR,diurna 7.30-20.00; notturna/festiva 0.80/h,,
torino-5t-53,Ancona,Torino,148,"Il parcheggio ""Ancona""",Torino,eur,GTT,,1.2,,0,,yes,https://www.gtt.to.it/cms/parcheggi/31-barriera/rotazione/4183-ancona,EUR,"0.60 per 30 min or fraction = 1.20/h; no 24h cap published, only a weekend flat 5.00 Fri 18.00 - Mon 08.00; 00.00-06.00 subscribers only",,
torino-5t-13,Re Umberto,Torino,125,RE UMBERTO,Torino,eur,GTT,,2.0,14.0,0,,yes,https://www.gtt.to.it/cms/parcheggi/31-barriera/rotazione/426-reumberto,EUR,"diurna 7.30-20.00; notturna/festiva 1.60/h; corso Matteotti entrance closed for works, use piazza Solferino",,
torino-5t-52,Porta Susa Fs,Torino,123,Torino Porta Susa,Torino,eur,FS Park (Gruppo FS Italiane),,2.2,12.0,0,,yes,https://www.fspark.it/it/parcheggi/nord-ovest-italia/torino-porta-susa.html,EUR,"hourly rate valid 24h per hour or fraction; open 05:00-24:00 only; corso Bolzano; 168 spaces on source vs 123 in input - identity UNCERTAIN, a separate 858-space Parcheggi Italia garage also sits at corso Bolzano 47/A",,
torino-5t-59,Richelmy,Torino,115,PARCHEGGIO RICHELMY,Torino,eur,GTT,,1.0,7.0,0,,yes,https://www.gtt.to.it/cms/parcheggi/31-barriera/rotazione/3139-richelmy,EUR,via Medail / via del Sarto 3; diurna 7.30-20.00; notturna/festiva 0.80/h,,
torino-5t-54,Palestro,Torino,113,Palestro,Torino,eur,APCOA,,2.5,16.0,0,,yes,https://www.apcoa.it/sosta-breve/sedi/torino/palestro,EUR,ogni ora o frazione; via Ignazio Bertola 68; 121 spaces on source,,
torino-5t-5,Emanuele Filiberto,Torino,110,Emanuele Filiberto,Torino,eur,APCOA,,1.95,20.0,0,,yes,https://www.apcoa.it/sosta-breve/sedi/torino/emanuele-filiberto,EUR,"1.95 per hour or fraction from the 1st to the 7th hour; underground garage in piazza Emanuele Filiberto 14; a separate 50-space APCOA surface lot ""Area Filiberto"" at the same address charges 2.50/h with no daily cap",,
torino-5t-57,Mercato Centrale,Torino,110,Mercato Centrale,Torino,eur,APCOA,,1.8,17.0,0,,yes,https://www.apcoa.it/sosta-breve/sedi/torino/mercato-centrale,EUR,"first 30 min 0.90, each subsequent hour or fraction 1.80 (marginal rate used); via della Repubblica 17, Porta Palazzo",,
torino-5t-55,Cernaia,Torino,94,Parcheggio Cernaia,Torino,eur,Parcheggi Italia SpA (Best in Parking),,2.8,18.0,0,,yes,https://www.bestinparking.com/it/it/garage/parcheggio-cernaia,EUR,prima ora 2.80; ogni frazione da 30 minuti 1.40 (= 2.80/h); second (lower) price column on page not used; 94 spaces matches input exactly,,
torino-5t-50,Caio Mario Camper,Torino,57,Area camper Caio Mario,Torino,eur,GTT,,,18.0,0,,yes,https://www.gtt.to.it/cms/parcheggi/31-barriera/rotazione/1630-caio-mario,EUR,"camper/motorhome area, 57 spaces (matches input exactly); no hourly tariff published - only daily 18.00 (2 days 36.00 ... 7 days 126.00), max 7 consecutive days, 200.00 deposit required; electricity 0.30/kWh extra",,
vigo-live-4756,Parking Urzáiz,Vigo,463,Urzaiz,Vigo,eur,Eloymar-Tranvías (parking.gal),,2.71,25.0,0,,yes,https://app.welgood.es/api/aparcamientosDto/9848b47d-3c11-4c3e-b695-86732c3487c2,EUR,"per-minute tariff converted: precioMinuto 0.0452 EUR/min x60 = 2.712; precioMaximoDia 25.00; data endpoint behind operator site https://urzaiz.parking.gal (Flutter app, no server-rendered tariff page); identity confirmed by plazasTotal=463 matching input capacity and by Concello de Vigo open-data KML linking this garage to urzaiz.parking.gal",,
vigo-live-4764,Parking Policarpo Sanz,Vigo,460,Policarpo Sanz,Vigo,eur,Eloymar-Tranvías (parking.gal),,2.56,25.0,0,,yes,https://app.welgood.es/api/aparcamientosDto/e9f87882-8ce9-43e2-acdd-93fe86be4acb,EUR,"per-minute tariff converted: 0.0427 EUR/min x60 = 2.562; operator site https://policarpo.parking.gal; plazasTotal=460 matches input capacity; API geoLocalizacion (-8.7189) is ~330 m east of the input lon, but the municipal KML places Policarpo Sanz at the exact input coords and links it to policarpo.parking.gal",,
vigo-live-4762,Parking Calvario,Vigo,424,Do Calvario,Vigo,eur,WelGood Tranvías (parking.gal),,2.22,25.0,0,,yes,https://app.welgood.es/api/aparcamientosDto/67a02d78-4510-468c-b356-2af9b598a413,EUR,per-minute tariff converted: 0.0370 EUR/min x60 = 2.22; operator site https://calvario.parking.gal; plazasTotal=424 matches input capacity; municipal KML places Aparcamiento Calvario at the exact input coords with this site,,
vigo-live-4763,Parking Praza América,Vigo,388,Pza. América,Vigo,eur,WelGood Tranvías (parking.gal),,2.22,25.0,0,,yes,https://app.welgood.es/api/aparcamientosDto/37038ec2-3185-4e00-b259-d6da4c54c8b8,EUR,"per-minute tariff converted: 0.0370 EUR/min x60 = 2.22; operator site https://plaza-america.parking.gal; plazasTotal=388 and geo 42.220146,-8.735333 both match the input",,
vigo-live-4761,Parking Pintor Colmeiro,Vigo,366,Pintor Colmeiro,Vigo,eur,Eloymar-Tranvías (parking.gal),,2.39,25.0,0,,yes,https://app.welgood.es/api/aparcamientosDto/ae176fe7-637b-4e09-9f8e-7724fdfb2caf,EUR,"per-minute tariff converted: 0.0399 EUR/min x60 = 2.394; operator site https://colmeiro.parking.gal; plazasTotal=366 and geo 42.22553,-8.726147 both match the input",,
vigo-live-5125,Parking Areal,Vigo,285,Areal,Vigo,eur,Eloymar-Tranvías (parking.gal),,2.42,25.0,0,,yes,https://app.welgood.es/api/aparcamientosDto/83e98a7b-8154-4e24-b82b-4eb903e74d5c,EUR,"per-minute tariff converted: 0.0403 EUR/min x60 = 2.418; operator site https://areal.parking.gal (eloymartranvias.es redirects into the same parking.gal app); plazasTotal=285 and geo 42.239429,-8.718802 both match the input",,
vigo-live-406,Parking Independencia,Vigo,193,Independencia,Vigo,eur,Eloymar-Tranvías (parking.gal),,2.56,25.0,0,,yes,https://app.welgood.es/api/aparcamientosDto/238ba5a5-634e-4e88-942a-47deed2da238,EUR,"per-minute tariff converted: 0.0427 EUR/min x60 = 2.562; operator site https://independencia.parking.gal; plazasTotal=193 and geo 42.223106,-8.730365 both match the input",,
vigo-live-5110,Parking Portugal,Vigo,183,Parking Plaza de Portugal,Vigo,eur,Telpark by Empark,,1.8,19.9,0,,yes,https://www.telpark.com/es/ciudades/vigo/parking-plaza-de-portugal/,EUR,"page publishes only ""Precio primera hora 1,80 €"" and ""Máximo Diario 19,90€"" — no separate 2nd-hour or per-minute rate is published, so the first-hour price is used as the hourly rate; identity confirmed by the page stating 183 car spaces (matches input capacity) and Plaza de Portugal s/n access",,
vigo-live-4759,Parking Náutico Cíes,Vigo,180,Náutico Cíes,Vigo,eur,Eloymar-Tranvías (parking.gal),,2.88,20.0,0,,yes,https://app.welgood.es/api/aparcamientosDto/20675a1b-f82f-481c-bf80-a1bf65eb7264,EUR,"per-minute tariff converted: 0.0480 EUR/min x60 = 2.88; daily cap 20.00 here (lower than the 25.00 of the operator's other Vigo garages); operator site https://nautico.parking.gal; plazasTotal=180 and geo 42.240396,-8.725195 both match the input",,
tiefbauamt-nuernberg-parken-ADCOM-Center,ADCOM-Center,Nürnberg,92,Tiefgarage PSD Business Center,Nürnberg,eur,Parkhaus Service Nuernberg GmbH (PSN) / PS Parkhaus Service Nuernberg GmbH,,1.8,18.0,0,,yes,https://www.parkhaus-nuernberg.de/parkhaeuser/tiefgarage-psd-business-center/,EUR,"IDENTITY NOTE: city parkleitsystem calls this facility 'Parkhaus ADCOM-Center' (92 spaces); operator page and DB BahnPark both give Willy-Brandt-Platz 15, 92 spaces, so treated as the same renamed facility - verify before use. Flat 1,80 EUR per started hour; cap is Tageshoechstgebuehr for 24h from entry",,
