place_id,place_name,city_name,our_capacity,priced_name,priced_city,country,operator,priced_capacity,hourly_rate,daily_cap,dist_m,name_sim,reporting,source_url
apag-parken-Aachen-Parkhaus-Adalbertsteinweg,Parkhaus Adalbertsteinweg,Aachen,605,Parkhaus Adalbertsteinweg,aachen,de,APAG,,2.00,12.00,0,1.0,yes,https://www.apag.de/de/parkobjekte/parkhaus-adalbertsteinweg
apag-parken-Aachen-Parkhaus-Adalbertstrasse,Parkhaus Adalbertstraße,Aachen,200,Parkhaus Adalbertstraße,aachen,de,APAG,,2.50,18.00,0,1.0,yes,https://www.apag.de/de/parkobjekte/parkhaus-adalbertstrasse
apag-parken-Aachen-Parkhaus-Couvenstrasse,Parkhaus Couvenstraße,Aachen,526,Parkhaus Couvenstraße,aachen,de,APAG,,2.50,18.00,0,1.0,yes,https://www.apag.de/de/parkobjekte/parkhaus-couvenstrasse
apag-parken-Aachen-Parkhaus-Eurogress,Parkhaus Eurogress,Aachen,600,Parkhaus Eurogress,aachen,de,APAG,,2.00,12.00,0,1.0,yes,https://www.apag.de/de/parkobjekte/parkhaus-eurogress
apag-parken-Aachen-Parkhaus-Galeria-Kaufhof-City,Parkhaus Galeria Kaufhof/City,Aachen,999,Parkhaus Galeria Kaufhof/City,aachen,de,APAG,,2.50,18.00,0,1.0,yes,https://www.apag.de/de/parkobjekte/parkhaus-galeria-kaufhofcity
apag-parken-Aachen-Parkhaus-Hauptbahnhof,Parkhaus Hauptbahnhof,Aachen,710,Parkhaus Hauptbahnhof,aachen,de,APAG,,2.50,18.00,0,1.0,yes,https://www.apag.de/de/parkobjekte/parkhaus-hauptbahnhof
apag-parken-Aachen-Parkhaus-Luisenhospital,Parkhaus Luisenhospital,Aachen,355,Parkhaus Luisenhospital,aachen,de,APAG,,1.50,8.00,0,1.0,yes,https://www.apag.de/de/parkobjekte/parkhaus-luisenhospital
apag-parken-Aachen-Parkhaus-Rathaus,Parkhaus Rathaus,Aachen,316,Parkhaus Rathaus,aachen,de,APAG,380,2.50,18.00,0,1.0,yes,https://www.apag.de/de/parkobjekte/parkhaus-rathaus
apag-parken-Aachen-Parkhaus-Tivoli,Parkhaus Tivoli,Aachen,1240,Parkhaus Tivoli,aachen,de,APAG,,1.00,5.00,0,1.0,yes,https://www.apag.de/de/parkobjekte/parkhaus-tivoli
apag-parken-Aachen-Parkplatz-Ludwig-Forum,Parkplatz Ludwig Forum,Aachen,75,Parkplatz Ludwig Forum,aachen,de,APAG,,2.00,12.00,0,1.0,yes,https://www.apag.de/de/parkobjekte/parkplatz-ludwig-forum
apag-parken-Aachen-Parkplatz-Luisenhospital,Parkplatz Luisenhospital,Aachen,72,Parkplatz Luisenhospital,aachen,de,APAG,,2.40,16.00,0,1.0,yes,https://www.apag.de/de/parkobjekte/parkplatz-luisenhospital
apag-parken-Aachen-Parkplatz-Pontstrasse,Parkplatz Pontstraße,Aachen,54,Parkplatz Pontstraße,aachen,de,APAG,,2.00,12.00,0,1.0,yes,https://www.apag.de/de/parkobjekte/parkplatz-pontstrasse
npr-qpark-nl-2d9b1280-25de-46c7-ad87-0bf425252ef7-amersfoort-beestenmarkt,AMERSFOORT-Beestenmarkt,Amersfoort,360,Beestenmarkt,amersfoort,nl,Q-Park,360,3.60,18.00,0,0.71,,https://www.q-park.nl/nl-nl/parkeren/amersfoort/beestenmarkt/
npr-qpark-nl-b354b409-976e-4db7-a5f2-9c812be9b718-amersfoort-st-jorisplein,AMERSFOORT-St. Jorisplein,Amersfoort,444,St. Jorisplein,amersfoort,nl,Q-Park,444,3.46,19.00,0,0.71,,https://www.q-park.nl/nl-nl/parkeren/amersfoort/st-jorisplein/
npr-other-nl-b9211697-075c-4142-aab8-8eecf92f2161-p-r-piet-mondriaanplein-amersfoort,P+R Piet Mondriaanplein (Amersfoort),Amersfoort,491,P+R Piet Mondriaanplein,amersfoort,nl,Q-Park,491,2.60,14.50,0,0.78,,https://www.q-park.nl/nl-nl/parkeren/amersfoort/p-r-piet-mondriaanplein/
npr-qpark-nl-90200a42-6efa-4008-9a6c-dc8d38ebb47c-amstelveen-buitenplein,AMSTELVEEN-Buitenplein,Amstelveen,559,Buitenplein,amstelveen,nl,Q-Park,592,2.40,21.00,0,0.69,,https://www.q-park.nl/nl-nl/parkeren/amstelveen/buitenplein/
npr-qpark-nl-3f040290-7f82-4f36-9798-b547c918214f-amstelveen-handelsplein,AMSTELVEEN-Handelsplein,Amstelveen,573,Handelsplein,amstelveen,nl,Q-Park,573,2.40,21.00,0,0.71,,https://www.q-park.nl/nl-nl/parkeren/amstelveen/handelsplein/
npr-other-nl-27ec369b-68d1-4b74-b62c-78969d6ff706-garage-stadsplein-amstelveen,Garage Stadsplein (Amstelveen),Amstelveen,927,Stadspleingarage,amstelveen,nl,P1,908,6.00,40.00,28,0.67,,https://www.p1.nl/parkeren/amstelveen/parkeergarage-stadsplein
npr-qpark-nl-71e5d1a8-7852-407e-85c2-c018a3991098-amsterdam-amst,AMSTERDAM-AMST,Amsterdam,116,Amst,amsterdam,nl,Q-Park,116,4.0,34.0,0,0.47,,https://www.q-park.nl/nl-nl/parkeren/amsterdam/amst/
npr-qpark-nl-33851d5f-be6b-4381-bd4a-0703b13e565c-amsterdam-amstel,AMSTERDAM-Amstel,Amsterdam,171,Amstel,amsterdam,nl,Q-Park,171,4.09,35.0,0,0.57,,https://www.q-park.nl/nl-nl/parkeren/amsterdam/amstel/
npr-qpark-nl-36f85502-e61a-44a1-b95f-59385fe85b2d-amsterdam-amsterdam-centraal,AMSTERDAM-Amsterdam Centraal,Amsterdam,410,Amsterdam Centraal,amsterdam,nl,Q-Park,410,,65.0,0,0.79,,https://www.q-park.nl/nl-nl/parkeren/amsterdam/amsterdam-centraal/
npr-qpark-nl-0f37244a-f514-499d-af09-745cdf9478d7-amsterdam-amsterdamse-poort-p21,AMSTERDAM-Amsterdamse Poort P21,Amsterdam,244,Amsterdamse Poort P21,amsterdam,nl,Q-Park,244,2.1,20.0,0,0.81,,https://www.q-park.nl/nl-nl/parkeren/amsterdam/amsterdamse-poort-p21/
npr-qpark-nl-f690e542-8de4-4ea3-a9ad-05fc47c3d55f-amsterdam-amsterdamse-poort-p22,AMSTERDAM-Amsterdamse Poort P22,Amsterdam,413,Amsterdamse Poort P22,amsterdam,nl,Q-Park,413,2.1,20.0,0,0.81,,https://www.q-park.nl/nl-nl/parkeren/amsterdam/amsterdamse-poort-p22/
npr-qpark-nl-fa46e073-8bfb-4c72-8c6a-ef5bc271844b-amsterdam-amsterdamse-poort-p23,AMSTERDAM-Amsterdamse Poort P23,Amsterdam,346,Amsterdamse Poort P23,amsterdam,nl,Q-Park,346,2.1,20.0,0,0.81,,https://www.q-park.nl/nl-nl/parkeren/amsterdam/amsterdamse-poort-p23/
npr-qpark-nl-aa23bf41-1cda-4cb8-a850-952e68cadbd6-amsterdam-antarctica,AMSTERDAM-Antarctica,Amsterdam,668,Antarctica,amsterdam,nl,Q-Park,668,3.0,25.0,0,0.69,,https://www.q-park.nl/nl-nl/parkeren/amsterdam/antarctica/
npr-qpark-nl-b4ff63c5-a77c-4031-af66-fd93707190d9-amsterdam-bos-en-lommer,AMSTERDAM-Bos en Lommer,Amsterdam,497,Bos en Lommer,amsterdam,nl,Q-Park,497,4.29,18.0,0,0.71,,https://www.q-park.nl/nl-nl/parkeren/amsterdam/bos-en-lommer/
npr-qpark-nl-5f58de46-c1fc-4943-a13f-8d9da523427a-amsterdam-byzantium,AMSTERDAM-Byzantium,Amsterdam,446,Byzantium,amsterdam,nl,Q-Park,446,,68.0,0,0.67,,https://www.q-park.nl/nl-nl/parkeren/amsterdam/byzantium/
npr-qpark-nl-3125c7c3-d852-419f-8169-d2aea9694332-amsterdam-centrum-oost,AMSTERDAM-Centrum Oost,Amsterdam,255,Centrum Oost,amsterdam,nl,Q-Park,255,7.5,37.5,0,0.71,,https://www.q-park.nl/nl-nl/parkeren/amsterdam/centrum-oost/
npr-qpark-nl-249abfe1-b2aa-4022-86b5-151950b31100-amsterdam-eurocenter,AMSTERDAM-Eurocenter,Amsterdam,476,Eurocenter,amsterdam,nl,Q-Park,476,10.0,65.0,0,0.69,,https://www.q-park.nl/nl-nl/parkeren/amsterdam/eurocenter/
npr-qpark-nl-58fd8e31-6d72-4c16-b880-9fdaefdb116b-amsterdam-europarking,AMSTERDAM-Europarking,Amsterdam,710,Europarking,amsterdam,nl,Q-Park,710,,55.0,0,0.71,,https://www.q-park.nl/nl-nl/parkeren/amsterdam/europarking/
npr-qpark-nl-5ee1b47c-51af-4378-8179-34a33039d483-amsterdam-mahler,AMSTERDAM-Mahler,Amsterdam,1763,Mahler,amsterdam,nl,Q-Park,1763,12.0,80.0,0,0.57,,https://www.q-park.nl/nl-nl/parkeren/amsterdam/mahler/
npr-qpark-nl-62a49a29-3a32-42e0-ba13-ba7a76b85f97-amsterdam-museumplein,AMSTERDAM-Museumplein,Amsterdam,574,Museumplein,amsterdam,nl,Q-Park,573,,60.0,0,0.71,,https://www.q-park.nl/nl-nl/parkeren/amsterdam/museumplein/
npr-qpark-nl-f58e2c3c-17db-427e-aa62-caa6c23c55d4-amsterdam-museumplein-bus,AMSTERDAM-Museumplein Bus,Amsterdam,30,Museumplein Bus,amsterdam,nl,Q-Park,26,17.0,100.0,0,0.76,,https://www.q-park.nl/nl-nl/parkeren/amsterdam/museumplein-bus/
npr-qpark-nl-a2516312-3a0e-4143-91f5-3fce4b126bed-amsterdam-ndsm,AMSTERDAM-NDSM,Amsterdam,525,NDSM,amsterdam,nl,Q-Park,525,2.7,17.5,0,0.47,,https://www.q-park.nl/nl-nl/parkeren/amsterdam/ndsm/
npr-qpark-nl-aa3d03d3-6203-4c7f-a279-ea46f84665f6-amsterdam-nieuwendijk,AMSTERDAM-Nieuwendijk,Amsterdam,410,Nieuwendijk,amsterdam,nl,Q-Park,360,,65.0,0,0.71,,https://www.q-park.nl/nl-nl/parkeren/amsterdam/nieuwendijk/
npr-qpark-nl-b0c70988-86f2-4645-9dd1-ed6c75fab7bd-amsterdam-oostenburg,AMSTERDAM-Oostenburg,Amsterdam,705,Oostenburg,amsterdam,nl,Q-Park,704,5.45,49.0,0,0.69,,https://www.q-park.nl/nl-nl/parkeren/amsterdam/oostenburg/
npr-qpark-nl-108fb142-1e94-4afc-821d-efb7bfb02eae-amsterdam-prins-keizer,AMSTERDAM-Prins & Keizer,Amsterdam,140,Prins & Keizer,amsterdam,nl,Q-Park,140,9.2,65.0,0,0.71,,"https://www.q-park.nl/nl-nl/parkeren/amsterdam/prins-,-a-,-keizer/"
npr-qpark-nl-b15428bf-4694-4673-973c-511a90846a8a-amsterdam-ravel,AMSTERDAM-Ravel,Amsterdam,358,Ravel,amsterdam,nl,Q-Park,356,10.59,65.0,0,0.53,,https://www.q-park.nl/nl-nl/parkeren/amsterdam/ravel/
npr-qpark-nl-49555c3b-1d67-4905-b22f-016332eeef31-amsterdam-symphony,AMSTERDAM-Symphony,Amsterdam,533,Symphony,amsterdam,nl,Q-Park,537,12.0,80.0,0,0.64,,https://www.q-park.nl/nl-nl/parkeren/amsterdam/symphony/
npr-qpark-nl-bcaba2a2-2f33-48f8-9789-e7ec744d6dc9-amsterdam-valley,AMSTERDAM-Valley,Amsterdam,366,Valley,amsterdam,nl,Q-Park,376,12.0,80.0,0,0.57,,https://www.q-park.nl/nl-nl/parkeren/amsterdam/valley/
npr-qpark-nl-ba22b4dd-de39-452a-bf40-8b7e05eeb46a-amsterdam-waterlooplein,AMSTERDAM-Waterlooplein,Amsterdam,200,Waterlooplein,amsterdam,nl,Q-Park,195,,65.0,0,0.74,,https://www.q-park.nl/nl-nl/parkeren/amsterdam/waterlooplein/
npr-qpark-nl-6235b209-08a2-4a55-be84-534471b8c766-amsterdam-weesperplein,AMSTERDAM-Weesperplein,Amsterdam,113,Weesperplein,amsterdam,nl,Q-Park,114,7.5,37.5,0,0.73,,https://www.q-park.nl/nl-nl/parkeren/amsterdam/weesperplein/
npr-qpark-nl-d388fcd5-4032-4f2e-b58a-5b52aa060a5f-amsterdam-westergasfabriek,AMSTERDAM-Westergasfabriek,Amsterdam,505,Westergasfabriek,amsterdam,nl,Q-Park,485,4.8,38.0,0,0.78,,https://www.q-park.nl/nl-nl/parkeren/amsterdam/westergasfabriek/
npr-qpark-nl-f444a212-7004-4183-945e-023d4b46481f-amsterdam-de-bijenkorf,AMSTERDAM-de Bijenkorf,Amsterdam,431,de Bijenkorf,amsterdam,nl,Q-Park,468,,65.0,0,0.71,,https://www.q-park.nl/nl-nl/parkeren/amsterdam/de-bijenkorf/
amsterdam-live-p-103-piet-hein-6A9A4383,P-103_ Piet Hein,Amsterdam,562,Piet Hein,amsterdam,nl,Gemeente Amsterdam,400,5.34,53.4,195,0.8,yes,https://www.amsterdam.nl/parkeren/gemeentelijke-parkeergarages/overzicht/piet-heingarage/
amsterdam-live-p-110-stadhuis-1F7A7814,P-110_ Stadhuis,Amsterdam,399,Stadhuis,amsterdam,nl,Gemeente Amsterdam,400,9.0,90.0,34,0.8,yes,https://www.amsterdam.nl/parkeren/gemeentelijke-parkeergarages/overzicht/stadhuis/
amsterdam-live-p-117-willemspoort-35B30E04,P-117_ Willemspoort,Amsterdam,165,Willemspoort,amsterdam,nl,Gemeente Amsterdam,203,9.0,90.0,12,0.86,yes,https://www.amsterdam.nl/parkeren/gemeentelijke-parkeergarages/overzicht/willemspoort/
amsterdam-live-p-127-kalverstraat-opendata-DF9D51A4,P-127_ Kalverstraat (opendata),Amsterdam,84,Kalverstraat,amsterdam,nl,Q-Park,122,9.0,95.0,86,0.67,yes,https://www.q-park.nl/nl-nl/parkeren/amsterdam/kalverstraat/
amsterdam-live-p-130-heinekenplein-8039A0DF,P-130_ Heinekenplein,Amsterdam,172,Heinekenplein,amsterdam,nl,Q-Park,259,9.2,60.0,23,0.87,yes,https://www.q-park.nl/nl-nl/parkeren/amsterdam/heinekenplein/
amsterdam-live-p-132-de-hallen-D1CE7EA1,P-132_ De Hallen,Amsterdam,110,De Hallen,amsterdam,nl,Gemeente Amsterdam,110,6.96,69.6,28,0.8,yes,https://www.amsterdam.nl/parkeren/gemeentelijke-parkeergarages/overzicht/hallen/
amsterdam-live-p-133-albert-cuyp-D876540A,P-133_ Albert Cuyp,Amsterdam,600,Albert Cuyp,amsterdam,nl,Gemeente Amsterdam,600,6.96,69.6,96,0.83,yes,https://www.amsterdam.nl/parkeren/gemeentelijke-parkeergarages/overzicht/albert-cuyp/
amsterdam-live-p-136-rokin-EA9933EF,P-136_ Rokin,Amsterdam,199,Rokin,amsterdam,nl,Gemeente Amsterdam,293,9.0,90.0,120,0.71,yes,https://www.amsterdam.nl/parkeren/gemeentelijke-parkeergarages/overzicht/rokin/
amsterdam-live-p-218-p18-hva-roc-C77E4014,P-218_ P18 HvA/ROC,Amsterdam,290,P18 HvA / ROC,amsterdam,nl,Gemeente Amsterdam,291,3.72,,24,0.82,yes,https://www.amsterdam.nl/parkeren/gemeentelijke-parkeergarages/overzicht/p18-hva-roc/
amsterdam-live-pr-001-sloterdijk-F666897A,PR-001_ Sloterdijk,Amsterdam,190,P+R Sloterdijk,amsterdam,nl,Gemeente Amsterdam,200,,13.0,23,0.8,yes,https://www.amsterdam.nl/parkeren/parkeren-reizen/plaatsen-binnen-stad/pr-sloterdijk/
amsterdam-live-pr-004-zeeburg-2-1C1FC6F5,PR-004_ Zeeburg 2,Amsterdam,163,P+R Zeeburg II,amsterdam,nl,Gemeente Amsterdam,163,,13.0,32,0.64,yes,https://www.amsterdam.nl/parkeren/parkeren-reizen/plaatsen-binnen-stad/pr-zeeburg/
amsterdam-live-pr-005-zeeburg-3-50C4B4EE,PR-005_ Zeeburg 3,Amsterdam,265,P+R Zeeburg III,amsterdam,nl,Gemeente Amsterdam,265,,13.0,78,0.61,yes,https://www.amsterdam.nl/parkeren/parkeren-reizen/plaatsen-binnen-stad/pr-zeeburg-iii/
amsterdam-live-pr-006-boven-t-y-09F14470,PR-006_ Boven 't Y,Amsterdam,328,P+R Boven 't Y,amsterdam,nl,Gemeente Amsterdam,448,,13.0,54,0.74,yes,https://www.amsterdam.nl/parkeren/parkeren-reizen/plaatsen-binnen-stad/pr-boven-t-y/
amsterdam-live-pr-007-noord-638B4D86,PR-007_ Noord,Amsterdam,409,P+R Noord,amsterdam,nl,Gemeente Amsterdam,442,,13.0,94,0.67,yes,https://www.amsterdam.nl/parkeren/parkeren-reizen/plaatsen-binnen-stad/noord/
interparking-belgium-be-1515,Arenberg,Antwerp,387,Arenberg,antwerpen,be,Interparking,385,3.60,26.80,46,1.0,,https://www.interparking.be/en/parkings/antwerp/arenberg/
interparking-belgium-be-1517,Breidel,Antwerp,281,Breidel,antwerpen,be,Interparking,281,3.70,25.00,16,1.0,,https://www.interparking.be/en/parkings/antwerp/breidel/
interparking-belgium-be-1558,Centraal,Antwerp,1224,Centraal,antwerpen,be,Interparking,1224,3.60,28.00,0,1.0,,https://www.interparking.be/en/parkings/antwerp/centraal/
interparking-belgium-be-1539,De Keyser,Antwerp,223,De Keyser,antwerpen,be,Interparking,223,3.60,28.00,0,1.0,,https://www.interparking.be/en/parkings/antwerp/de-keyser/
interparking-belgium-be-1578,Hopland,Antwerp,222,Hopland,antwerpen,be,Interparking,222,3.60,28.00,0,1.0,,https://www.interparking.be/en/parkings/antwerp/hopland/
interparking-belgium-be-1579,Horta,Antwerp,288,Horta,antwerpen,be,Interparking,288,3.20,16.00,0,1.0,,https://www.interparking.be/en/parkings/antwerp/horta/
interparking-belgium-be-1597,Lombardia,Antwerp,124,Lombardia,antwerpen,be,Interparking,124,4.00,28.00,0,1.0,,https://www.interparking.be/en/parkings/antwerp/lombardia/
interparking-belgium-be-1569,Meir,Antwerp,501,Meir,antwerpen,be,Interparking,501,4.00,28.00,0,1.0,,https://www.interparking.be/en/parkings/antwerp/meir/
interparking-belgium-be-1524,Meir-Opera,Antwerp,205,Meir-Opera,antwerpen,be,Interparking,202,3.20,22.00,17,1.0,,https://www.interparking.be/en/parkings/antwerp/meir-opera/
interparking-belgium-be-1526,Oudaen,Antwerp,365,Oudaen,antwerpen,be,Interparking,365,4.80,40.00,0,1.0,,https://www.interparking.be/en/parkings/antwerp/oudaen/
interparking-belgium-be-1533,Roosevelt,Antwerp,379,Roosevelt,antwerpen,be,Interparking,379,3.60,28.00,0,1.0,,https://www.interparking.be/en/parkings/antwerp/roosevelt/
interparking-belgium-be-1531,Stadsschouwburg,Antwerp,270,Stadsschouwburg,antwerpen,be,Interparking,270,3.60,25.00,0,1.0,,https://www.interparking.be/en/parkings/antwerp/stadsschouwburg/
interparking-belgium-be-1534,Vesting,Antwerp,213,Vesting,antwerpen,be,Interparking,213,4.00,28.00,0,1.0,,https://www.interparking.be/en/parkings/antwerp/vesting/
npr-qpark-nl-bbca34c0-27d4-4d50-8544-612826339d33-apeldoorn-museum-centrum,APELDOORN-Museum Centrum,Apeldoorn,636,Museum-Centrum,apeldoorn,nl,Q-Park,636,3.33,16.50,0,0.74,,https://www.q-park.nl/nl-nl/parkeren/apeldoorn/museum-centrum/
npr-qpark-nl-f3dca9dd-12f1-4890-9077-ff24322d5160-apeldoorn-oranjerie,APELDOORN-Oranjerie,Apeldoorn,519,Oranjerie,apeldoorn,nl,Q-Park,519,3.33,16.50,0,0.67,,https://www.q-park.nl/nl-nl/parkeren/apeldoorn/oranjerie/
dft-uk-carparks-5292,Durrants Hill Car Park,Apsley,74,Durrants Hill,hemelhempstead,uk,Dacorum Borough Council,64,0.60,3.50,166,1.0,,https://webapps.dacorum.gov.uk/carparks/
npr-qpark-nl-4756e8cd-cc3a-48c2-a2b2-56528d91d0da-arnhem-broerenstraat,ARNHEM-Broerenstraat,Arnhem,411,Broerenstraat,arnhem,nl,Q-Park,427,,28.50,0,0.81,,https://www.q-park.nl/nl-nl/parkeren/arnhem/broerenstraat/
assen-live-citadel-3,Citadel,Assen,600,Parkeergarage Citadel,assen,nl,P1,575,2.00,8.00,23,1.0,,https://www.p1.nl/parkeerplaats/parkeergarage-citadel/
assen-live-de-nieuwe-kolk-8,De Nieuwe Kolk,Assen,500,Parkeergarage De Nieuwe Kolk,assen,nl,P1,500,2.00,8.00,17,1.0,,https://www.p1.nl/parkeerplaats/parkeergarage-de-nieuwe-kolk/
assen-live-drents-museum-1,Drents Museum,Assen,246,Parkeergarage Drents Museum,assen,nl,P1,245,2.00,8.00,21,1.0,,https://www.p1.nl/parkeerplaats/parkeergarage-drents-museum/
assen-live-mercurius-7,Mercurius,Assen,288,Parkeergarage Mercurius,assen,nl,P1,250,2.00,8.00,41,1.0,,https://www.p1.nl/parkeerplaats/parkeergarage-mercurius/
assen-live-neptunus-6,Neptunus,Assen,190,Parkeergarage Neptunus,assen,nl,P1,190,2.00,8.00,27,1.0,,https://www.p1.nl/parkeerplaats/parkeergarage-neptunus/
npr-other-nl-e176fda1-54ab-4ee8-95eb-e428b9acf480-p-r-stationsplein-assen,P+R Stationsplein (Assen),Assen,266,P+R Stationsplein,assen,nl,Q-Park,266,2.89,14.50,0,0.84,,https://www.q-park.nl/nl-nl/parkeren/assen/p-r-stationsplein/
assen-live-stadhuis-2,Stadhuis,Assen,190,Parkeergarage Stadhuis,assen,nl,P1,190,2.00,8.00,32,1.0,,https://www.p1.nl/parkeerplaats/parkeergarage-stadhuis/
assen-live-triade-5,Triade,Assen,560,Parkeergarage Triade,assen,nl,P1,550,2.00,8.00,42,1.0,,https://www.p1.nl/parkeerplaats/parkeergarage-triade/
amp-metropole-live-aubagne-08-mai-1945,08 Mai 1945,Aubagne,372,8 Mai 1945,aubagne,fr,Q-Park,375,0.00,18.30,14,0.94,yes,https://www.q-park.fr/fr-fr/villes/aubagne/8-mai-1945/
dft-uk-carparks-4930,Q Park Victoria Square,Belfast,953,Victoria Square,belfast,uk,Q-Park,1083,3.8,27.0,223,0.85,,https://www.q-park.co.uk/en-gb/cities/belfast/victoria-square/
db-bahnpark-100028-bahnhof-berlin-suedkreuz-kiss-ride-ost,Bahnhof Berlin Südkreuz Kiss&Ride Ost,Berlin,8,Parkplatz Südkreuz Ost P4 Kiss+Ride,berlin,de,Contipark,8,3.00,27.00,1,0.6,,https://www.contipark.de/de/parken/berlin/parkplatz-suedkreuz-ost-p4-kissride/
db-bahnpark-100027-bahnhof-berlin-suedkreuz-vorfahrt-ost,Bahnhof Berlin Südkreuz Vorfahrt Ost,Berlin,20,Parkplatz Südkreuz Vorfahrt Ost P3,berlin,de,Contipark,19,3.00,27.00,26,0.72,,https://www.contipark.de/de/parken/berlin/parkplatz-suedkreuz-kissride-ost-p3/
db-bahnpark-104713-bahnhof-berlin-suedkreuz-vorplatz-west,Bahnhof Berlin Südkreuz Vorplatz West,Berlin,10,Parkplatz Südkreuz Vorfahrt West P5,berlin,de,Contipark,10,3.00,30.00,33,0.62,,https://www.contipark.de/de/parken/berlin/parkplatz-suedkreuz-vorfahrt-west-p5/
db-bahnpark-100022-parkhaus-berlin-hauptbahnhof,Parkhaus Berlin Hauptbahnhof,Berlin,860,Tiefgarage Hauptbahnhof P1,berlin,de,Contipark,814,3.30,27.00,37,0.75,,https://www.contipark.de/de/parken/berlin/tiefgarage-hauptbahnhof-p1-berlin/
db-bahnpark-100023-parkplatz-berlin-ostbahnhof,Parkplatz Berlin Ostbahnhof,Berlin,113,Parkplatz Ostbahnhof P1,berlin,de,Contipark,113,2.50,11.00,8,0.71,,https://www.contipark.de/de/parken/berlin/parkplatz-ostbahnhof-p1/
db-bahnpark-100024-tiefgarage-berlin-ostbahnhof,Tiefgarage Berlin Ostbahnhof,Berlin,230,Tiefgarage Ostbahnhof P2,berlin,de,Contipark,230,2.50,11.00,14,0.71,,https://www.contipark.de/de/parken/berlin/tiefgarage-ostbahnhof-p2/
sw-bielefeld-parken-Parkhaus-Am-Hauptbahnhof,Parkhaus Am Hauptbahnhof,Bielefeld,850,Parkhaus Am Hauptbahnhof,bielefeld,de,Parkhaus Bielefeld,850,,7.0,41,1.0,yes,http://parkhaus-bielefeld.de/tarife/
sw-bielefeld-parken-Parkhaus-Am-Jahnplatz,Parkhaus Am Jahnplatz,Bielefeld,93,Am Jahnplatz - Renteistraße,bielefeld,de,APCOA,98,2.59,20.99,19,0.63,yes,https://www.apcoa.de/einmal-parken/standorte/bielefeld/am-jahnplatz-renteistrasse
sw-bielefeld-parken-Parkhaus-Am-Zwinger,Parkhaus Am Zwinger,Bielefeld,412,Parkhaus Am Zwinger,bielefeld,de,Borchard Group,412,2.0,12.0,35,1.0,yes,https://www.borchard-group.com/parkhaus-am-zwinger/
sw-bielefeld-parken-Parkhaus-Bahnhofsviertel-1,Parkhaus Bahnhofsviertel 1,Bielefeld,723,Neues Bahnhofsviertel,bielefeld,de,APCOA,802,2.5,25.0,9,0.83,yes,https://www.apcoa.de/einmal-parken/standorte/bielefeld/neues-bahnhofsviertel
sw-bielefeld-parken-Parkhaus-Centrum,Parkhaus Centrum,Bielefeld,325,Centrum,bielefeld,de,Q-Park,328,2.2,16.0,18,1.0,yes,https://www.q-park.de/de-de/staedte/bielefeld/centrum/
sw-bielefeld-parken-Parkhaus-LOOM,Parkhaus LOOM,Bielefeld,529,Parkhaus LOOM,bielefeld,de,ECE (LOOM Einkaufszentrum),529,2.0,20.0,16,1.0,yes,https://www.loom-bielefeld.de/center/anfahrt-parken/parken/
sw-bielefeld-parken-Parkhaus-Ritterstrasse,Parkhaus Ritterstraße,Bielefeld,283,Parkhaus Ritterstraße,bielefeld,de,Contipark,425,2.2,12.5,22,1.0,yes,https://www.contipark.de/de/parken/bielefeld/parkhaus-ritterstrasse/
sw-bielefeld-parken-Parkhaus-Stadthalle,Parkhaus Stadthalle,Bielefeld,444,Parkhaus Stadthalle,bielefeld,de,ORBE Parkgaragen,444,2.0,12.0,81,1.0,yes,https://www.orbe-parkgaragen.de/portfolio-items/stadthalle-bielefeld/
sw-bielefeld-parken-Parkplatz-Grosse-Kurfursten-Str,Parkplatz Große-Kurfürsten-Str.,Bielefeld,164,Parkplatz Große-Kurfürsten-Straße,bielefeld,de,ORBE Parkgaragen,165,1.5,10.0,46,0.9,yes,https://www.orbe-parkgaragen.de/portfolio-items/kurfuerstenstrasse/
sw-bielefeld-parken-Parkplatz-Hbf,Parkplatz Hbf,Bielefeld,136,Parkplatz Hbf,bielefeld,de,Borchard Group,136,2.0,12.0,28,1.0,yes,https://www.borchard-group.com/parkplatz-hbf/
sw-bielefeld-parken-Parkplatz-Zentrum,Parkplatz Zentrum,Bielefeld,90,Parkplatz Zentrum,bielefeld,de,ORBE Parkgaragen,80,2.0,15.0,21,1.0,yes,https://www.orbe-parkgaragen.de/portfolio-items/parkplatz-zentrum/
sw-bielefeld-parken-Seidenstickerhalle,Seidenstickerhalle,Bielefeld,350,Seidenstickerhalle,bielefeld,de,ORBE Parkgaragen,260,,3.0,60,1.0,,https://www.orbe-parkgaragen.de/portfolio-items/seidenstickerhalle-2/
sw-bielefeld-parken-Tiefgarage-Altstadt-Carre,Tiefgarage Altstadt-Carré,Bielefeld,415,Tiefgarage Altstadt-Carré,bielefeld,de,Contipark,415,2.2,12.5,4,1.0,yes,https://www.contipark.de/de/parken/bielefeld/tiefgarage-altstadt-carre/
sw-bielefeld-parken-Tiefgarage-Am-Theater,Tiefgarage Am Theater,Bielefeld,169,Tiefgarage Am Theater,bielefeld,de,ProEinzelhandel OWL,169,1.5,12.0,17,1.0,yes,https://www.proeinzelhandel-owl.de/parkhaeuser/tiefgarage-am-theater/
sw-bielefeld-parken-Tiefgarage-Kesselbrink,Tiefgarage Kesselbrink,Bielefeld,383,Tiefgarage Kesselbrink,bielefeld,de,ProEinzelhandel OWL,383,1.5,12.0,208,1.0,yes,https://www.proeinzelhandel-owl.de/parkhaeuser/tiefgarage-kesselbrink/
sw-bielefeld-parken-Tiefgarage-Welle,Tiefgarage Welle,Bielefeld,289,Tiefgarage Welle,bielefeld,de,ProEinzelhandel OWL,289,2.0,15.0,14,1.0,yes,https://www.proeinzelhandel-owl.de/parkhaeuser/tiefgarage-welle/
sw-bielefeld-parken-Tiefgarage-Willy-Brandt-Platz,Tiefgarage Willy-Brandt-Platz,Bielefeld,411,Tiefgarage Willy-Brandt-Platz,bielefeld,de,ProEinzelhandel OWL,411,1.5,12.0,11,1.0,yes,https://www.proeinzelhandel-owl.de/parkhaeuser/tiefgarage-willy-brandt-platz/
sw-bielefeld-parken-Tiefgarage-und-Parkpalette-CineStar,Tiefgarage und Parkpalette CineStar,Bielefeld,400,Tiefgarage und Parkpalette CineStar,bielefeld,de,ORBE Parkgaragen,400,1.5,10.0,30,1.0,yes,https://www.bielefeld.de/parken
bordeaux-metropole-live-allees-de-chartres,Allees De Chartres,Bordeaux,461,Allées de Chartres,bordeaux,fr,METPARK,467,,24.00,14,1.0,yes,https://www.mtpk.fr/parking/parking-allees-de-chartres/
bordeaux-metropole-live-amedee-st-germain,Amedee St Germain,Bordeaux,639,Amédée Saint-Germain,bordeaux,fr,METPARK,639,,22.00,66,0.91,yes,https://www.mtpk.fr/parking/parking-amedee-saint-germain/
bordeaux-metropole-live-ars-belcier,Ars - Belcier,Bordeaux,225,Ars Belcier,bordeaux,fr,Indigo,,2.80,21.60,125,1.0,,https://www.indigoneo.fr/fr/parkings/11303/parking-ars-belcier
bordeaux-metropole-live-beaujon,Beaujon,Bordeaux,92,Beaujon,bordeaux,fr,METPARK,92,,22.00,26,1.0,yes,https://www.mtpk.fr/parking/parking-beaujon/
bordeaux-metropole-live-bergonie,Bergonie,Bordeaux,46,Bergonié,bordeaux,fr,METPARK,66,,22.00,15,1.0,yes,https://www.mtpk.fr/parking/parking-bergonie/
bordeaux-metropole-live-bord-eau-village,Bord'Eau Village,Bordeaux,540,Bord'eau Village,bordeaux,fr,Q-Park,540,3.40,32.30,53,1.0,yes,https://www.q-park.fr/fr-fr/villes/bordeaux/bord-eau-village/
bordeaux-metropole-live-brienne,Brienne,Bordeaux,300,Brienne,bordeaux,fr,Indigo,,2.40,26.00,29,1.0,,https://www.indigoneo.fr/fr/parkings/23708/parking-brienne
bordeaux-metropole-live-camille-jullian,Camille Jullian,Bordeaux,338,Camille Jullian,bordeaux,fr,METPARK,338,3.20,29.90,14,1.0,yes,https://www.mtpk.fr/parking/parking-camille-jullian/
bordeaux-metropole-live-centre-commercial-meriadeck,Centre Commercial Meriadeck,Bordeaux,1230,Centre Commercial Mériadeck,bordeaux,fr,METPARK,1323,,24.00,95,1.0,yes,https://www.mtpk.fr/parking/parking-centre-commercial-meriadeck/
bnls-other-fr-33075-P-016-cite-mondiale-metpark,Cite Mondiale - Metpark,Bordeaux,847,Cité Mondiale,bordeaux,fr,METPARK,823,,24.00,26,0.77,,https://www.mtpk.fr/parking/parking-cite-mondiale/
bordeaux-metropole-live-clemenceau,Clemenceau,Bordeaux,379,Auditorium Clémenceau,bordeaux,fr,Q-Park,379,3.60,38.20,15,0.67,yes,https://www.q-park.fr/fr-fr/villes/bordeaux/cl%c3%a9menceau-auditorium/
bordeaux-metropole-live-gambetta,Gambetta,Bordeaux,424,Gambetta,bordeaux,fr,METPARK,438,,24.00,71,1.0,yes,https://www.mtpk.fr/parking/parking-gambetta/
bordeaux-metropole-live-gare-saint-jean,Gare Saint Jean,Bordeaux,410,Gare Saint Jean,bordeaux,fr,METPARK,561,,32.00,120,1.0,yes,https://www.mtpk.fr/parking/parking-saint-jean/
bordeaux-metropole-live-grand-parc,Grand Parc,Bordeaux,468,Grand Parc,bordeaux,fr,METPARK,341,,22.00,8,1.0,yes,https://www.mtpk.fr/parking/parking-grand-parc/
bordeaux-metropole-live-grands-hommes,Grands Hommes,Bordeaux,415,Grands Hommes,bordeaux,fr,METPARK,410,,24.00,73,1.0,yes,https://www.mtpk.fr/parking/parking-grands-hommes/
bordeaux-metropole-live-les-bassins,Les Bassins,Bordeaux,274,Les Bassins,bordeaux,fr,Indigo,,2.80,28.00,81,1.0,,https://www.indigoneo.fr/fr/parkings/20316/parking-les-bassins
bordeaux-metropole-live-meunier-saint-jean,Meunier - Saint Jean,Bordeaux,323,Meunier,bordeaux,fr,Indigo,,2.40,21.10,149,0.61,,https://www.indigoneo.fr/fr/parkings/23764/parking-meunier
bordeaux-metropole-live-p3-belcier-gare-saint-jean,P3 Belcier - Gare Saint Jean,Bordeaux,767,P3 - Gare Saint Jean Belcier,bordeaux,fr,Indigo,,9.20,36.20,7,0.68,,https://www.indigoneo.fr/fr/parkings/4561/parking-p3-gare-saint-jean-belcier
bordeaux-metropole-live-p4-belcier-gare-saint-jean,P4 Belcier -  Gare Saint Jean,Bordeaux,600,P4 Gare Saint Jean Belcier,bordeaux,fr,Indigo,,9.20,35.00,25,0.68,,https://www.indigoneo.fr/fr/parkings/11304/parking-p4-gare-saint-jean-belcier
bnls-other-fr-33075-P-018-porte-de-bordeaux-metpark,Porte De Bordeaux - Metpark,Bordeaux,521,Porte de Bordeaux,bordeaux,fr,METPARK,707,,22.00,93,0.81,,https://www.mtpk.fr/parking/parking-porte-de-bordeaux/
bordeaux-metropole-live-republique,Republique,Bordeaux,361,République,bordeaux,fr,METPARK,361,,24.00,36,1.0,yes,https://www.mtpk.fr/parking/parking-republique/
bordeaux-metropole-live-salinieres,Salinieres,Bordeaux,400,Salinières,bordeaux,fr,Indigo,,2.40,21.10,61,1.0,,https://www.indigoneo.fr/fr/parkings/23815/parking-salinieres
bordeaux-metropole-live-tourny,Tourny,Bordeaux,950,Tourny,bordeaux,fr,Indigo,,2.80,30.30,43,1.0,,https://www.indigoneo.fr/fr/parkings/23816/parking-tourny
bordeaux-metropole-live-victoire,Victoire,Bordeaux,550,Victoire,bordeaux,fr,METPARK,470,,24.00,103,1.0,yes,https://www.mtpk.fr/parking/parking-victoire/
bordeaux-metropole-live-victor-hugo,Victor Hugo,Bordeaux,634,Victor Hugo,bordeaux,fr,METPARK,642,,24.00,42,1.0,yes,https://www.mtpk.fr/parking/parking-victor-hugo/
bnls-other-fr-92012-P-018-parking-belle-feuille,Parking Belle Feuille,Boulogne-Billancourt,287,Bellefeuille,boulognebillancourt,fr,Indigo,,3.20,18.40,18,1.0,,https://www.indigoneo.fr/fr/parkings/2914/parking-bellefeuille
bnls-other-fr-92012-P-019-parking-cours-de-l-ile-seguin,Parking Cours de l'Île Seguin,Boulogne-Billancourt,602,Cours de l'Île Seguin,boulognebillancourt,fr,Indigo,,3.40,33.40,58,1.0,,https://www.indigoneo.fr/fr/parkings/401/parking-cours-de-lile-seguin
bnls-qpark-fr-92012-P-022-parking-hotel-de-ville,Parking Hôtel de Ville,Boulogne-Billancourt,584,Hôtel de Ville,boulognebillancourt,fr,Q-Park,573,3.50,39.80,30,1.0,,https://www.q-park.fr/fr-fr/villes/boulogne-billancourt/h%c3%b4tel-de-ville/
bnls-other-fr-92012-P-025-parking-marche-billancourt,Parking Marché Billancourt,Boulogne-Billancourt,210,Marché,boulognebillancourt,fr,Indigo,,3.00,19.60,25,0.52,,https://www.indigoneo.fr/fr/parkings/402/parking-marche
bnls-qpark-fr-92012-P-042-parking-parchamp,Parking Parchamp,Boulogne-Billancourt,300,Parchamp,boulognebillancourt,fr,Q-Park,315,3.50,39.80,29,1.0,,https://www.q-park.fr/fr-fr/villes/boulogne-billancourt/parchamp/
bnls-other-fr-92012-P-002-parking-point-du-jour,Parking Point du Jour,Boulogne-Billancourt,525,Point du Jour,boulognebillancourt,fr,Indigo,,4.20,35.40,181,1.0,,https://www.indigoneo.fr/fr/parkings/400/parking-point-du-jour
bnls-other-fr-92012-P-020-parking-rives-de-seine,Parking Rives de Seine,Boulogne-Billancourt,595,Rives de Seine,boulognebillancourt,fr,Indigo,,3.40,33.40,11,1.0,,https://www.indigoneo.fr/fr/parkings/403/parking-rives-de-seine
dft-uk-carparks-5293,Cowper Road Car Park,Boxmoor,20,Cowper Road,hemelhempstead,uk,Dacorum Borough Council,18,0.00,,95,1.0,,https://webapps.dacorum.gov.uk/carparks/
npr-qpark-nl-e8ea0d92-041b-4dc2-9871-74e32fb5dee6-breda-centrum,BREDA-Centrum,Breda,360,Centrum,breda,nl,Q-Park,360,,21.00,0,0.74,,https://www.q-park.nl/nl-nl/parkeren/breda/centrum/
npr-other-nl-0958e08b-94be-44c6-95a2-3815bf0eba53-p-r-stationsweg-breda,P+R Stationsweg (Breda),Breda,89,P+R Stationsweg,breda,nl,Q-Park,89,3.95,22.50,0,0.81,,https://www.q-park.nl/nl-nl/parkeren/breda/p-r-stationsweg/
bristol-live-brunswick-square,Brunswick Square,Bristol,44,Brunswick Square short stay car park,bristol,uk,Bristol City Council,44,3.5,,51,0.77,,https://www.bristol.gov.uk/residents/parking/where-to-park-in-bristol/brunswick-square-short-stay-car-park
bristol-live-college-street-bs1-5uy,"College Street, BS1 5UY",Bristol,271,College Street short stay car park,bristol,uk,Bristol City Council,214,2.7,,35,0.73,,https://www.bristol.gov.uk/residents/parking/where-to-park-in-bristol/college-street-short-stay-car-park
bristol-live-frog-lane,Frog Lane,Bristol,11,Frog Lane short stay car park,bristol,uk,Bristol City Council,10,2.7,,6,0.64,,https://www.bristol.gov.uk/residents/parking/where-to-park-in-bristol/frog-lane-short-stay-car-park
bristol-live-lower-guinea-street,Lower Guinea Street,Bristol,24,Lower Guinea Street long stay car park,bristol,uk,Bristol City Council,17,2.7,19.6,27,0.81,,https://www.bristol.gov.uk/residents/parking/where-to-park-in-bristol/lower-guinea-street-long-stay-car-park
bristol-live-maritime-heritage-centre,Maritime Heritage Centre,Bristol,173,Maritime Heritage Centre short stay car park,bristol,uk,Bristol City Council,167,,13.5,58,0.83,,https://www.bristol.gov.uk/residents/parking/where-to-park-in-bristol/maritime-heritage-centre-short-stay-car-park
bristol-live-portwall-lane,Portwall Lane,Bristol,138,Portwall Lane long stay car park,bristol,uk,Bristol City Council,130,2.7,19.6,45,0.75,,https://www.bristol.gov.uk/residents/parking/where-to-park-in-bristol/portwall-lane-long-stay-car-park
bristol-live-queen-square,Queen Square,Bristol,161,Queen Square short stay car park,bristol,uk,Bristol City Council,159,3.5,,150,0.71,,https://www.bristol.gov.uk/residents/parking/where-to-park-in-bristol/queen-square-short-stay-car-park
bristol-live-redcliffe-parade,Redcliffe Parade,Bristol,34,Redcliffe Parade long stay car park,bristol,uk,Bristol City Council,33,2.7,19.6,52,0.79,,https://www.bristol.gov.uk/residents/parking/where-to-park-in-bristol/redcliffe-parade-long-stay-car-park
bristol-live-rupert-street-ncp,Rupert Street NCP,Bristol,498,Rupert Street,bristol,uk,Q-Park,498,4.0,28.0,19,1.0,,https://www.q-park.co.uk/en-gb/cities/bristol/rupert-street/
bristol-live-st-james-barton-ncp,St James Barton NCP,Bristol,314,St James Barton,bristol,uk,Q-Park,319,4.0,28.0,8,1.0,,https://www.q-park.co.uk/en-gb/cities/bristol/st-james-barton/
bristol-live-the-grove,The Grove,Bristol,156,The Grove long stay car park,bristol,uk,Bristol City Council,138,2.7,19.6,116,0.67,,https://www.bristol.gov.uk/residents/parking/where-to-park-in-bristol/the-grove-long-stay-car-park
bristol-live-trenchard-street,Trenchard Street,Bristol,970,Trenchard Street long stay car park,bristol,uk,Bristol City Council,936,2.7,19.6,130,0.79,,https://www.bristol.gov.uk/residents/parking/where-to-park-in-bristol/trenchard-street-long-stay-car-park
bristol-live-wapping-wharf,Wapping Wharf,Bristol,600,Wapping Wharf (long stay),bristol,uk,Euro Car Parks,600,,12.0,86,0.75,,https://opendata.bristol.gov.uk/datasets/car-parks
bristol-live-west-end,West End,Bristol,813,West End long stay car park,bristol,uk,Bristol City Council,750,2.7,19.6,34,0.64,,https://www.bristol.gov.uk/residents/parking/where-to-park-in-bristol/west-end-long-stay-car-park
interparking-belgium-be-1429,2 Portes,Brussels,705,2 Portes,brussel,be,Interparking,915,4.00,30.00,37,1.0,,https://www.interparking.be/en/parkings/brussels/2-portes/
interparking-belgium-be-1112,Albertine-Square,Brussels,690,Albertine-Square,brussel,be,Interparking,698,4.00,30.00,0,1.0,,https://www.interparking.be/en/parkings/brussels/albertine-square/
interparking-belgium-be-1005,Alhambra,Brussels,199,Alhambra,brussel,be,Interparking,192,3.60,30.00,0,1.0,,https://www.interparking.be/en/parkings/brussels/alhambra/
interparking-belgium-be-1403,Bordet - Erasme,Brussels,876,Bordet - Erasme,brussel,be,Interparking,876,2.80,18.00,0,1.0,,https://www.interparking.be/en/parkings/brussels/bordet/
interparking-belgium-be-1213,Botanique - Saint-Jean,Brussels,200,Botanique - Saint-Jean,brussel,be,Interparking,328,3.60,30.00,0,1.0,,https://www.interparking.be/en/parkings/brussels/botanique-saint-jean/
interparking-belgium-be-1286,Brabant Gare du Nord,Brussels,159,Brabant Gare du Nord,brussel,be,Interparking,158,3.60,20.00,0,1.0,,https://www.interparking.be/en/parkings/brussels/brabantgaredunord/
interparking-belgium-be-1001,Brucity,Brussels,451,Brucity,brussel,be,Interparking,451,4.00,30.00,0,1.0,,https://www.interparking.be/en/parkings/brussels/brucity/
interparking-belgium-be-1287,Chazal-Dailly,Brussels,52,Chazal-Dailly,brussel,be,Interparking,39,2.00,12.00,0,1.0,,https://www.interparking.be/en/parkings/brussels/chazal/
interparking-belgium-be-1244,City 2,Brussels,379,City 2,brussel,be,Interparking,381,3.60,30.00,0,1.0,,https://www.interparking.be/en/parkings/brussels/city-2/
interparking-belgium-be-1003,De Brouckère,Brussels,449,De Brouckere,brussel,be,Interparking,449,4.00,30.00,0,1.0,,https://www.interparking.be/en/parkings/brussels/debrouckere/
interparking-belgium-be-1002,Ecuyer,Brussels,509,Ecuyer,brussel,be,Interparking,482,3.60,25.00,6,1.0,,https://www.interparking.be/en/parkings/brussels/ecuyer/
interparking-belgium-be-1420,Entre Deux Portes,Brussels,156,Entre Deux Portes,brussel,be,Interparking,156,3.60,30.00,40,1.0,,https://www.interparking.be/en/parkings/brussels/entredeuxportes/
interparking-belgium-be-1060,Grand Place,Brussels,995,Grand Place,brussel,be,Interparking,913,4.00,30.00,0,1.0,,https://www.interparking.be/en/parkings/brussels/grand-place/
interparking-belgium-be-1194,Industrie,Brussels,243,Industrie,brussel,be,Interparking,311,3.60,30.00,0,1.0,,https://www.interparking.be/en/parkings/brussels/industrie/
interparking-belgium-be-1193,Loi,Brussels,789,Loi,brussel,be,Interparking,780,3.10,25.10,0,1.0,,https://www.interparking.be/en/parkings/brussels/loi/
interparking-belgium-be-1009,Monnaie,Brussels,601,Monnaie,brussel,be,Interparking,593,3.60,30.00,0,1.0,,https://www.interparking.be/en/parkings/brussels/monnaie/
interparking-belgium-be-1292,Passage 44,Brussels,526,Passage 44,brussel,be,Interparking,501,2.80,15.00,0,1.0,,https://www.interparking.be/en/parkings/brussels/passage-44/
interparking-belgium-be-1404,Porte de Hal - Parvis,Brussels,508,Porte de Hal - Parvis,brussel,be,Interparking,520,3.60,30.00,17,1.0,,https://www.interparking.be/en/parkings/brussels/porte-de-hal/
interparking-belgium-be-1223,Rogier,Brussels,507,Rogier,brussel,be,Interparking,509,3.60,30.00,0,1.0,,https://www.interparking.be/en/parkings/brussels/rogier/
interparking-belgium-be-1484,Sablon-Poelaert,Brussels,499,Sablon-Poelaert,brussel,be,Interparking,499,4.00,27.00,0,1.0,,https://www.interparking.be/en/parkings/brussels/sablon-poelaert/
interparking-belgium-be-1367,Stockel Square,Brussels,300,Stockel Square,brussel,be,Interparking,400,2.00,12.50,0,1.0,,https://www.interparking.be/en/parkings/brussels/stockel-square/
interparking-belgium-be-1487,Stéphanie-Louise (Wiltchers),Brussels,602,Stephanie-Louise (Wiltchers),brussel,be,Interparking,590,4.00,30.00,0,1.0,,https://www.interparking.be/en/parkings/brussels/stephanie-louise/
interparking-belgium-be-1474,Toison d'Or,Brussels,337,Toison d'Or,brussel,be,Interparking,337,2.80,15.00,0,1.0,,https://www.interparking.be/en/parkings/brussels/toison-d-or/
interparking-belgium-be-2411,Westland Shopping Center,Brussels,2167,Westland Shopping Center,brussel,be,Interparking,2240,2.00,14.40,0,1.0,,https://www.interparking.be/en/parkings/brussels/westlandshoppingcenter/
interparking-belgium-be-2408,Woluwe Shopping Center,Brussels,1885,Woluwe Shopping Center,brussel,be,Interparking,1885,1.70,14.40,0,1.0,,https://www.interparking.be/en/parkings/brussels/woluwe-shopping-center/
dft-uk-carparks-6914,NCP Castle Court Car Park - Cardiff,Cardiff,75,Stadium (Castle Court),cardiff,uk,NCP,82,5.95,32.95,1,0.61,,https://www.ncp.co.uk/find-a-car-park/car-parks/cardiff-stadium/
dft-uk-carparks-6909,NCP Dumfries Place MSCP - Cardiff,Cardiff,1000,Dumfries Place,cardiff,uk,NCP,955,2.50,25.00,6,0.7,,https://www.ncp.co.uk/find-a-car-park/car-parks/cardiff-dumfries-place/
dft-uk-carparks-6910,NCP Greyfriars Road MSCP - Cardiff,Cardiff,244,Greyfriars,cardiff,uk,Q-Park,254,6.50,35.00,31,0.57,,https://www.q-park.co.uk/en-gb/cities/cardiff/greyfriars/
dft-uk-carparks-6911,NCP Westgate MSCP - Cardiff,Cardiff,336,Westgate Street,cardiff,uk,Q-Park,330,6.00,32.00,24,0.61,,https://www.q-park.co.uk/en-gb/cities/cardiff/westgate-street/
bnls-qpark-fr-73065-P-015-enclos-barbot,Enclos Barbot,Chambéry,58,Barbot,chambery,fr,Q-Park,61,2.0,23.2,0,0.67,,https://www.q-park.fr/fr-fr/villes/chamb%C3%A9ry/barbot/
bnls-qpark-fr-73065-P-012-enclos-europe,Enclos Europe,Chambéry,149,Europe,chambery,fr,Q-Park,154,2.0,23.2,0,0.67,,https://www.q-park.fr/fr-fr/villes/chamb%C3%A9ry/europe/
bnls-qpark-fr-73065-P-008-enclos-manege,Enclos Manège,Chambéry,84,Manège,chambery,fr,Q-Park,79,2.0,23.2,0,0.67,,https://www.q-park.fr/fr-fr/villes/chamb%C3%A9ry/man%C3%A8ge/
bnls-qpark-fr-73065-P-013-enclos-roissard,Enclos Roissard,Chambéry,149,Roissard,chambery,fr,Q-Park,149,2.0,23.2,0,0.73,,https://www.q-park.fr/fr-fr/villes/chamb%C3%A9ry/roissard/
bnls-qpark-fr-73065-P-007-enclos-verdun,Enclos Verdun,Chambéry,136,Verdun,chambery,fr,Q-Park,128,1.5,16.2,0,0.67,,https://www.q-park.fr/fr-fr/villes/chamb%C3%A9ry/verdun/
bnls-qpark-fr-73065-P-014-parking-chateau,Parking Château,Chambéry,604,Château,chambery,fr,Q-Park,604,1.7,14.3,0,1.0,,https://www.q-park.fr/fr-fr/villes/chamb%C3%A9ry/ch%C3%A2teau/
bnls-qpark-fr-73065-P-002-parking-curial,Parking Curial,Chambéry,244,Curial,chambery,fr,Q-Park,242,1.7,15.6,15,1.0,,https://www.q-park.fr/fr-fr/villes/chamb%C3%A9ry/curial/
bnls-qpark-fr-73065-P-009-parking-falaise,Parking Falaise,Chambéry,495,Falaise,chambery,fr,Q-Park,490,1.2,9.9,0,1.0,,https://www.q-park.fr/fr-fr/villes/chamb%C3%A9ry/falaise/
bnls-other-fr-73065-P-001-parking-halles,Parking Halles,Chambéry,283,Les Halles,chambery,fr,Q-Park,283,2.5,18.6,19,0.8,,https://www.q-park.fr/fr-fr/villes/chamb%C3%A9ry/les-halles/
bnls-qpark-fr-73065-P-016-parking-hopital-p1,Parking Hôpital P1,Chambéry,259,Hôpital P1,chambery,fr,Q-Park,259,2.2,17.8,0,1.0,,https://www.q-park.fr/fr-fr/villes/chamb%C3%A9ry/hopital-p1/
bnls-qpark-fr-73065-P-003-parking-hotel-de-ville,Parking Hôtel de Ville,Chambéry,243,Hôtel de Ville,chambery,fr,Q-Park,243,2.1,22.6,28,1.0,,https://www.q-park.fr/fr-fr/villes/chamb%C3%A9ry/h%C3%B4tel-de-ville/
bnls-other-fr-73065-P-011-parking-palais-de-justice,Parking Palais de Justice,Chambéry,400,Palais de Justice,chambery,fr,Indigo,400,2.1,22.6,29,1.0,,https://www.indigoneo.fr/fr/parkings/23725/parking-palais-de-justice
dft-uk-carparks-3467,Coval Lane Car Park,Chelmsford,187,Coval Lane,chelmsford,uk,Chelmsford City Council,188,3.0,8.5,207,1.0,,https://www.chelmsford.gov.uk/parking-and-travel/car-parks/coval-lane-car-park/
dft-uk-carparks-3468,Fairfield Road Car Park,Chelmsford,355,Fairfield Road,chelmsford,uk,Chelmsford City Council,352,3.0,11.0,50,1.0,,https://www.chelmsford.gov.uk/parking-and-travel/car-parks/fairfield-road-car-park/
dft-uk-carparks-3483,Meadows Retail MSCP,Chelmsford,398,Meadows Retail,chelmsford,uk,Chelmsford City Council,391,2.5,8.5,102,0.87,,https://www.chelmsford.gov.uk/parking-and-travel/car-parks/meadows-retail-car-park/
dft-uk-carparks-3470,Meadows Surface Car Park,Chelmsford,210,Meadows Surface,chelmsford,uk,Chelmsford City Council,250,2.5,20.0,201,1.0,,https://www.chelmsford.gov.uk/parking-and-travel/car-parks/meadows-surface-car-park/
dft-uk-carparks-3471,Moulsham Street Car Park,Chelmsford,207,Moulsham Street,chelmsford,uk,Chelmsford City Council,170,2.0,8.5,63,1.0,,https://www.chelmsford.gov.uk/parking-and-travel/car-parks/moulsham-street-car-park/
dft-uk-carparks-3473,Parkway Car Park,Chelmsford,142,Parkway,chelmsford,uk,Chelmsford City Council,97,2.5,20.0,137,1.0,,https://www.chelmsford.gov.uk/parking-and-travel/car-parks/parkway-car-park/
dft-uk-carparks-3476,Regina Road Car Park,Chelmsford,56,Regina Road,chelmsford,uk,Chelmsford City Council,46,,9.0,62,1.0,,https://www.chelmsford.gov.uk/parking-and-travel/car-parks/regina-road-car-park/
dft-uk-carparks-3484,Townfield Street MSCP,Chelmsford,745,Townfield Street,chelmsford,uk,Chelmsford City Council,726,3.0,11.0,79,0.88,,https://www.chelmsford.gov.uk/parking-and-travel/car-parks/townfield-street-car-park/
dft-uk-carparks-3479,Waterloo Lane 1 Car Park,Chelmsford,64,Waterloo Lane 1,chelmsford,uk,Chelmsford City Council,67,2.5,20.0,73,1.0,,https://www.chelmsford.gov.uk/parking-and-travel/car-parks/waterloo-lane-1-car-park/
dft-uk-carparks-3480,Waterloo Lane 2 Car Park,Chelmsford,53,Waterloo Lane 2,chelmsford,uk,Chelmsford City Council,53,2.5,20.0,73,1.0,,https://www.chelmsford.gov.uk/parking-and-travel/car-parks/waterloo-lane-2-car-park/
clermont-ferrand-live-2,1er Mai,Clermont-Ferrand,266,1er Mai,clermontferrand,fr,Q-Park,278,1.40,9.00,44,1.0,yes,https://www.q-park.fr/fr-fr/villes/clermont-ferrand/1er-mai/
clermont-ferrand-live-6,Blaise Pascal (Sous-sol),Clermont-Ferrand,397,Blaise Pascal,clermontferrand,fr,Q-Park,466,1.50,14.70,8,0.77,yes,https://www.q-park.fr/fr-fr/villes/clermont-ferrand/blaise-pascal/
clermont-ferrand-live-4,Cathédrale,Clermont-Ferrand,292,Cathédrale,clermontferrand,fr,Q-Park,302,1.40,19.00,10,1.0,yes,https://www.q-park.fr/fr-fr/villes/clermont-ferrand/cathedrale-clermont-ferrand/
clermont-ferrand-live-5,Saint-Pierre,Clermont-Ferrand,167,Saint-Pierre,clermontferrand,fr,Q-Park,169,1.50,14.70,15,1.0,yes,https://www.q-park.fr/fr-fr/villes/clermont-ferrand/saint-pierre-clermont-ferrand/
clermont-ferrand-live-1,Vercingetorix,Clermont-Ferrand,262,Vercingétorix,clermontferrand,fr,Q-Park,268,1.50,14.70,82,1.0,yes,https://www.q-park.fr/fr-fr/villes/clermont-ferrand/vercingetorix/
dft-uk-carparks-7053,Highwoods Country Park Car Park,Colchester,81,High Woods Country Park,colchester,uk,Colchester City Council,70,,8.00,54,1.0,,https://www.new.colchester.gov.uk/parking-and-travel/car-parks/high-woods-country-park-car-park
dft-uk-carparks-5862,Leisure World - Long Stay Car Park,Colchester,425,Colchester Leisure World,colchester,uk,Colchester City Council,439,2.20,11.60,58,0.57,,https://www.new.colchester.gov.uk/parking-and-travel/car-parks/colchester-leisure-world-car-park
dft-uk-carparks-592,NCP Osborne Street Multi Storey Car Park,Colchester,601,Osborne Street,colchester,uk,Q-Park,601,2.00,7.50,61,0.7,,https://www.q-park.co.uk/en-gb/cities/colchester/osborne-street/
dft-uk-carparks-6345,Napier Road North Car Park,Colchester,84,Napier Road North,colchester,uk,Colchester City Council,85,,4.70,89,1.0,,https://www.new.colchester.gov.uk/city-centre-car-parks/napier-road-north
dft-uk-carparks-5200,Priory Street Car Park,Colchester,234,Priory Street,colchester,uk,Colchester City Council,169,2.70,18.90,37,1.0,,https://www.new.colchester.gov.uk/city-centre-car-parks/priory-street
dft-uk-carparks-5203,Vineyard Street Car Park,Colchester,96,Vineyard Street,colchester,uk,Colchester City Council,80,3.40,,121,1.0,,https://www.new.colchester.gov.uk/city-centre-car-parks/vineyard-street
cork-live-9,Black Ash Park & Ride,Cork,935,Black Ash Park & Ride,cork,ie,Cork City Council,935,,5.00,0,1.0,,https://www.corkcity.ie/en/council-services/services/parking-services/i-need-a-city-centre-car-park/cork-city-centre-parking-map/
cork-live-102,Carrolls Quay,Cork,376,Carroll's Quay,cork,ie,Q-Park,369,4.00,37.00,13,1.0,,https://www.q-park.ie/en-gb/cities/cork/carrolls-quay/
cork-live-103,City Hall - Eglington Street,Cork,436,City Hall,cork,ie,Q-Park,388,4.20,45.00,19,0.52,,https://www.q-park.ie/en-gb/cities/cork/city-hall/
cork-live-101,Grand Parade,Cork,352,Grand Parade,cork,ie,Q-Park,350,4.50,45.00,118,1.0,,https://www.q-park.ie/en-gb/cities/cork/grand-parade/
cork-live-108,Merchants Quay,Cork,710,Merchants Quay,cork,ie,APCOA,710,3.80,22.80,57,1.0,,https://www.apcoa.ie/location-overview/location/cork/merchants-quay-cork
cork-live-2,North Main Street,Cork,330,North Main Street Car Park,cork,ie,Cork City Council,330,3.00,,0,1.0,,https://www.corkcity.ie/en/council-services/services/parking-services/parking-news/revised-multi-storey-car-park-charges
cork-live-1,Paul Street,Cork,749,Paul Street Car Park,cork,ie,Cork City Council,749,3.00,,0,1.0,,https://www.corkcity.ie/en/council-services/services/parking-services/parking-news/revised-multi-storey-car-park-charges
cork-live-104,Saint Finbarr's,Cork,350,St Finbarr's,cork,ie,Q-Park,344,4.20,36.00,63,0.87,,https://www.q-park.ie/en-gb/cities/cork/st-finbarr's/
npr-qpark-nl-2569fa10-d804-4f9d-bc23-47c10a6dce42-den-bosch-arena,DEN BOSCH-Arena,Den Bosch,480,Arena,denbosch,nl,Q-Park,479,,23.00,0,0.56,,https://www.q-park.nl/nl-nl/parkeren/den-bosch/arena/
npr-qpark-nl-ec5e3536-447d-4607-af3c-919a931e0e46-den-bosch-tolbrug,DEN BOSCH-Tolbrug,Den Bosch,399,Tolbrug,denbosch,nl,Q-Park,399,3.00,22.00,0,0.64,,https://www.q-park.nl/nl-nl/parkeren/den-bosch/tolbrug/
npr-qpark-nl-f2b30dbc-c65c-4c86-be8a-23b82fc53484-den-haag-cs-new-babylon,DEN HAAG-CS New Babylon,Den Haag,1248,CS New Babylon,denhaag,nl,Q-Park,1248,5.56,36.0,0,0.77,,https://www.q-park.nl/nl-nl/parkeren/den-haag/cs-new-babylon/
npr-qpark-nl-685aee86-56ab-4f8e-99fa-e61a8e4bef57-den-haag-centrum,DEN HAAG-Centrum,Den Haag,711,Centrum,denhaag,nl,Q-Park,712,5.2,33.0,0,0.67,,https://www.q-park.nl/nl-nl/parkeren/den-haag/centrum/
npr-qpark-nl-0efb4324-c065-4097-8194-476cfe42b95c-den-haag-city-parking,DEN HAAG-City Parking,Den Haag,223,City Parking,denhaag,nl,Q-Park,223,6.23,35.0,0,0.53,,https://www.q-park.nl/nl-nl/parkeren/den-haag/city-parking/
npr-qpark-nl-6b153f0c-90b2-453f-944b-e2214f0c1726-den-haag-grote-markt,DEN HAAG-Grote Markt,Den Haag,390,Grote Markt,denhaag,nl,Q-Park,390,6.2,40.0,0,0.74,,https://www.q-park.nl/nl-nl/parkeren/den-haag/grote-markt/
npr-qpark-nl-cb4be1af-5a1a-4499-b428-ec5fa0344070-den-haag-laakhaven,DEN HAAG-Laakhaven,Den Haag,1338,Laakhaven,denhaag,nl,Q-Park,1338,5.29,35.0,0,0.72,,https://www.q-park.nl/nl-nl/parkeren/den-haag/laakhaven/
npr-qpark-nl-d2b672eb-1cab-4db1-8fae-1646902bc000-den-haag-leyenburg,DEN HAAG-Leyenburg,Den Haag,842,Leyenburg,denhaag,nl,Q-Park,842,2.8,15.0,0,0.72,,https://www.q-park.nl/nl-nl/parkeren/den-haag/leyenburg/
npr-qpark-nl-41f690ef-8c8f-486c-a1df-0af13649494e-den-haag-leyweg-1,DEN HAAG-Leyweg 1,Den Haag,588,Leyweg 1,denhaag,nl,Q-Park,588,1.6,10.0,0,0.67,,https://www.q-park.nl/nl-nl/parkeren/den-haag/leyweg-1/
npr-qpark-nl-90656814-93d0-4845-8907-37aa6450a8cd-den-haag-lutherse-burgwal,DEN HAAG-Lutherse Burgwal,Den Haag,300,Lutherse Burgwal,denhaag,nl,Q-Park,282,5.2,33.0,0,0.81,,https://www.q-park.nl/nl-nl/parkeren/den-haag/lutherse-burgwal/
npr-qpark-nl-344f361a-e77f-4524-8067-a9fae8edb269-den-haag-maanweg,DEN HAAG-Maanweg,Den Haag,170,Maanweg,denhaag,nl,Q-Park,170,3.33,27.5,0,0.67,,https://www.q-park.nl/nl-nl/parkeren/den-haag/maanweg/
npr-qpark-nl-879a9f89-f675-4ba3-bd02-2095b9f438d6-den-haag-malieveld,DEN HAAG-Malieveld,Den Haag,599,Malieveld,denhaag,nl,Q-Park,600,4.29,33.0,0,0.72,,https://www.q-park.nl/nl-nl/parkeren/den-haag/malieveld/
npr-qpark-nl-e627c2e2-b71e-40b1-bdfc-7dd1e6ea7d70-den-haag-mauritskade,DEN HAAG-Mauritskade,Den Haag,187,Mauritskade,denhaag,nl,Q-Park,187,5.22,36.0,0,0.76,,https://www.q-park.nl/nl-nl/parkeren/den-haag/mauritskade/
npr-qpark-nl-1c7da6a5-d40b-4c78-adcf-260542384d9d-den-haag-muzenplein,DEN HAAG-Muzenplein,Den Haag,343,Muzenplein,denhaag,nl,Q-Park,343,5.71,36.0,0,0.74,,https://www.q-park.nl/nl-nl/parkeren/den-haag/muzenplein/
npr-qpark-nl-a06ac794-80da-419e-a020-01e9664b51db-den-haag-noordeinde,DEN HAAG-Noordeinde,Den Haag,98,Noordeinde,denhaag,nl,Q-Park,98,6.2,,0,0.74,,https://www.q-park.nl/nl-nl/parkeren/den-haag/noordeinde/
npr-qpark-nl-6be29f42-4fcd-43d6-b876-a864f9291a01-den-haag-rijnstraat,DEN HAAG-Rijnstraat,Den Haag,210,Rijnstraat,denhaag,nl,Q-Park,213,4.61,33.5,0,0.74,,https://www.q-park.nl/nl-nl/parkeren/den-haag/rijnstraat/
npr-qpark-nl-4959e43d-41e0-4984-8a39-e7184502f279-den-haag-spui,DEN HAAG-Spui,Den Haag,198,Spui,denhaag,nl,Q-Park,199,6.0,37.0,0,0.53,,https://www.q-park.nl/nl-nl/parkeren/den-haag/spui/
npr-qpark-nl-56ca1d41-a97c-42eb-a9e9-ce29eab961fd-den-haag-torengarage,DEN HAAG-Torengarage,Den Haag,286,Torengarage,denhaag,nl,Q-Park,286,5.33,30.0,0,0.76,,https://www.q-park.nl/nl-nl/parkeren/den-haag/torengarage/
npr-qpark-nl-af520a1a-343f-43ac-a4aa-6511b79c5227-den-haag-de-bijenkorf,DEN HAAG-de Bijenkorf,Den Haag,35,de Bijenkorf,denhaag,nl,Q-Park,35,5.8,,0,0.76,,https://www.q-park.nl/nl-nl/parkeren/den-haag/de-bijenkorf/
npr-other-nl-94043c94-ce81-45cd-a84f-72c4d6891d0b-p-r-laan-van-noi-den-haag,P+R Laan van NOI (Den Haag),Den Haag,155,P+R Laan van NOI,denhaag,nl,Q-Park,155,3.59,20.5,0,0.74,,https://www.q-park.nl/nl-nl/parkeren/den-haag/p-r-laan-van-noi/
npr-qpark-nl-b04f8ebb-3dd2-4ae6-8f80-b682605bd25b-scheveningen-strand,SCHEVENINGEN-Strand,"Den Haag, Scheveningen",2030,Strand,denhaag,nl,Q-Park,2030,4.2,32.5,0,0.5,,"https://www.q-park.nl/nl-nl/parkeren/den-haag,-scheveningen/strand/"
npr-qpark-nl-a441f748-e0d7-4139-9415-d4f52be133cf-scheveningen-strandweg,SCHEVENINGEN-Strandweg,"Den Haag, Scheveningen",840,Strandweg,denhaag,nl,Q-Park,840,5.25,35.0,0,0.6,,"https://www.q-park.nl/nl-nl/parkeren/den-haag,-scheveningen/strandweg/"
npr-qpark-nl-cca8eb08-9e4c-4657-8724-3bc2c2654dfd-deventer-de-boreel,DEVENTER-De Boreel,Deventer,604,De Boreel,deventer,nl,Q-Park,604,2.40,10.00,0,0.67,,https://www.q-park.nl/nl-nl/parkeren/deventer/de-boreel/
npr-other-nl-a8be911f-6822-4a56-bba9-019540fd5a94-p-r-handelskade-deventer,P+R Handelskade (Deventer),Deventer,247,P+R Handelskade,deventer,nl,Q-Park,247,2.85,11.50,0,0.73,,https://www.q-park.nl/nl-nl/parkeren/deventer/p-r-handelskade/
npr-qpark-nl-188c5ac1-4dc7-4294-803d-6d7a476fc20a-dordrecht-drievriendenhof,DORDRECHT-Drievriendenhof,Dordrecht,475,Drievriendenhof,dordrecht,nl,Q-Park,475,2.61,20.00,0,0.77,,https://www.q-park.nl/nl-nl/parkeren/dordrecht/drievriendenhof/
npr-other-nl-55804410-e6f8-4dda-b20f-8b5e9db2246f-p-r-markettenweg-dordrecht,P+R Markettenweg (Dordrecht),Dordrecht,138,P+R Markettenweg,dordrecht,nl,Q-Park,138,2.09,9.50,0,0.73,,https://www.q-park.nl/nl-nl/parkeren/dordrecht/p-r-markettenweg/
npr-qpark-nl-9de627c9-d074-405e-8c48-80f048b4c9c3-ede-achterdoelen,EDE-Achterdoelen,Ede,490,Achterdoelen,ede,nl,Q-Park,490,2.61,8.00,0,0.89,,https://www.q-park.nl/nl-nl/parkeren/ede/achterdoelen/
npr-qpark-nl-2088bea9-dae1-4093-987e-9c253746f2a5-ede-markt,EDE-Markt,Ede,440,Markt,ede,nl,Q-Park,440,2.61,8.00,0,0.77,,https://www.q-park.nl/nl-nl/parkeren/ede/markt/
dft-uk-carparks-400,NCP Castle Terrace MSCP,Edinburgh,700,Castle Terrace,edinburgh,uk,NCP,750,6.95,35.95,48,0.87,,https://www.ncp.co.uk/find-a-car-park/car-parks/edinburgh-castle-terrace/
dft-uk-carparks-4749,NCP St Johns Hill MSCP,Edinburgh,295,Holyrood (St Johns Hill),edinburgh,uk,NCP,297,4.45,25.95,142,0.65,,https://www.ncp.co.uk/find-a-car-park/car-parks/edinburgh-st-johns-hill/
npr-qpark-nl-42e81435-b3a8-4fe9-8259-89b7058d5583-eindhoven-centrum-de-admirant,EINDHOVEN-Centrum De Admirant,Eindhoven,347,Centrum De Admirant,eindhoven,nl,Q-Park,358,,25.00,0,0.79,,https://www.q-park.nl/nl-nl/parkeren/eindhoven/centrum-de-admirant/
npr-qpark-nl-7deb44bc-2540-4298-bd1a-a4b6726575e4-eindhoven-heuvel,EINDHOVEN-Heuvel,Eindhoven,1143,Heuvel,eindhoven,nl,Q-Park,1140,,27.50,0,0.57,,https://www.q-park.nl/nl-nl/parkeren/eindhoven/heuvel/
npr-qpark-nl-91f16e04-24f3-4852-aa0d-6ef701e0d9e0-eindhoven-hooghuis,EINDHOVEN-Hooghuis,Eindhoven,150,Hooghuis,eindhoven,nl,Q-Park,150,4.00,26.00,0,0.64,,https://www.q-park.nl/nl-nl/parkeren/eindhoven/hooghuis/
npr-qpark-nl-1ad52c86-f0eb-41ac-a990-4334f8ac9c8b-eindhoven-kennedyplein,EINDHOVEN-Kennedyplein,Eindhoven,796,Kennedyplein,eindhoven,nl,Q-Park,804,4.00,26.00,0,0.73,,https://www.q-park.nl/nl-nl/parkeren/eindhoven/kennedyplein/
npr-qpark-nl-e78e5b4e-b9c4-4e74-b486-554d5bd326ac-eindhoven-stadhuisplein,EINDHOVEN-Stadhuisplein,Eindhoven,306,Stadhuisplein,eindhoven,nl,Q-Park,306,4.00,25.00,0,0.74,,https://www.q-park.nl/nl-nl/parkeren/eindhoven/stadhuisplein/
npr-qpark-nl-43f2f941-28d2-427a-b312-d73ff528333d-eindhoven-de-bijenkorf,EINDHOVEN-de Bijenkorf,Eindhoven,510,de Bijenkorf,eindhoven,nl,Q-Park,510,,25.00,0,0.71,,https://www.q-park.nl/nl-nl/parkeren/eindhoven/de-bijenkorf/
npr-qpark-nl-84c88d2a-8663-459a-856e-b73c7ab17ef4-enschede-enschede,ENSCHEDE-Enschede,Enschede,466,Enschede,enschede,nl,Q-Park,466,,16.50,0,0.67,,https://www.q-park.nl/nl-nl/parkeren/enschede/enschede/
ffh-parken-frankfurt-Aculeum,Aculeum,Frankfurt,752,Aculeum,frankfurt,de,APCOA,852,2.3,35.0,25,1.0,yes,https://www.apcoa.de/einmal-parken/standorte/frankfurt/aculeum
ffh-parken-frankfurt-Alte-Oper,Alte Oper,Frankfurt,402,Alte Oper,frankfurt,de,PBG (Frankfurter Parkhäuser),402,2.5,37.0,5,1.0,yes,https://www.parkhausfrankfurt.de/parkhaeuser/alte-oper/
ffh-parken-frankfurt-Borse,Börse,Frankfurt,688,Börse,frankfurt,de,PBG (Frankfurter Parkhäuser),805,2.5,38.0,52,1.0,yes,https://www.parkhausfrankfurt.de/parkhaeuser/boerse/
ffh-parken-frankfurt-Congresscenter-Messe-Frankfurt-Maritim-Hotel,Congresscenter Messe Frankfurt (Maritim Hotel),Frankfurt,376,Congresscenter Messe Frankfurt (Maritim Hotel),frankfurt,de,APCOA,466,5.0,45.0,103,1.0,yes,https://www.apcoa.de/einmal-parken/standorte/frankfurt/congresscenter-messe-frankfurt-maritim-hotel
ffh-parken-frankfurt-Hauptbahnhof-Sud,Hauptbahnhof-Süd,Frankfurt,565,Hauptbahnhof Süd,frankfurt,de,PBG (Frankfurter Parkhäuser),358,2.0,32.0,114,1.0,yes,https://www.parkhausfrankfurt.de/parkhaeuser/hauptbahnhof-sued/
ffh-parken-frankfurt-Hauptwache,Hauptwache,Frankfurt,232,Hauptwache,frankfurt,de,PBG (Frankfurter Parkhäuser),303,2.5,38.0,19,1.0,yes,https://www.parkhausfrankfurt.de/parkhaeuser/hauptwache/
ffh-parken-frankfurt-Hotel-Intercontinental,Hotel Intercontinental,Frankfurt,169,Hotel Intercontinental,frankfurt,de,APCOA,249,5.0,45.0,2,1.0,yes,https://www.apcoa.de/einmal-parken/standorte/frankfurt/hotel-intercontinental
ffh-parken-frankfurt-Konstabler,Konstabler,Frankfurt,723,Konstabler,frankfurt,de,PBG (Frankfurter Parkhäuser),809,2.0,32.0,5,1.0,yes,https://www.parkhausfrankfurt.de/parkhaeuser/konstabler/
ffh-parken-frankfurt-Mainzer-Landstrasse,Mainzer Landstraße,Frankfurt,290,Mainzer Landstraße,frankfurt,de,APCOA,460,1.7,19.0,5,1.0,yes,https://www.apcoa.de/einmal-parken/standorte/frankfurt/mainzer-landstrasse
ffh-parken-frankfurt-Messeturm,Messeturm,Frankfurt,742,Messeturm,frankfurt,de,APCOA,889,5.0,45.0,35,1.0,yes,https://www.apcoa.de/einmal-parken/standorte/frankfurt/messeturm
ffh-parken-frankfurt-MyZeil,MyZeil / PalaisQuartier,Frankfurt,842,MyZeil / PalaisQuartier,frankfurt,de,APCOA,1390,2.0,20.0,141,1.0,yes,https://www.apcoa.de/einmal-parken/standorte/frankfurt/myzeil/palaisquartier
galway-live-bowling-green-11,Bowling Green,Galway,40,Bowling Green,galway,ie,Galway City Council,40,2.50,,53,1.0,,https://www.galwaycity.ie/services/roads-and-transport/roads-and-transport-services/parking-in-galway-city
galway-live-dyke-road-10,Dyke Road,Galway,510,Dyke Road,galway,ie,Galway City Council,390,,10.00,75,1.0,,https://www.galwaycity.ie/services/roads-and-transport/roads-and-transport-services/parking-in-galway-city
galway-live-gaol-rd-cathedral-3,Gaol Rd / Cathedral,Galway,161,Galway Cathedral,galway,ie,APCOA,,1.50,8.00,126,0.8,,https://www.apcoa.ie/location-overview/location/galway/galway-cathedral-galway
galway-live-market-st-1,Market St,Galway,88,Market Street,galway,ie,City Park,83,3.20,25.00,35,0.8,,https://www.citypark.ie/
galway-live-mill-st-12,Mill St,Galway,82,Mill Street,galway,ie,Galway City Council,82,2.50,,25,0.75,,https://www.galwaycity.ie/services/roads-and-transport/roads-and-transport-services/parking-in-galway-city
giessen-live-am-bahnhof,Am Bahnhof,Gießen,231,Parkhaus Am Bahnhof P4,giessen,de,DB BahnPark,247,2.0,7.5,14,0.9,yes,https://www.contipark.de/de/parken/giessen/parkhaus-am-bahnhof-p4/
giessen-live-dern-passage,Dern-Passage,Gießen,199,Parkhaus Dern Passage,giessen,de,Projektgesellschaft Am Kiesacker mbH,199,1.5,6.0,39,1.0,yes,https://www.giessen.de/Kurzmen%C3%BC/Adressausgabe/Parkhaus-Dern-Passage.php?ModID=9&FID=1894.25.1&La=1&mNavID=1894.57&object=tx%7C2874.1.1&sNavID=1894.57&redir=1
giessen-live-rathaus,Rathaus,Gießen,170,Tiefgarage Rathaus,giessen,de,Stadt Gießen,250,1.0,5.0,145,1.0,yes,https://www.giessen.de/Rathaus/Tiefgarage-und-Ladestationen.php?object=tx%2C684.14789.1
dft-uk-carparks-1944,Buchanan Galleries Car Park,Glasgow,2000,Buchanan Galleries,glasgow,uk,APCOA,2000,2.20,26.00,227,1.0,,https://www.apcoa.co.uk/find-parking/locations/glasgow/buchanan-galleries-glasgow
dft-uk-carparks-1049,Charing Cross Car Park,Glasgow,350,Charing Cross,glasgow,uk,Glasgow City Council,433,3.50,30.00,45,1.0,,https://www.cityparkingglasgow.co.uk/multistoreycarparks
dft-uk-carparks-41,NCP Glasshouse MSCP,Glasgow,525,The Glasshouse,glasgow,uk,NCP,504,1.95,,30,0.74,,https://www.ncp.co.uk/find-a-car-park/car-parks/glasgow-the-glasshouse/
dft-uk-carparks-1798,Q Park - Candleriggs MSCP,Glasgow,430,Candleriggs,glasgow,uk,Q-Park,365,3.00,25.00,49,0.71,,https://www.q-park.co.uk/en-gb/cities/glasgow/candleriggs/
dft-uk-carparks-1341,Q Park - Sauchiehall Street,Glasgow,377,Sauchiehall Street,glasgow,uk,Q-Park,372,,29.50,115,0.87,,https://www.q-park.co.uk/en-gb/cities/glasgow/sauchiehall-street/
dft-uk-carparks-54,Q Park - St Enoch Car Park,Glasgow,360,St Enoch,glasgow,uk,Q-Park,360,2.50,24.00,58,0.74,,https://www.q-park.co.uk/en-gb/cities/glasgow/st-enoch/
dft-uk-carparks-1953,Q Park - Waterloo Street MSCP,Glasgow,660,Waterloo Street,glasgow,uk,Q-Park,660,3.00,29.00,51,0.76,,https://www.q-park.co.uk/en-gb/cities/glasgow/waterloo-street/
dft-uk-carparks-2827,Eastgate MSCP - Gloucester,Gloucester,395,Eastgate Shopping Centre,gloucester,uk,Saba,380,1.50,8.40,133,0.64,,https://www.gloucester.gov.uk/parking-transport-and-streets/parking/gloucester-city-car-parks/eastgate-shopping-centre/
dft-uk-carparks-6287,Gloucester Railway Station Car Park,Gloucester,237,Gloucester Station,gloucester,uk,APCOA,200,,12.00,21,0.83,,https://www.apcoa.co.uk/find-parking/locations/gloucester/gloucester-station-gloucester
dft-uk-carparks-6481,Great Western Road Car Park - Gloucester,Gloucester,51,Great Western Road,gloucester,uk,Saba,56,,5.20,33,0.76,,https://www.gloucester.gov.uk/parking-transport-and-streets/parking/gloucester-city-car-parks/great-western-road/
dft-uk-carparks-110,Hampden Way Car Park - Gloucester,Gloucester,109,Hampden Way,gloucester,uk,Saba,72,1.40,8.40,35,0.67,,https://www.gloucester.gov.uk/parking-transport-and-streets/parking/gloucester-city-car-parks/hampden-way/
dft-uk-carparks-112,St Michaels Square Car Park - Gloucester,Gloucester,97,St Michaels Square,gloucester,uk,Saba,97,1.30,8.00,3,0.76,,https://www.sabaparking.co.uk/en/car-park/st-michaels-square-car-park
npr-qpark-nl-b4d94be3-0ae6-45ff-969f-4616e0b015c4-gouda-nieuwe-markt,GOUDA-Nieuwe Markt,Gouda,472,Nieuwe Markt,gouda,nl,Q-Park,472,,16.0,0,0.81,,https://www.q-park.nl/nl-nl/parkeren/gouda/nieuwe-markt/
bnls-qpark-fr-38185-P-009-chavant,CHAVANT,Grenoble,394,Chavant,grenoble,fr,Q-Park,385,2.30,29.00,49,1.0,yes,https://www.q-park.fr/fr-fr/villes/grenoble/chavant/
npr-qpark-nl-1246a98a-82d8-4596-b14f-40272b12a8aa-groningen-museum-centrum,GRONINGEN-Museum Centrum,Groningen,222,Museum Centrum,groningen,nl,Q-Park,222,4.09,23.00,0,0.74,,https://www.q-park.nl/nl-nl/parkeren/groningen/museum-centrum/
npr-qpark-nl-28ad7d8b-f703-43ac-beed-13373c65dc24-groningen-oosterpoort,GRONINGEN-Oosterpoort,Groningen,258,Oosterpoort,groningen,nl,Q-Park,268,3.95,19.50,0,0.71,,https://www.q-park.nl/nl-nl/parkeren/groningen/oosterpoort/
npr-qpark-nl-9abeacbc-30ad-45c9-b865-c5124b84e963-groningen-ossenmarkt,GRONINGEN-Ossenmarkt,Groningen,321,Ossenmarkt,groningen,nl,Q-Park,320,,28.00,0,0.69,,https://www.q-park.nl/nl-nl/parkeren/groningen/ossenmarkt/
npr-qpark-nl-34ba9f11-accf-4f56-95e1-2ddcca885095-groningen-rademarkt,GRONINGEN-Rademarkt,Groningen,360,Rademarkt,groningen,nl,Q-Park,359,,27.00,0,0.67,,https://www.q-park.nl/nl-nl/parkeren/groningen/rademarkt/
npr-qpark-nl-11888b25-5638-4a61-a8d1-3d65e578f32f-groningen-westerhaven,GRONINGEN-Westerhaven,Groningen,734,Westerhaven,groningen,nl,Q-Park,734,4.29,24.00,0,0.71,,https://www.q-park.nl/nl-nl/parkeren/groningen/westerhaven/
npr-other-nl-cf95aa52-3b83-4493-b84d-5cb28a037bfc-p-r-hoofdstation-groningen,P+R Hoofdstation (Groningen),Groningen,258,P+R Hoofdstation,groningen,nl,Q-Park,258,3.69,21.00,0,0.73,,https://www.q-park.nl/nl-nl/parkeren/groningen/p-r-hoofdstation/
hannover-live-joachimstrasse-galerie-luise,Joachimstraße (Galerie Luise),Hannover,613,Galerie Luise,hannover,de,Q-Park,613,2.50,15.00,19,0.63,,https://www.q-park.de/de-de/staedte/hannover/galerie-luise/
hannover-live-rundestrasse-kaufland,Rundestraße (Kaufland),Hannover,385,Parkhaus Rundestraße Kaufland,hannover,de,Contipark,514,2.00,8.00,70,1.0,,https://www.contipark.de/de/parken/hannover/parkhaus-rundestrasse/
npr-qpark-nl-09f8313a-dc71-409b-87b4-861539fc6a9b-heerlen-t-loon,HEERLEN-'t Loon,Heerlen,383,'t Loon,heerlen,nl,Q-Park,383,2.61,14.00,0,0.59,,https://www.q-park.nl/nl-nl/parkeren/heerlen/t-loon/
npr-qpark-nl-00b1135d-8a84-43d1-a927-e59e34f691b1-heerlen-corio-center,HEERLEN-Corio Center,Heerlen,524,Corio Center,heerlen,nl,Q-Park,504,3.33,10.00,0,0.76,,https://www.q-park.nl/nl-nl/parkeren/heerlen/corio-center/
npr-qpark-nl-b17ac0f9-5cd1-4a07-9a92-9a9a855fb0fb-heerlen-de-klomp,HEERLEN-De Klomp,Heerlen,364,De Klomp,heerlen,nl,Q-Park,364,2.61,14.00,0,0.67,,https://www.q-park.nl/nl-nl/parkeren/heerlen/de-klomp/
npr-qpark-nl-d0f1c79d-2fde-4977-a697-6c6ab6a07f03-heerlen-putgraaf,HEERLEN-Putgraaf,Heerlen,310,Putgraaf,heerlen,nl,Q-Park,307,3.00,15.00,0,0.7,,https://www.q-park.nl/nl-nl/parkeren/heerlen/putgraaf/
npr-qpark-nl-889c789f-bc33-4a07-8fa6-06ae79d8e005-heerlen-raadhuisparking,HEERLEN-Raadhuisparking,Heerlen,380,Raadhuisparking,heerlen,nl,Q-Park,379,3.53,15.00,0,0.81,,https://www.q-park.nl/nl-nl/parkeren/heerlen/raadhuisparking/
npr-qpark-nl-ba803d0a-83ae-402f-b18d-ebbe6933ef6a-heerlen-teleparking,HEERLEN-Teleparking,Heerlen,454,Teleparking,heerlen,nl,Q-Park,451,2.50,16.00,0,0.76,,https://www.q-park.nl/nl-nl/parkeren/heerlen/teleparking/
npr-qpark-nl-3e551b40-200f-4a34-b4dd-eb323dd7b2bb-heerlen-theater-heerlen-parking,HEERLEN-Theater Heerlen Parking,Heerlen,504,Theater Heerlen Parking,heerlen,nl,Q-Park,504,3.00,14.00,0,0.8,,https://www.q-park.nl/nl-nl/parkeren/heerlen/theater-heerlen-parking/
heidelberg-live-P14,ATOS-Klinik,Heidelberg,190,ATOS-Klinik,heidelberg,de,Grundbesitzgesellschaft Heidelberg,190,3,25,0,1.0,yes,https://parken.heidelberg.de/detailView/P14
heidelberg-live-P0,Am Bismarckplatz,Heidelberg,51,Q-Park Bismarckplatz,heidelberg,de,Q-Park,51,2.40,20.00,26,0.93,yes,https://www.q-park.de/de-de/staedte/heidelberg/bismarckplatz/
heidelberg-live-P9,Am Theater,Heidelberg,474,Am Theater,heidelberg,de,PBW (Parkraumgesellschaft Baden-Württemberg),474,2.3,16,0,1.0,yes,https://parken.heidelberg.de/detailView/P9
heidelberg-live-P18,BG RCI,Heidelberg,80,BG RCI,heidelberg,de,BG Rohstoffe und chemische Industrie,80,2,18,0,1.0,yes,https://parken.heidelberg.de/detailView/P18
heidelberg-live-P19,Campbell Barracks,Heidelberg,365,Campbell Barracks,heidelberg,de,Stadtwerke Heidelberg Garagen GmbH,365,2,20,0,1.0,yes,https://parken.heidelberg.de/detailView/P19
heidelberg-live-P22,Europaplatz,Heidelberg,162,Europaplatz,heidelberg,de,Stadtwerke Heidelberg Garagen GmbH,162,2,19.5,0,1.0,yes,https://parken.heidelberg.de/detailView/P22
heidelberg-live-P5,Europäischer Hof,Heidelberg,200,Europäischer Hof,heidelberg,de,Europäischer Hof (Fritz Gabler),200,2.5,23,0,1.0,yes,https://parken.heidelberg.de/detailView/P5
heidelberg-live-P10,Friedrich-Ebert-Platz,Heidelberg,256,Friedrich-Ebert-Platz,heidelberg,de,Stadtwerke Heidelberg Garagen GmbH,256,2.5,20.5,0,1.0,yes,https://parken.heidelberg.de/detailView/P10
heidelberg-live-P21,Heidelberg Congress Center,Heidelberg,300,Heidelberg Congress Center,heidelberg,de,Stadtwerke Heidelberg Garagen GmbH,300,2,18,0,1.0,yes,https://parken.heidelberg.de/detailView/P21
heidelberg-live-P6,Henschel,Heidelberg,220,Henschel,heidelberg,de,Stadtwerke Heidelberg Garagen GmbH,220,2.5,20.5,0,1.0,yes,https://parken.heidelberg.de/detailView/P6
heidelberg-live-P3,Hilton,Heidelberg,116,Hilton,heidelberg,de,Hilton Heidelberg,116,2.5,25,0,1.0,,https://parken.heidelberg.de/detailView/P3
heidelberg-live-P13,Karlsplatz/Rathaus,Heidelberg,295,Karlsplatz/Rathaus,heidelberg,de,E.B. Parkgaragen,295,2,21,0,1.0,yes,https://parken.heidelberg.de/detailView/P13
heidelberg-live-P7,Kaufhof,Heidelberg,415,Kaufhof,heidelberg,de,Würzburger Stadtverkehrs GmbH,415,2,20,0,1.0,yes,https://parken.heidelberg.de/detailView/P7
heidelberg-live-P15,Klinikum Bergheim,Heidelberg,332,Klinikum Bergheim,heidelberg,de,PBW (Parkraumgesellschaft Baden-Württemberg),332,2.3,16,0,1.0,yes,https://parken.heidelberg.de/detailView/P15
heidelberg-live-P8,Kongresshaus,Heidelberg,330,Kongresshaus,heidelberg,de,E.B. Parkgaragen,330,2,21,0,1.0,yes,https://parken.heidelberg.de/detailView/P8
heidelberg-live-P12,Kornmarkt/Schloss,Heidelberg,258,Kornmarkt/Schloss,heidelberg,de,Stadtwerke Heidelberg Garagen GmbH,258,2.5,20.5,0,1.0,yes,https://parken.heidelberg.de/detailView/P12
heidelberg-live-P25,Mathematikon,Heidelberg,192,Mathematikon,heidelberg,de,Stadtwerke Heidelberg Garagen GmbH,192,1.5,23.5,0,1.0,yes,https://parken.heidelberg.de/detailView/P25
heidelberg-live-P16,Nordbrückenkopf,Heidelberg,238,Nordbrückenkopf,heidelberg,de,Stadtwerke Heidelberg Garagen GmbH,238,2.5,20.5,0,1.0,yes,https://parken.heidelberg.de/detailView/P16
heidelberg-live-P20,Parkhaus hip,Heidelberg,671,Parkhaus hip,heidelberg,de,Stadtwerke Heidelberg Garagen GmbH,671,2.5,21.5,0,1.0,yes,https://parken.heidelberg.de/detailView/P20
heidelberg-live-P1,Poststraße,Heidelberg,592,Poststraße,heidelberg,de,Park und Tank Betriebsgesellschaft Heidelberg,592,2.5,20,0,1.0,,https://parken.heidelberg.de/detailView/P1
heidelberg-live-P4,SOFIENQUARTIER,Heidelberg,649,Q-Park Sofienquartier,heidelberg,de,Q-Park,649,2.40,20.00,133,1.0,yes,https://www.q-park.de/de-de/staedte/heidelberg/sofienquartier/
heidelberg-live-P17,Stadtbücherei,Heidelberg,34,Stadtbücherei,heidelberg,de,Stadtbücherei Heidelberg,34,1.5,21.5,0,1.0,yes,https://parken.heidelberg.de/detailView/P17
heidelberg-live-P11,Unibibliothek,Heidelberg,185,Unibibliothek,heidelberg,de,PBW (Parkraumgesellschaft Baden-Württemberg),185,2.3,16,0,1.0,yes,https://parken.heidelberg.de/detailView/P11
dft-uk-carparks-5294,High Street Car Park - Hemel,Hemel Hempstead,92,High Street,hemelhempstead,uk,Dacorum Borough Council,80,1.10,3.50,43,0.8,,https://webapps.dacorum.gov.uk/carparks/
dft-uk-carparks-1556,The Marlowes Shopping Centre Car Park,Hemel Hempstead,1100,The Marlowes Shopping Centre,hemelhempstead,uk,The Marlowes Shopping Centre,1200,,15.00,215,1.0,,https://www.themarlowes.co.uk/visiting/getting-here
dft-uk-carparks-4872,Water Gardens (South),Hemel Hempstead,117,Water Gardens (South),hemelhempstead,uk,Dacorum Borough Council,92,2.00,,17,1.0,,https://webapps.dacorum.gov.uk/carparks/
npr-qpark-nl-63c272ff-1ecf-420d-a32a-a4abea97df9f-hengelo-de-brink,HENGELO-De Brink,Hengelo,375,De Brink,hengelo,nl,Q-Park,375,2.73,11.50,0,0.67,,https://www.q-park.nl/nl-nl/parkeren/hengelo/de-brink/
npr-qpark-nl-51b8f9a2-d266-4529-b8cc-30ffa1debc07-hilversum-hilvertshof,HILVERSUM-Hilvertshof,Hilversum,575,Hilvertshof,hilversum,nl,Q-Park,575,3.00,15.00,0,0.71,,https://www.q-park.nl/nl-nl/parkeren/hilversum/hilvertshof/
npr-qpark-nl-85a02f3c-10c4-4457-8569-a8c213764efb-hilversum-markt,HILVERSUM-Markt,Hilversum,320,Markt,hilversum,nl,Q-Park,320,3.91,17.50,0,0.53,,https://www.q-park.nl/nl-nl/parkeren/hilversum/markt/
npr-qpark-nl-a78cd3d6-ec05-45b3-ae49-33cf49f12bfb-hoofddorp-spaarne-gasthuis,HOOFDDORP-Spaarne Gasthuis,Hoofddorp,961,Spaarne Gasthuis,hoofddorp,nl,Q-Park,961,2.73,15.00,0,0.77,,https://www.q-park.nl/nl-nl/parkeren/hoofddorp/spaarne-gasthuis/
bnls-qpark-fr-92040-P-045-parking-val-de-seine,Parking Val de Seine,Issy-Les-Moulineaux,290,Val de Seine,issylesmoulineaux,fr,Q-Park,297,2.50,23.20,11,1.0,,https://www.q-park.fr/fr-fr/villes/issy-les-moulineaux/val-de-seine/
interparking-belgium-be-1849,IJzerpark,Knokke-Heist,296,IJzerpark,knokkeheist,be,Interparking,296,3.30,30.00,0,1.0,,https://www.interparking.be/nl/parkeren/knokke-heist/ijzerpark/
interparking-belgium-be-1876,Minigolf,Knokke-Heist,432,Minigolf Zoute,knokkeheist,be,Interparking,420,3.50,35.00,0,0.76,,https://www.interparking.be/nl/parkeren/knokke-heist/minigolf/
amp-metropole-live-la-ciotat-verdun,Verdun,La Ciotat,295,La Ciotat Verdun,laciotat,fr,Q-Park,295,1.40,17.20,32,0.6,yes,https://www.q-park.fr/fr-fr/villes/la-ciotat/la-ciotat-verdun/
dft-uk-carparks-1357,Cambridge Steet MSCP,Lanarkshire,812,Cambridge Street,glasgow,uk,Glasgow City Council,812,3.50,30.00,63,0.85,,https://www.cityparkingglasgow.co.uk/multistoreycarparks
dft-uk-carparks-4696,APCOA Leeds Station Riverside Car Park,Leeds,450,Leeds Station,leeds,uk,APCOA,307,,25.80,94,0.73,,https://www.apcoa.co.uk/find-parking/locations/leeds/leeds-station
dft-uk-carparks-2955,NCP The Markets Leeds,Leeds,646,The Markets,leeds,uk,NCP,646,2.50,15.00,59,0.8,,https://www.ncp.co.uk/find-a-car-park/car-parks/leeds-the-markets/
dft-uk-carparks-2950,NCP Wellington Place Leeds,Leeds,507,Wellington Place,leeds,uk,NCP,509,5.00,25.00,70,0.86,,https://www.ncp.co.uk/find-a-car-park/car-parks/leeds-wellington-place/
dft-uk-carparks-516,Q Park - Albion Street,Leeds,460,Albion Street,leeds,uk,Q-Park,378,,30.00,113,0.83,,https://www.q-park.co.uk/en-gb/cities/leeds/albion-street/
dft-uk-carparks-517,Q Park - St John's Centre MSCP,Leeds,250,St Johns Centre,leeds,uk,Q-Park,282,,31.00,19,0.74,,https://www.q-park.co.uk/en-gb/cities/leeds/st-johns-centre/
dft-uk-carparks-1492,Q Park - The Light,Leeds,402,The Light,leeds,uk,Q-Park,402,3.80,35.00,47,0.76,,https://www.q-park.co.uk/en-gb/cities/leeds/the-light/
leeds-live-city-centre-woodhouse-lane,Woodhouse Lane,Leeds,1240,Woodhouse Lane,leeds,uk,Leeds City Council,1240,,16.00,132,1.0,,https://www.leeds.gov.uk/parking-roads-and-travel/parking/city-centre-car-parks/woodhouse-lane-car-park
npr-qpark-nl-77dbfd9c-0261-454b-ad7f-3a7c36e0b6d9-leiderdorp-rijnland-vierzicht-p3,LEIDERDORP-Rijnland Vierzicht P3,Leiderdorp,550,Rijnland Vierzicht P3,leiderdorp,nl,Q-Park,550,2.07,9.00,0,0.79,,https://www.q-park.nl/nl-nl/parkeren/leiderdorp/rijnland-vierzicht-p3/
leipzig-garages-parkhaus-am-bundesverwaltungsgericht,Parkhaus Am Bundesverwaltungsgericht,Leipzig,311,Tiefgarage Bundesverwaltungsgericht,leipzig,de,B+B Parkhaus,311,2.00,12.00,32,0.96,,https://www.bb-parkhaus.de/staedte/leipzig/tiefgarage-bundesverwaltungsgericht
leipzig-garages-parkhaus-augustusplatz,Parkhaus Augustusplatz,Leipzig,1244,Tiefgarage Augustusplatz,leipzig,de,Q-Park,1244,2.50,20.00,57,1.0,,https://www.q-park.de/de-de/staedte/leipzig/augustusplatz/
leipzig-garages-parkhaus-fernbus-terminal-hbf,Parkhaus Fernbus-Terminal Hbf,Leipzig,550,Fernbus-Terminal Hbf,leipzig,de,Goldbeck Parking Services,550,1.50,15.00,0,1.0,,https://www.bahnhof.de/en/leipzig-hbf/parking-spaces
leipzig-garages-parkhaus-hauptbahnhof-promenaden-ost,Parkhaus Hauptbahnhof Promenaden Ost,Leipzig,574,Parkhaus Promenaden Hauptbahnhof Ost,leipzig,de,ECE Marketplaces (Promenaden Hauptbahnhof),574,2.00,16.00,135,0.6,,https://www.promenaden-hauptbahnhof-leipzig.de/service/anfahrt-parken/parken/
leipzig-garages-parkhaus-hauptbahnhof-promenaden-west,Parkhaus Hauptbahnhof Promenaden West,Leipzig,686,Parkhaus Promenaden Hauptbahnhof West,leipzig,de,ECE Marketplaces (Promenaden Hauptbahnhof),686,2.00,8.00,17,0.62,,https://www.promenaden-hauptbahnhof-leipzig.de/service/anfahrt-parken/parken/
leipzig-garages-parkhaus-hoefe-am-bruehl,Parkhaus Höfe am Brühl,Leipzig,820,Parkhaus Höfe am Brühl,leipzig,de,B+B Parkhaus,820,2.50,18.00,17,1.0,,https://www.bb-parkhaus.de/staedte/leipzig/parkhaus-hoefe-am-bruehl
leipzig-garages-parkhaus-marktgalerie,Parkhaus Marktgalerie,Leipzig,462,Tiefgarage Marktgalerie,leipzig,de,Q-Park,480,2.50,20.00,127,1.0,,https://www.q-park.de/de-de/staedte/leipzig/marktgalerie/
leipzig-garages-parkhaus-martin-luther-ring,Parkhaus Martin-Luther-Ring,Leipzig,390,Parkhaus Martin-Luther-Ring,leipzig,de,Contipark,400,2.00,15.00,4,1.0,,https://www.contipark.de/de/parken/leipzig/parkhaus-martin-luther-ring/
dft-uk-carparks-392,NCP Liverpool Moorfields,Liverpool,560,Moorfields,liverpool,uk,Apex Parking,577,,5.0,35,0.69,,https://apex-parking.co.uk/car-parks/moorfields-liverpool/
dft-uk-carparks-7530,Q Park - Dale Street Car Park,Liverpool,279,Dale Street,liverpool,uk,Q-Park,279,,27.5,36,0.8,,https://www.q-park.co.uk/en-gb/cities/liverpool/dale-street/
dft-uk-carparks-4524,Q Park - Hanover Street Car Park,Liverpool,558,Hanover Street,liverpool,uk,Q-Park,554,2.9,26.0,113,0.84,,https://www.q-park.co.uk/en-gb/cities/liverpool/hanover-street/
dft-uk-carparks-4411,Q Park - Liverpool ONE,Liverpool,1900,Liverpool ONE,liverpool,uk,Q-Park,1900,2.9,26.0,163,0.83,,https://www.q-park.co.uk/en-gb/cities/liverpool/liverpool-one/
dft-uk-carparks-489,Queen Square Car Park,Liverpool,592,Queen Square,liverpool,uk,Q-Park,537,,21.0,79,1.0,,https://www.q-park.co.uk/en-gb/cities/liverpool/queen-square/
dft-uk-carparks-7620,Royal Liverpool Hospital Car Park,Liverpool,706,Royal Liverpool Hospital,liverpool,uk,Q-Park,479,2.7,17.5,205,1.0,,https://www.q-park.co.uk/en-gb/cities/liverpool/royal-liverpool-hospital/
dft-uk-carparks-505,St Johns Shoppers Car Park,Liverpool,607,St Johns Shopping Centre,liverpool,uk,Apex Parking,607,2.5,20.0,133,0.78,,https://apex-parking.co.uk/car-parks/st-johns-shopping-centre-liverpool/
dft-uk-carparks-6503,APCOA - London Victoria Station Car Park,London,83,London Victoria Station,london,uk,APCOA,81,9.00,34.00,163,1.0,,https://www.apcoa.co.uk/find-parking/locations/london/london-victoria-station-london
dft-uk-carparks-2636,Angel Way Multi Storey Car Park,London,485,Angel Way Car Park,romford,uk,London Borough of Havering,320,2.60,15.00,21,0.59,,https://www.havering.gov.uk/car-parks-1/angel-way-car-park
dft-uk-carparks-2319,Ashdown Road Car Park,London,106,Ashdown,kingstonuponthames,uk,Kingston Council,168,3.30,,43,0.78,,https://kingston.gov.uk/parking/car-parks/ashdown
dft-uk-carparks-1019,Bittoms Car Park,London,811,Bittoms,kingstonuponthames,uk,Kingston Council,875,2.70,16.00,164,1.0,,https://kingston.gov.uk/parking/car-parks/bittoms
dft-uk-carparks-3435,Canbury Place Car Park,London,107,Canbury Place,kingstonuponthames,uk,Kingston Council,106,2.70,16.00,51,1.0,,https://kingston.gov.uk/parking/car-parks/canbury-place
dft-uk-carparks-3448,Croydon Car Park Ltd - Centrale,London,950,Centrale,croydon,uk,Centrale & Whitgift (FMS),950,2.75,8.75,86,0.62,,https://centraleandwhitgift.co.uk/visit/parking/
dft-uk-carparks-876,Hornton Street Car Park,London,322,Kensington High Street,london,uk,Saba (formerly Indigo),322,4.90,33.00,84,0.61,,https://new.sabaparking.co.uk/en/car-park/kensington-high-street-car-park
dft-uk-carparks-1533,Liberty Shopping Centre,London,809,The Liberty Shopping Centre,romford,uk,The Liberty Shopping Centre,800,,7.50,183,0.93,,https://www.theliberty.co.uk/parking/
dft-uk-carparks-2755,Malden Centre Car Park,London,83,Malden Centre,kingstonuponthames,uk,Kingston Council,83,2.10,,20,1.0,,https://kingston.gov.uk/parking/car-parks/malden-centre
dft-uk-carparks-95,NCP Fairfield Car Park,London,310,Kingston Fairfield,kingstonuponthames,uk,NCP,316,2.50,15.00,11,0.69,,https://www.ncp.co.uk/find-a-car-park/car-parks/kingston-fairfield/
dft-uk-carparks-423,NCP Finsbury Square Underground Car Park,London,222,Finsbury Square,london,uk,NCP,171,8.95,39.95,64,0.72,,https://www.ncp.co.uk/find-a-car-park/car-parks/london-finsbury-square/
dft-uk-carparks-2733,NCP Saffron Hill MSCP,London,355,Saffron Hill,london,uk,NCP,353,8.00,30.00,51,0.85,,https://www.ncp.co.uk/find-a-car-park/car-parks/london-saffron-hill/
dft-uk-carparks-3058,NCP Whitgift Centre MSCP,London,919,Whitgift,croydon,uk,Centrale & Whitgift (FMS),1059,2.50,6.50,67,0.62,,https://centraleandwhitgift.co.uk/visit/parking/
tfl-live-CarParks_800452,North Ealing Stn (LUL),London,95,North Ealing Station Car Park (TfL),ealing,uk,Saba,99,,5.50,35,0.79,,https://www.sabaparking.co.uk/en/car-park/north-ealing-station-car-park-tfl
dft-uk-carparks-1613,Q Park - Burlington Street,London,317,Burlington,london,uk,Q-Park,311,12.50,67.50,25,0.65,,https://www.q-park.co.uk/en-gb/cities/london/burlington/
dft-uk-carparks-1022,Q Park - Eden Walk Shopping Centre,London,685,Eden Walk,kingstonuponthames,uk,Q-Park,700,2.20,22.00,42,0.46,,https://www.q-park.co.uk/en-gb/cities/kingston-upon-thames/eden-walk/
dft-uk-carparks-1345,Q Park - Knightsbridge Car Park,London,287,Knightsbridge,london,uk,Q-Park,200,11.50,67.00,87,0.84,,https://www.q-park.co.uk/en-gb/cities/london/knightsbridge/
dft-uk-carparks-2730,Q Park - Pimlico,London,290,Pimlico,london,uk,Q-Park,195,6.50,46.00,104,0.74,,https://www.q-park.co.uk/en-gb/cities/london/pimlico/
dft-uk-carparks-1683,Q Park - Soho,London,200,Soho,london,uk,Q-Park,162,11.50,67.00,81,0.62,,https://www.q-park.co.uk/en-gb/cities/london/soho/
dft-uk-carparks-2180,Q Park - Surrey Street Car Park,London,685,Surrey Street,croydon,uk,Q-Park,685,2.80,21.00,45,0.83,,https://www.q-park.co.uk/en-gb/cities/croydon/surrey-street/
dft-uk-carparks-1681,Q Park China Town,London,306,Chinatown,london,uk,Q-Park,254,11.50,67.00,26,0.78,,https://www.q-park.co.uk/en-gb/cities/london/chinatown/
dft-uk-carparks-1680,Q Park Oxford Street,London,368,Oxford Street,london,uk,Q-Park,432,11.50,66.00,79,0.83,,https://www.q-park.co.uk/en-gb/cities/london/oxford-street/
dft-uk-carparks-1333,Q Park St Johns Wood,London,248,St John's Wood,london,uk,Q-Park,200,7.50,39.00,68,0.81,,https://www.q-park.co.uk/en-gb/cities/london/st-john's-wood/
dft-uk-carparks-5762,Reedham Station Car Park,London,60,Reedham Station,croydon,uk,Croydon Council,53,,4.76,205,1.0,,https://www.croydon.gov.uk/parking/find-council-car-parks-croydon/reedham-station-car-park
dft-uk-carparks-5995,Russell Hill,London,60,Russell Hill Place,croydon,uk,Croydon Council,51,1.36,9.47,61,0.81,,https://www.croydon.gov.uk/parking/find-council-car-parks-croydon/russell-hill-place-car-park
dft-uk-carparks-7813,Secure Parking Marylebone Road,London,135,Marylebone Road,london,uk,NCP,120,10.95,49.95,9,0.82,,https://www.ncp.co.uk/find-a-car-park/car-parks/london-marylebone-road1/
dft-uk-carparks-5835,Southern - Sanderstead Upside Station Car Park,London,81,Sanderstead Station,croydon,uk,APCOA,122,,7.60,23,0.72,,https://www.apcoa.co.uk/find-parking/locations/south-croydon/sanderstead-station-south-croydon
dft-uk-carparks-5763,Spicers Yard Car Park,London,134,Spice's Yard,croydon,uk,Croydon Council,117,2.08,16.53,149,0.95,,https://www.croydon.gov.uk/parking/find-council-car-parks-croydon/spices-yard-car-park
dft-uk-carparks-4786,St Philips Road Car Park,London,64,St Philips Road,kingstonuponthames,uk,Kingston Council,64,1.60,,62,1.0,,https://kingston.gov.uk/parking/car-parks/st-philips-road
dft-uk-carparks-1017,The Rose Car Park,London,428,Rose,kingstonuponthames,uk,Kingston Council,417,2.70,16.00,18,0.73,,https://kingston.gov.uk/parking/car-parks/rose
dft-uk-carparks-1609,Vinci Park West India Quay Car Park,London,556,West India Quay,london,uk,Saba (formerly Indigo),558,,24.00,23,0.74,,https://www.sabaparking.co.uk/en/car-park/west-india-quay-car-park
lyon-parc-auto-live-LPA0774,Jean Jaurès,Lyon,273,Jean Jaurès,lyon,fr,LPA,273,2.00,10.00,0,1.0,yes,https://parking.lpa.fr/parkings/jean-jaures/
lyon-parc-auto-live-LPA0773,Parc des Sports Gerland - Gare routière internationale,Lyon,270,Parc des Sports Gerland – Gare routière internationale,lyon,fr,LPA,270,2.00,,0,1.0,yes,https://parking.lpa.fr/parkings/parking-parc-des-sports-gerland/
lyon-parc-auto-live-LPA0724,Parking LPA Antonin Poncet,Lyon,639,Antonin Poncet,lyon,fr,LPA,801,3.40,52.80,0,0.9,yes,https://parking.lpa.fr/parkings/antonin-poncet/
lyon-parc-auto-live-LPA0740,Parking LPA Berthelot,Lyon,321,Berthelot,lyon,fr,LPA,407,3.20,49.60,0,0.86,yes,https://parking.lpa.fr/parkings/berthelot/
lyon-parc-auto-live-LPA0737,Parking LPA Bonnel Servient,Lyon,759,Bonnel Servient,lyon,fr,LPA,775,3.20,49.60,0,0.9,yes,https://parking.lpa.fr/parkings/bonnel-servient/
lyon-parc-auto-live-LPA0730,Parking LPA Bourse,Lyon,481,Bourse,lyon,fr,LPA,533,3.00,,0,0.8,,https://parking.lpa.fr/parkings/bourse/
lyon-parc-auto-live-LPA0772,Parking LPA Béraudier P1,Lyon,807,Béraudier P1,lyon,fr,LPA,1064,3.60,34.00,0,0.88,yes,https://parking.lpa.fr/parkings/parking-gare-part-dieu-beraudier-p1/
lyon-parc-auto-live-LPA0749,Parking LPA Cité Internationale P0,Lyon,934,Cité Internationale P0,lyon,fr,LPA,994,3.20,46.40,0,0.93,yes,https://parking.lpa.fr/parkings/cite-internationale-p0/
lyon-parc-auto-live-LPA0758,Parking LPA Cité Internationale P2,Lyon,1142,Cité Internationale P2,lyon,fr,LPA,1173,3.20,49.60,0,0.93,yes,https://parking.lpa.fr/parkings/cite-internationale-p2/
lyon-parc-auto-live-LPA0702,Parking LPA Cordeliers,Lyon,756,Cordeliers,lyon,fr,LPA,938,3.40,52.80,0,0.87,yes,https://parking.lpa.fr/parkings/cordeliers/
lyon-parc-auto-live-LPA0738,Parking LPA Croix Rousse,Lyon,317,Croix Rousse,lyon,fr,LPA,446,3.20,49.60,0,0.88,yes,https://parking.lpa.fr/parkings/croix-rousse/
lyon-parc-auto-live-LPA0732,Parking LPA Célestins,Lyon,348,Célestins,lyon,fr,LPA,529,3.40,52.80,0,0.86,yes,https://parking.lpa.fr/parkings/celestins/
lyon-parc-auto-live-LPA0716,Parking LPA Galaxie P3,Lyon,686,Galaxie P3,lyon,fr,LPA,820,3.60,34.00,0,0.86,yes,https://parking.lpa.fr/parkings/galaxie-p3-part-dieu/
lyon-parc-auto-live-LPA0759,Parking LPA Grolée,Lyon,217,Grolée,lyon,fr,LPA,270,3.40,52.80,0,0.8,yes,https://parking.lpa.fr/parkings/grolee/
lyon-parc-auto-live-LPA0755,Parking LPA Gros Caillou,Lyon,409,Gros Caillou,lyon,fr,LPA,531,3.20,49.60,0,0.88,yes,https://parking.lpa.fr/parkings/gros-caillou/
lyon-parc-auto-live-LPA0764,Parking LPA Hôtel de Ville,Lyon,201,Hôtel de Ville,lyon,fr,LPA,279,3.40,52.80,0,0.89,yes,https://parking.lpa.fr/parkings/hotel-de-ville/
lyon-parc-auto-live-LPA0752,Parking LPA Hôtel de Ville Villeurbanne,Lyon,357,Hôtel de Ville Villeurbanne,villeurbanne,fr,LPA,481,3.20,49.60,0,0.94,yes,https://parking.lpa.fr/parkings/hotel-de-ville-villeurbanne/
lyon-parc-auto-live-LPA0703,Parking LPA Les Halles,Lyon,435,Les Halles,lyon,fr,LPA,607,3.20,49.60,0,0.86,yes,https://parking.lpa.fr/parkings/les-halles/
lyon-parc-auto-live-LPA0768,Parking LPA Marché Gare - La Confluence,Lyon,806,Marché Gare – La Confluence,lyon,fr,LPA,889,3.20,49.60,0,0.94,yes,https://parking.lpa.fr/parkings/marche-gare-la-confluence/
lyon-parc-auto-live-LPA0756,Parking LPA Morand,Lyon,661,Morand,lyon,fr,LPA,877,3.40,52.80,0,0.8,yes,https://parking.lpa.fr/parkings/morand/
lyon-parc-auto-live-LPA0777,Parking LPA Musée des Confluences-Gerland,Lyon,146,Musée des Confluences-Gerland,lyon,fr,LPA,158,3.40,49.40,0,0.95,yes,https://parking.lpa.fr/parkings/musee-des-confluences-gerland/
lyon-parc-auto-live-LPA0757,Parking LPA Parc minute Cité Internationale,Lyon,15,Cité Internationale P1,lyon,fr,Indigo,,3.00,,92,0.71,,https://www.indigoneo.fr/fr/parkings/1351/parking-cite-internationale-p1
lyon-parc-auto-live-LPA0706,Parking LPA Perrache,Lyon,855,Perrache,lyon,fr,LPA,899,3.40,32.00,0,0.84,yes,https://parking.lpa.fr/parkings/perrache/
lyon-parc-auto-live-LPA0731,Parking LPA République,Lyon,693,République,lyon,fr,LPA,878,3.40,52.80,0,0.87,yes,https://parking.lpa.fr/parkings/republique/
lyon-parc-auto-live-LPA0701,Parking LPA Saint Antoine,Lyon,751,Saint Antoine,lyon,fr,LPA,1008,3.40,52.80,0,0.89,yes,https://parking.lpa.fr/parkings/saint-antoine/
lyon-parc-auto-live-LPA0746,Parking LPA Saint Georges,Lyon,652,Saint Georges,lyon,fr,LPA,815,3.40,52.80,0,0.89,yes,https://parking.lpa.fr/parkings/saint-georges/
lyon-parc-auto-live-LPA0709,Parking LPA Saint Jean,Lyon,856,Saint Jean,lyon,fr,LPA,976,3.40,52.80,0,0.86,yes,https://parking.lpa.fr/parkings/saint-jean/
lyon-parc-auto-live-LPA0754,Parking LPA Tony Garnier,Lyon,802,Tony Garnier,lyon,fr,LPA,875,3.40,49.40,0,0.88,yes,https://parking.lpa.fr/parkings/tony-garnier/
lyon-parc-auto-live-LPA0739,Parking LPA Villette P2,Lyon,1719,Villette P2,lyon,fr,LPA,1773,3.60,34.00,0,0.87,yes,https://parking.lpa.fr/parkings/parking-gare-part-dieu-villette-p2/
lyon-qpark-p6,Parking Gare Perrache La Confluence,Lyon 2e Arrondissement,649,Gare Perrache,lyon,fr,Q-Park,649,3.60,34.00,7,0.67,,https://www.q-park.fr/fr-fr/villes/lyon/gare-perrache/
lyon-qpark-p115,Francfort-Gare (Q Park),Lyon 3e Arrondissement,361,Gare Part-Dieu,lyon,fr,Q-Park,360,4.00,34.20,25,0.47,,https://www.q-park.fr/fr-fr/villes/lyon/gare-part-dieu/
lyon-qpark-p27,Parking Brotteaux,Lyon 6e Arrondissement,410,Brotteaux,lyon,fr,Q-Park,410,3.60,47.70,14,1.0,,https://www.q-park.fr/fr-fr/villes/lyon/brotteaux/
npr-qpark-nl-32ef2fae-212c-4fb2-b137-6115ee9681fa-maastricht-bassin,MAASTRICHT-Bassin,Maastricht,397,Bassin,maastricht,nl,Q-Park,397,3.60,28.50,0,0.55,,https://www.q-park.nl/nl-nl/parkeren/maastricht/bassin/
npr-qpark-nl-87907bba-5107-4a9e-a52f-fb18630330db-maastricht-bonnefantenmuseum,MAASTRICHT-Bonnefantenmuseum,Maastricht,296,Bonnefantenmuseum,maastricht,nl,Q-Park,297,1.80,21.00,0,0.77,,https://www.q-park.nl/nl-nl/parkeren/maastricht/bonnefantenmuseum/
npr-qpark-nl-2cc25b23-3716-4e2a-8a9e-98e03c532776-maastricht-de-colonel,MAASTRICHT-De Colonel,Maastricht,289,De Colonel,maastricht,nl,Q-Park,289,2.81,18.00,0,0.64,,https://www.q-park.nl/nl-nl/parkeren/maastricht/de-colonel/
npr-qpark-nl-1b8732fc-977e-4b60-ba83-9a77e92f6a74-maastricht-de-griend,MAASTRICHT-De Griend,Maastricht,346,De Griend,maastricht,nl,Q-Park,346,2.81,18.00,0,0.62,,https://www.q-park.nl/nl-nl/parkeren/maastricht/de-griend/
npr-qpark-nl-8c617207-d177-44f4-80be-82378778b823-maastricht-frontenpark,MAASTRICHT-Frontenpark,Maastricht,1308,Frontenpark,maastricht,nl,Q-Park,1308,2.81,18.00,0,0.69,,https://www.q-park.nl/nl-nl/parkeren/maastricht/frontenpark/
npr-qpark-nl-e44c6d32-cbbc-4799-9f3e-bd3fce8df172-maastricht-mosae-forum,MAASTRICHT-Mosae Forum,Maastricht,1089,Mosae Forum,maastricht,nl,Q-Park,1089,3.60,28.50,0,0.67,,https://www.q-park.nl/nl-nl/parkeren/maastricht/mosae-forum/
npr-qpark-nl-624995d5-77eb-4e9a-ab7b-f36309698e35-maastricht-o-l-vrouweparking,MAASTRICHT-O. L. Vrouweparking,Maastricht,354,O.L. Vrouweparking,maastricht,nl,Q-Park,354,3.60,28.50,0,0.75,,https://www.q-park.nl/nl-nl/parkeren/maastricht/ol-vrouweparking/
npr-qpark-nl-40e10ca2-1bf5-4c5e-ad58-240bc88bb0a2-maastricht-plein-1992,MAASTRICHT-Plein 1992,Maastricht,449,Plein 1992,maastricht,nl,Q-Park,449,2.81,18.00,0,0.64,,https://www.q-park.nl/nl-nl/parkeren/maastricht/plein-1992/
npr-qpark-nl-45b1b090-778f-4a65-99ba-7baf8e0f4413-maastricht-stadspark-i,MAASTRICHT-Stadspark I,Maastricht,234,Stadspark I,maastricht,nl,Q-Park,234,1.80,14.00,0,0.67,,https://www.q-park.nl/nl-nl/parkeren/maastricht/stadspark-i/
npr-qpark-nl-af0b223f-cfe3-4e84-8359-2724e26315a1-maastricht-stadspark-ii,MAASTRICHT-Stadspark II,Maastricht,84,Stadspark II,maastricht,nl,Q-Park,84,1.80,14.00,0,0.69,,https://www.q-park.nl/nl-nl/parkeren/maastricht/stadspark-ii/
npr-qpark-nl-84ae62f4-f650-4c72-875f-a726cb5f2436-maastricht-vrijthof,MAASTRICHT-Vrijthof,Maastricht,447,Vrijthof,maastricht,nl,Q-Park,447,5.63,35.00,0,0.62,,https://www.q-park.nl/nl-nl/parkeren/maastricht/vrijthof/
dft-uk-carparks-6555,NCP Aquatic Centre,Manchester,984,Aquatics Centre,manchester,uk,APCOA,,,14.50,126,0.96,,https://www.apcoa.co.uk/find-parking/locations/manchester/aquatics-centre-manchester
dft-uk-carparks-4814,NCP Bloom Street,Manchester,64,Bloom Street,manchester,uk,APCOA,,4.70,15.80,122,1.0,,https://www.apcoa.co.uk/find-parking/locations/manchester/bloom-street-manchester
dft-uk-carparks-417,NCP Bridgewater Hall,Manchester,288,Bridgewater Hall,manchester,uk,APCOA,,3.40,19.50,107,1.0,,https://www.apcoa.co.uk/find-parking/locations/manchester/bridgewater-hall-manchester
dft-uk-carparks-3096,NCP Chester Street Car Park,Manchester,215,Manchester Chester Street,manchester,uk,NCP,220,3.95,14.95,20,0.72,,https://www.ncp.co.uk/find-a-car-park/car-parks/manchester-chester-street/
dft-uk-carparks-416,NCP Chorlton Street,Manchester,580,Manchester Chorlton Street,manchester,uk,NCP,558,4.00,24.00,43,0.74,,https://www.ncp.co.uk/find-a-car-park/car-parks/manchester-chorlton-street/
dft-uk-carparks-4812,NCP Hulme Street,Manchester,114,Hulme Street,manchester,uk,APCOA,,,11.10,38,1.0,,https://www.apcoa.co.uk/find-parking/locations/manchester/hulme-street-manchester
dft-uk-carparks-409,NCP King Street West,Manchester,554,King Street West,manchester,uk,APCOA,,6.10,34.50,61,1.0,,https://www.apcoa.co.uk/find-parking/locations/manchester/king-street-west-manchester
dft-uk-carparks-4808,NCP Oxford Street,Manchester,431,Manchester Oxford Street,manchester,uk,NCP,443,4.95,24.95,94,0.71,,https://www.ncp.co.uk/find-a-car-park/car-parks/manchester-oxford-street/
dft-uk-carparks-410,NCP Piccadilly Plaza,Manchester,160,Manchester Piccadilly Plaza,manchester,uk,NCP,160,4.95,25.95,124,0.75,,https://www.ncp.co.uk/find-a-car-park/car-parks/manchester-piccadilly-plaza/
dft-uk-carparks-414,NCP Sackville Street Car Park,Manchester,129,Sackville Street,manchester,uk,Q-Park,118,4.50,28.00,37,1.0,,https://www.q-park.co.uk/en-gb/cities/manchester/sackville-street/
dft-uk-carparks-6561,NCP Sheffield Street,Manchester,160,Sheffield Street,manchester,uk,APCOA,,,9.60,24,1.0,,https://www.apcoa.co.uk/find-parking/locations/manchester/sheffield-street-manchester
dft-uk-carparks-3094,NCP Spinningfields Car Park,Manchester,680,Manchester Spinningfields,manchester,uk,NCP,680,4.95,34.95,10,0.74,,https://www.ncp.co.uk/find-a-car-park/car-parks/manchester-spinningfields/
dft-uk-carparks-4831,NCP Stone Street,Manchester,15,Stone Street,manchester,uk,APCOA,,4.20,14.30,25,1.0,,https://www.apcoa.co.uk/find-parking/locations/manchester/stone-street-manchester
dft-uk-carparks-3654,Piccadilly Place Car Park,Manchester,590,Piccadilly Gardens,manchester,uk,Q-Park,712,3.20,27.50,66,0.75,,https://www.q-park.co.uk/en-gb/cities/manchester/piccadilly-gardens/
amp-metropole-live-marseille-blancarde,Blancarde,Marseille,241,Blancarde,marseille,fr,Q-Park,340,2.1,14.7,68,1.0,yes,https://www.q-park.fr/fr-fr/villes/marseille/blancarde/
amp-metropole-live-marseille-castellane,Castellane,Marseille,500,Parking Castellane,marseille,fr,Indigo,,3.7,31.8,90,1.0,yes,https://www.indigoneo.fr/fr/parkings/737/parking-castellane
amp-metropole-live-marseille-charles-de-gaulle,Charles de Gaulle,Marseille,520,Parking Charles de Gaulle,marseille,fr,Indigo,,3.6,37.5,2,1.0,yes,https://www.indigoneo.fr/fr/parkings/735/parking-charles-de-gaulle
amp-metropole-live-marseille-corderie,Corderie,Marseille,74,Parking Marseille Corderie,marseille,fr,Effia,,2.4,15.5,30,0.64,yes,https://www.effia.com/parking/parking-marseille-corderie-effia
amp-metropole-live-marseille-cours-julien,Cours Julien,Marseille,250,Parking Marseille Cours Julien,marseille,fr,Effia,,2.4,15.5,84,0.71,yes,https://www.effia.com/parking/parking-marseille-cours-julien-effia
amp-metropole-live-marseille-jean-jaures,Jean Jaurès,Marseille,440,Parking Jean Jaurès,marseille,fr,Indigo,,3.6,30.7,59,1.0,yes,https://www.indigoneo.fr/fr/parkings/734/parking-jean-jaures
amp-metropole-live-marseille-monthyon,Monthyon,Marseille,242,Parking Marseille Monthyon,marseille,fr,Effia,,2.4,15.5,21,0.64,yes,https://www.effia.com/parking/parking-marseille-monthyon-effia
amp-metropole-live-marseille-prefecture,Préfecture,Marseille,588,Parking Préfecture,marseille,fr,Indigo,,3.8,31.7,8,1.0,yes,https://www.indigoneo.fr/fr/parkings/736/parking-prefecture
amp-metropole-live-marseille-republique,République,Marseille,750,Parking République,marseille,fr,Indigo,,4.4,17.9,250,1.0,yes,https://www.indigoneo.fr/fr/parkings/740/parking-republique
amp-metropole-live-marseille-vallier,Vallier,Marseille,700,Vallier,marseille,fr,Q-Park,460,2.1,14.6,26,1.0,yes,https://www.q-park.fr/fr-fr/villes/marseille/vallier/
amp-metropole-live-marseille-vieux-port-hotel-de-ville,Vieux-Port / Hôtel de Ville,Marseille,569,Vieux Port Hôtel de Ville,marseille,fr,Q-Park,545,3.0,19.2,16,1.0,yes,https://www.q-park.fr/fr-fr/villes/marseille/vieux-port-hôtel-de-ville/
npr-other-nl-e8d34d20-b9f4-4dc7-8664-2adeca574dbf-p-r-segeerssingel-middelburg,P+R Segeerssingel (Middelburg),Middelburg,240,P+R Segeersingel,middelburg,nl,Q-Park,240,1.89,9.00,0,0.69,,https://www.q-park.nl/nl-nl/parkeren/middelburg/p-r-segeersingel/
parkraumwende-muenchen-298-arabellapark-bogenhausen,Arabellapark Bogenhausen,München,2031,Arabellapark Bogenhausen,muenchen,de,Q-Park,2048,3.5,35.0,33,1.0,,https://www.q-park.de/de-de/staedte/münchen/arabellapark-bogenhausen/
parkraumwende-muenchen-240-hopfenpost-parkhaus,Hopfenpost Parkhaus,München,583,Tiefgarage Neue Hopfenpost,muenchen,de,Contipark,583,3.0,17.0,11,0.83,,https://www.contipark.de/de/parken/muenchen/tiefgarage-neue-hopfenpost/
parkraumwende-muenchen-272-koenigshof,Königshof,München,116,Königshof,muenchen,de,Q-Park,136,4.0,40.0,23,1.0,,https://www.q-park.de/de-de/staedte/münchen/königshof/
parkraumwende-muenchen-283-macherei,Macherei,München,799,Macherei,muenchen,de,APCOA,799,3.0,30.0,16,1.0,,https://www.apcoa.de/einmal-parken/standorte/muenchen/macherei
parkraumwende-muenchen-292-marienplatz-grossgarage,Marienplatz Großgarage,München,265,Tiefgarage Marienplatz,muenchen,de,Contipark,265,6.5,45.0,17,0.67,,https://www.contipark.de/de/parken/muenchen/tiefgarage-marienplatz/
parkraumwende-muenchen-257-park-one-amalien-passage,Park One Amalien-Passage,München,205,Amalienpassage,muenchen,de,Q-Park,205,3.6,35.0,25,0.8,,https://www.q-park.de/de-de/staedte/münchen/amalienpassage/
parkraumwende-muenchen-295-park-one-hilton-muenchen-city,Park One Hilton München City,München,440,Hilton Munich City,muenchen,de,Q-Park,440,3.0,35.0,79,0.75,,https://www.q-park.de/de-de/staedte/münchen/hilton-munich-city/
parkraumwende-muenchen-267-park-one-schwabinger-tor,Park One Schwabinger Tor,München,903,Schwabinger Tor,muenchen,de,Q-Park,959,3.5,35.0,5,0.8,,https://www.q-park.de/de-de/staedte/münchen/schwabinger-tor/
parkraumwende-muenchen-262-park-one-im-mona,Park One im MONA,München,200,Mona,muenchen,de,Q-Park,200,2.5,20.0,25,0.47,,https://www.q-park.de/de-de/staedte/münchen/mona/
parkraumwende-muenchen-249-parkgarage-schranne-muenchen,Parkgarage Schranne München,München,176,Schrannenhalle Viktualienmarkt,muenchen,de,Q-Park,176,4.0,40.0,12,0.55,,https://www.q-park.de/de-de/staedte/münchen/schrannenhalle-viktualienmarkt/
parkraumwende-muenchen-253-parkgarage-am-salvatorplatz,Parkgarage am Salvatorplatz,München,452,Salvatorplatz Altstadt,muenchen,de,Q-Park,453,4.0,40.0,7,0.72,,https://www.q-park.de/de-de/staedte/münchen/salvatorplatz-altstadt/
parkraumwende-muenchen-247-parkhaus-elisenhof,Parkhaus Elisenhof,München,399,Elisenhof Hauptbahnhof,muenchen,de,Q-Park,399,4.0,40.0,50,0.6,,https://www.q-park.de/de-de/staedte/münchen/elisenhof-hauptbahnhof/
parkraumwende-muenchen-256-parkhaus-hofbraeukeller,Parkhaus Hofbräukeller,München,100,Hofbräukeller,muenchen,de,APCOA,100,3.0,25.0,26,1.0,,https://www.apcoa.de/einmal-parken/standorte/muenchen/hofbraeukeller
parkraumwende-muenchen-246-parkhaus-oberanger,Parkhaus Oberanger,München,423,Tiefgarage Oberanger,muenchen,de,Contipark,423,6.5,45.0,22,1.0,,https://www.contipark.de/de/parken/muenchen/tiefgarage-oberanger/
parkraumwende-muenchen-254-parkhaus-am-hofbraeuhaus,Parkhaus am Hofbräuhaus,München,521,Hofbräuhaus,muenchen,de,Q-Park,551,4.0,40.0,177,0.92,,https://www.q-park.de/de-de/staedte/münchen/hofbräuhaus/
parkraumwende-muenchen-245-parkhaus-an-der-marsstrasse,Parkhaus an der Marsstraße,München,701,Marsstraße Hauptbahnhof,muenchen,de,Q-Park,801,4.0,40.0,50,0.56,,https://www.q-park.de/de-de/staedte/münchen/marsstraße-hauptbahnhof/
parkraumwende-muenchen-291-pschorr-garage,Pschorr Garage,München,213,Pschorr Garage Altstadt,muenchen,de,Q-Park,214,4.0,40.0,25,0.64,,https://www.q-park.de/de-de/staedte/münchen/pschorr-garage-altstadt/
parkraumwende-muenchen-296-regerstrasse,Regerstraße,München,128,Regerstraße,muenchen,de,Q-Park,129,3.0,30.0,10,1.0,,https://www.q-park.de/de-de/staedte/münchen/regerstraße/
parkraumwende-muenchen-273-rieger-city-isartor,Rieger City Isartor,München,406,Rieger City Isartor,muenchen,de,Q-Park,406,4.0,40.0,19,1.0,,https://www.q-park.de/de-de/staedte/münchen/rieger-city-isartor/
parkraumwende-muenchen-12-riem-arcaden-sop,Riem Arcaden SOP,München,284,Riem Arcaden SOP,muenchen,de,APCOA,274,1.9,25.0,159,1.0,,https://www.apcoa.de/einmal-parken/standorte/muenchen/riem-arcaden-sop
parkraumwende-muenchen-275-rosenkavalierplatz-bogenhausen,Rosenkavalierplatz Bogenhausen,München,288,Rosenkavalierplatz Bogenhausen,muenchen,de,Q-Park,289,3.5,35.0,44,1.0,,https://www.q-park.de/de-de/staedte/münchen/rosenkavalierplatz-bogenhausen/
parkraumwende-muenchen-287-sonnenhof-garage,Sonnenhof-Garage,München,90,Sonnenhof-Garage,muenchen,de,APCOA,70,4.5,35.0,1,1.0,,https://www.apcoa.de/einmal-parken/standorte/muenchen/sonnenhof-garage
parkraumwende-muenchen-268-the-m-pire,The M.Pire,München,485,the m.pire Parkstadt Schwabing,muenchen,de,Q-Park,505,3.0,30.0,28,0.47,,"https://www.q-park.de/de-de/staedte/münchen/the-m,-d-,pire-parkstadt-schwabing/"
parkraumwende-muenchen-5-tiefgarage-hotel-marriott,Tiefgarage Hotel Marriott,München,134,Hotel Marriott,muenchen,de,APCOA,134,4.0,29.0,86,1.0,,https://www.apcoa.de/einmal-parken/standorte/muenchen/hotel-marriott
parkraumwende-muenchen-6-tiefgarage-ibis-suite-novotel,Tiefgarage Ibis/Suite Novotel,München,137,Ibis- und Suite NOVOTEL,muenchen,de,APCOA,90,3.0,25.0,28,0.91,,https://www.apcoa.de/einmal-parken/standorte/muenchen/ibis-und-suite-novotel
db-bahnpark-100213-tiefgarage-muenchen-hauptbahnhof-sued,Tiefgarage München Hauptbahnhof Süd,München,242,Tiefgarage Hauptbahnhof Süd P4,muenchen,de,Contipark,242,3.3,32.0,0,0.77,,https://www.contipark.de/de/parken/muenchen/tiefgarage-hauptbahnhof-sued-p4/
parkraumwende-muenchen-297-welfenhoefe,Welfenhöfe,München,897,Welfenhöfe / Welfenstraße,muenchen,de,Q-Park,997,3.0,30.0,34,0.61,,https://www.q-park.de/de-de/staedte/münchen/welfenhöfe-/-welfenstraße/
parkraumwende-muenchen-274-westin-grand-hotel-muenchen,Westin Grand Hotel München,München,201,Westin Grand Hotel,muenchen,de,Q-Park,201,3.5,35.0,29,0.82,,https://www.q-park.de/de-de/staedte/münchen/westin-grand-hotel/
dft-uk-carparks-109,Station Road Car Park - Gloucester,Nettledon,112,Station Road,gloucester,uk,Saba,110,1.40,8.40,16,0.69,,https://www.gloucester.gov.uk/parking-transport-and-streets/parking/gloucester-city-car-parks/station-road/
tyne-wear-live-CP0021,Dean Street,Newcastle upon Tyne,257,Dean Street car park,newcastleupontyne,uk,Newcastle City Council,257,2.30,,3,1.0,yes,https://new.newcastle.gov.uk/parking/car-parks/find/dean-street
tyne-wear-live-CP0049,Eldon Garden,Newcastle upon Tyne,449,Eldon Garden car park,newcastleupontyne,uk,Newcastle City Council,445,2.60,13.00,89,1.0,yes,https://new.newcastle.gov.uk/parking/car-parks/find/eldon-garden
tyne-wear-live-CP0050,Eldon Square,Newcastle upon Tyne,497,Eldon Square car park,newcastleupontyne,uk,Newcastle City Council,497,2.90,,7,1.0,yes,https://new.newcastle.gov.uk/parking/car-parks/find/eldon-square
tyne-wear-live-CP_NC_ELLSPL,Ellison Place,Newcastle upon Tyne,126,Ellison Place car park,newcastleupontyne,uk,Newcastle City Council,119,2.30,,2,1.0,yes,https://new.newcastle.gov.uk/parking/car-parks/find/ellison-place
tyne-wear-live-CP_NC_GRAING,Grainger Town,Newcastle upon Tyne,410,Grainger Town car park,newcastleupontyne,uk,Newcastle City Council,401,1.70,11.00,8,1.0,yes,https://new.newcastle.gov.uk/parking/car-parks/find/grainger-town-car-park
tyne-wear-live-CP0025,John Dobson Multi,Newcastle upon Tyne,552,John Dobson Street,newcastleupontyne,uk,Q-Park,527,3.00,18.00,32,0.71,,https://www.q-park.co.uk/en-gb/cities/newcastle-upon-tyne/john-dobson-street/
tyne-wear-live-CP_NC_MANORS,Manors,Newcastle upon Tyne,484,Manors car park,newcastleupontyne,uk,Newcastle City Council,486,1.40,10.00,21,1.0,yes,https://new.newcastle.gov.uk/parking/car-parks/find/manors
tyne-wear-live-CP0026,Newcastle Civic Centre,Newcastle upon Tyne,267,Civic Centre car park,newcastleupontyne,uk,Newcastle City Council,267,2.10,,17,0.71,,https://new.newcastle.gov.uk/parking/car-parks/find/civic-centre
tyne-wear-live-CP0017,Oxford Multi,Newcastle upon Tyne,139,Oxford car park,newcastleupontyne,uk,Newcastle City Council,139,2.10,,24,0.71,,https://new.newcastle.gov.uk/parking/car-parks/find/oxford
tyne-wear-live-CP_NC_STOWST,Q-Park Stowell Street,Newcastle upon Tyne,284,Stowell Street,newcastleupontyne,uk,Q-Park,266,,24.00,8,1.0,,https://www.q-park.co.uk/en-gb/cities/newcastle-upon-tyne/stowell-street/
tyne-wear-live-CP0042,Quayside Multi,Newcastle upon Tyne,499,Quayside car park,newcastleupontyne,uk,Newcastle City Council,499,1.50,11.00,26,0.76,,https://new.newcastle.gov.uk/parking/car-parks/find/quayside
tyne-wear-live-CP_NC_STGEOR,St. George's,Newcastle upon Tyne,139,St Georges car park,newcastleupontyne,uk,Newcastle City Council,139,1.50,,61,1.0,yes,https://new.newcastle.gov.uk/parking/car-parks/find/st-georges
npr-other-nl-85d7e2a6-5985-401b-b4be-4665bf247d83-p-r-eerste-oude-heselaan-nijmegen,P+R Eerste Oude Heselaan (Nijmegen),Nijmegen,90,P+R Eerste Oude Heselaan,nijmegen,nl,Q-Park,90,1.5,8.5,0,0.82,,https://www.q-park.nl/nl-nl/parkeren/nijmegen/p-r-eerste-oude-heselaan/
dft-uk-carparks-2463,Barn Road Car Park,Norwich,149,Barn Road,norwich,uk,Norwich City Council,147,2.30,7.80,171,1.0,,https://www.norwich.gov.uk/parking/find-car-parking-norwich/barn-road-car-park
dft-uk-carparks-4186,Chantry Car Park,Norwich,90,Chantry,norwich,uk,Norwich City Council,90,2.60,22.90,0,1.0,,https://www.norwich.gov.uk/parking/find-car-parking-norwich/chantry-car-park
dft-uk-carparks-4184,Colegate Car Park,Norwich,86,Colegate,norwich,uk,Norwich City Council,94,2.30,10.00,24,1.0,,https://www.norwich.gov.uk/parking/find-car-parking-norwich/colegate-car-park
dft-uk-carparks-1934,Monastery Court Car Park,Norwich,50,Monastery Court,norwich,uk,Norwich City Council,50,2.50,22.40,56,1.0,,https://www.norwich.gov.uk/parking/find-car-parking-norwich/monastery-court-car-park
dft-uk-carparks-5263,NCP St. Stephens Multi Storey Car Park,Norwich,260,St Stephens Street,norwich,uk,NCP,257,2.25,12.95,18,0.76,,https://www.ncp.co.uk/find-a-car-park/car-parks/norwich-st-stephens-street/
dft-uk-carparks-1935,Pottergate Car Park,Norwich,24,Pottergate,norwich,uk,Norwich City Council,27,2.60,22.90,0,1.0,,https://www.norwich.gov.uk/parking/find-car-parking-norwich/pottergate-car-park
dft-uk-carparks-4185,Queens Road Car Park,Norwich,70,Queens Road,norwich,uk,Norwich City Council,66,2.30,9.70,88,1.0,,https://www.norwich.gov.uk/parking/find-car-parking-norwich/queens-road-car-park
dft-uk-carparks-1327,Rouen Road Car Park,Norwich,149,Rouen Road,norwich,uk,Norwich City Council,187,2.30,7.60,210,1.0,,https://www.norwich.gov.uk/parking/find-car-parking-norwich/rouen-road-car-park
dft-uk-carparks-20,St Andrews Multi Storey Car Park,Norwich,1086,St Andrews Multi-Storey,norwich,uk,Norwich City Council,1084,2.30,11.00,156,1.0,,https://www.norwich.gov.uk/parking/find-car-parking-norwich/st-andrews-multi-storey-car-park
dft-uk-carparks-1949,St Giles Multi Storey Car Park,Norwich,330,St Giles Multi-Storey,norwich,uk,Norwich City Council,330,2.30,16.40,62,1.0,,https://www.norwich.gov.uk/parking/find-car-parking-norwich/st-giles-multi-storey-car-park
dft-uk-carparks-347,Curzon Street Car Park,Nottingham,105,Curzon Street,nottingham,uk,Nottingham City Council,100,,18.50,19,1.0,,https://parking.nottinghamcity.gov.uk/uploads/generic/NCC-Parking-Leaflet-Update-August-2025_WEB.pdf
dft-uk-carparks-1375,Q Park - Nottingham Talbot Street Car Park,Nottingham,600,Talbot Street,nottingham,uk,Q-Park,440,3.00,24.50,36,0.62,,https://www.q-park.co.uk/en-gb/cities/nottingham/talbot-street/
dft-uk-carparks-7637,Sneinton Market Place Car Park,Nottingham,50,Sneinton Market Square,nottingham,uk,Nottingham City Council,49,2.00,12.00,19,0.82,,https://parking.nottinghamcity.gov.uk/uploads/generic/NCC-Parking-Leaflet-Update-August-2025_WEB.pdf
dft-uk-carparks-1974,The Lace Market MSCP,Nottingham,526,Lace Market,nottingham,uk,Nottingham City Council,524,,19.50,44,0.74,,https://parking.nottinghamcity.gov.uk/uploads/generic/NCC-Parking-Leaflet-Update-August-2025_WEB.pdf
dft-uk-carparks-1419,Trinity Square MSCP,Nottingham,450,Trinity Square,nottingham,uk,Nottingham City Council,440,,20.00,115,0.87,,https://parking.nottinghamcity.gov.uk/uploads/generic/NCC-Parking-Leaflet-Update-August-2025_WEB.pdf
nimes-live-30001,Gare Feuchères,Nîmes,800,Gare Feuchères,nimes,fr,Q-Park,800,2.70,22.30,3,1.0,yes,https://www.q-park.fr/fr-fr/villes/n%c3%aemes/gare-feuch%c3%a8res/
nimes-live-30003,Jean Jaurès,Nîmes,468,Jean Jaurès,nimes,fr,Q-Park,468,2.20,19.50,0,1.0,yes,https://www.q-park.fr/fr-fr/villes/n%c3%aemes/jean-jaur%c3%a8s/
npr-qpark-nl-b901a3ed-4940-403d-bd90-7ffab785d967-oud-beijerland-de-veiling,OUD BEIJERLAND-De Veiling,Oud-Beijerland,124,De Veiling,oudbeijerland,nl,Q-Park,124,1.70,5.00,0,0.58,,https://www.q-park.nl/nl-nl/parkeren/oud-beijerland/de-veiling/
bnls-other-fr-75108-P-110-alma-george-v,ALMA GEORGE V,Paris,502,Alma George V,paris,fr,Indigo,,5.80,,15,1.0,,https://www.indigoneo.fr/fr/parkings/363/parking-alma-george-v
bnls-other-fr-75107-P-004-bac-montalembert,BAC MONTALEMBERT,Paris,417,Bac Montalembert,paris,fr,Saemes,417,5.1,45.9,0,1.0,,http://www.saemes.fr/fr/parking/parking-bac
bnls-other-fr-75112-P-004-bercy-seine,BERCY SEINE,Paris,310,Bercy Seine,paris,fr,Saemes,310,4.6,41.4,0,1.0,,http://www.saemes.fr/fr/parking/parking-bercy
bnls-other-fr-75113-P-151-bibliotheque-f-mitterrand-rive-gauche,BIBLIOTHEQUE F. MITTERRAND (RIVE GAUCHE),Paris,1018,Bibliothèque François Mitterrand,paris,fr,Indigo,,4.20,,53,0.73,,https://www.indigoneo.fr/fr/parkings/380/parking-bibliotheque-francois-mitterrand
bnls-other-fr-75117-P-006-carnot,CARNOT,Paris,399,Carnot,paris,fr,Saemes,505,5.0,45.0,0,1.0,,http://www.saemes.fr/fr/parking/parking-carnot
bnls-other-fr-75108-P-107-champs-elysees,CHAMPS ELYSEES,Paris,832,Champs Elysées,paris,fr,Saemes,827,5.5,49.5,0,1.0,,https://www.saemes.fr/fr/parking/parking-champs-elysees
bnls-other-fr-75113-P-002-charlety-coubertin,CHARLETY COUBERTIN,Paris,445,Charléty Coubertin,paris,fr,Saemes,445,3.8,34.2,0,1.0,,http://www.saemes.fr/fr/parking/parking-charlety-coubertin
bnls-other-fr-75119-P-002-claude-bernard,CLAUDE BERNARD,Paris,494,Claude Bernard,paris,fr,Saemes,494,3.2,24.0,0,1.0,,https://www.saemes.fr/fr/parking/parking-claude-bernard
bnls-other-fr-75101-P-104-croix-des-petits-champs,CROIX DES PETITS CHAMPS,Paris,430,Croix des Petits Champs,paris,fr,Indigo,,5,,4,1.0,,https://www.indigoneo.fr/fr/parkings/341/parking-croix-des-petits-champs
bnls-other-fr-75108-P-109-etoile-friedland,ETOILE FRIEDLAND,Paris,576,Etoile Friedland,paris,fr,Indigo,,5.80,,155,1.0,,https://www.indigoneo.fr/fr/parkings/364/parking-etoile-friedland
bnls-other-fr-75112-P-103-faubourg-saint-antoine,FAUBOURG SAINT ANTOINE,Paris,373,Faubourg Saint-Antoine,paris,fr,Indigo,,5.40,,12,1.0,,https://www.indigoneo.fr/fr/parkings/375/parking-faubourg-saint-antoine
bnls-other-fr-75108-P-020-george-v,GEORGE V,Paris,1106,George V,paris,fr,Saemes,1127,5.5,49.5,0,1.0,,https://www.saemes.fr/fr/parking/parking-george-v
bnls-other-fr-75101-P-041-harlay-pont-neuf,HARLAY (PONT NEUF),Paris,773,Harlay Pont Neuf,paris,fr,Indigo,,5.20,,6,1.0,,https://www.indigoneo.fr/fr/parkings/340/parking-harlay-pont-neuf
bnls-other-fr-75108-P-004-haussmann-berri,HAUSSMANN BERRI,Paris,2182,Haussmann Berri,paris,fr,Saemes,2182,5.0,45.0,0,1.0,,http://www.saemes.fr/fr/parking/parking-haussmann-berri
bnls-other-fr-75104-P-001-hotel-de-ville,HOTEL DE VILLE,Paris,505,Hôtel de Ville,paris,fr,Saemes,505,4.6,41.4,0,1.0,,http://www.saemes.fr/fr/parking/parking-hotel-ville
bnls-other-fr-75119-P-003-hopital-robert-debre,HÔPITAL ROBERT DEBRE,Paris,180,Hôpital Robert-Debré,paris,fr,Saemes,180,4.1,22.2,0,1.0,,http://www.saemes.fr/fr/parking/parking-hopital-robert-debre
bnls-other-fr-75107-P-060-invalides,INVALIDES,Paris,1006,Invalides,paris,fr,Indigo,,5.40,,6,1.0,,https://www.indigoneo.fr/fr/parkings/356/parking-invalides
bnls-other-fr-75116-P-004-jean-bouin,JEAN BOUIN,Paris,487,Jean Bouin,paris,fr,Saemes,487,4.4,39.6,0,1.0,,http://www.saemes.fr/fr/parking/parking-jean-bouin
bnls-qpark-fr-75107-P-134-la-tour-maubourg-orsay,LA TOUR MAUBOURG ORSAY,Paris,434,Tour Maubourg,paris,fr,Q-Park,440,6.15,50.75,3,0.77,,https://www.q-park.fr/fr-fr/villes/paris/tour-maubourg/
bnls-other-fr-75105-P-005-lagrange-maubert,LAGRANGE MAUBERT,Paris,447,Lagrange-Maubert,paris,fr,Saemes,447,4.8,43.2,0,1.0,,http://www.saemes.fr/fr/parking/parking-lagrange-maubert
bnls-other-fr-75101-P-003-les-halles-st-eustache,LES HALLES ST EUSTACHE,Paris,375,Les Halles-St Eustache,paris,fr,Saemes,375,5.0,45.0,0,1.0,,http://www.saemes.fr/fr/parking/parking-halles-saint-eustache
bnls-other-fr-75108-P-001-madeleine-tronchet,MADELEINE TRONCHET,Paris,975,Madeleine-Tronchet,paris,fr,Saemes,975,5.0,45.0,0,1.0,,http://www.saemes.fr/fr/parking/parking-madeleine-tronchet
bnls-other-fr-75110-P-028-magenta-gare-de-l-est,MAGENTA GARE DE L EST,Paris,706,Magenta - Gare de l'Est,paris,fr,Indigo,,5,,40,1.0,,https://www.indigoneo.fr/fr/parkings/13769/parking-magenta-gare-de-lest
bnls-other-fr-75114-P-117-maine-basch-alesia,MAINE BASCH ALESIA,Paris,481,Alésia,paris,fr,Indigo,,4.90,,29,0.55,,https://www.indigoneo.fr/fr/parkings/382/parking-alesia
bnls-other-fr-75115-P-002-mairie-du-15-eme-lecourbe,MAIRIE DU 15 EME LECOURBE,Paris,314,Mairie du 15ème - Lecourbe,paris,fr,Saemes,314,4.7,42.3,0,1.0,,http://www.saemes.fr/fr/parking/parking-mairie-15eme
bnls-other-fr-75117-P-005-mairie-du-17-eme,MAIRIE DU 17 EME,Paris,387,Mairie du 17ème,paris,fr,Saemes,387,4.7,42.3,0,1.0,,http://www.saemes.fr/fr/parking/parking-mairie-17eme
bnls-other-fr-75108-P-002-malesherbes-anjou,MALESHERBES ANJOU,Paris,925,Malesherbes Anjou,paris,fr,Q-Park,1016,4.50,40.50,81,1.0,,https://www.q-park.fr/fr-fr/villes/paris/malesherbes-anjou/
bnls-qpark-fr-75116-P-140-marceau-etoile,MARCEAU ETOILE,Paris,503,Marceau - Champs-Elysées,paris,fr,Q-Park,510,6.60,54.45,34,0.61,,https://www.q-park.fr/fr-fr/villes/paris/marceau-champs-elys%c3%a9es/
bnls-other-fr-75105-P-006-maubert-college-des-bernardins,MAUBERT COLLEGE DES BERNARDINS,Paris,655,Maubert Collège des Bernardins,paris,fr,Saemes,655,5.0,45.0,0,1.0,,http://www.saemes.fr/fr/parking/parking-maubert-college-bernardins
bnls-other-fr-75109-P-045-montholon,MONTHOLON,Paris,424,Montholon,paris,fr,Saemes,426,4.6,41.4,4,1.0,,https://www.saemes.fr/fr/parking/parking-montholon
bnls-other-fr-75116-P-016-passy,PASSY,Paris,351,Passy,paris,fr,Indigo,,5.20,,15,1.0,,https://www.indigoneo.fr/fr/parkings/19966/parking-passy
bnls-other-fr-75112-P-017-picpus-nation,PICPUS NATION,Paris,909,Picpus Nation,paris,fr,Saemes,944,3.8,34.2,10,1.0,,https://www.saemes.fr/fr/parking/parking-picpus-nation
bnls-other-fr-75116-P-005-porte-d-auteuil,PORTE D AUTEUIL,Paris,1128,Porte d'Auteuil,paris,fr,Saemes,1128,4.7,42.3,0,1.0,,http://www.saemes.fr/fr/parking/parking-porte-auteuil
bnls-other-fr-75114-P-002-porte-d-orleans,PORTE D ORLEANS,Paris,688,Porte d'Orléans,paris,fr,Saemes,688,4.2,37.8,0,1.0,,http://www.saemes.fr/fr/parking/parking-porte-orleans
bnls-other-fr-75117-P-035-porte-de-champerret,PORTE DE CHAMPERRET,Paris,1467,Porte de Champerret,paris,fr,Saemes,1465,4.5,40.5,142,1.0,,https://www.saemes.fr/fr/parking/parking-porte-de-champerret
bnls-other-fr-75118-P-038-porte-de-clignancourt,PORTE DE CLIGNANCOURT,Paris,508,Porte de Clignancourt,paris,fr,Q-Park,505,4.05,36.45,10,1.0,,https://www.q-park.fr/fr-fr/villes/paris/porte-de-clignancourt/
bnls-other-fr-75115-P-049-porte-de-versailles,PORTE DE VERSAILLES,Paris,474,de la Porte de Versailles,paris,fr,Saemes,482,5.0,55.0,25,0.89,,http://www.saemes.fr/fr/parking/parking-porte-versailles
bnls-other-fr-75107-P-003-quai-branly-tour-eiffel,QUAI BRANLY - TOUR EIFFEL,Paris,543,Quai branly-Tour Eiffel,paris,fr,Saemes,543,5.1,39.2,0,1.0,,http://www.saemes.fr/fr/parking/parking-quai-branly-tour-eiffel
bnls-other-fr-75112-P-003-reuilly-diderot,REUILLY DIDEROT,Paris,147,Reuilly-Diderot,paris,fr,Saemes,147,4.7,42.3,0,1.0,,http://www.saemes.fr/fr/parking/parking-reuilly-diderot
bnls-other-fr-75104-P-002-rivoli-sebastopol,RIVOLI SEBASTOPOL,Paris,267,Rivoli-Sébastopol,paris,fr,Saemes,267,5.3,47.7,0,1.0,,http://www.saemes.fr/fr/parking/parking-rivoli-sebastopol
bnls-other-fr-75108-P-061-rond-point-des-champs-elysees,ROND POINT DES CHAMPS ELYSEES,Paris,561,Rond Point des Champs Elysées,paris,fr,Indigo,,5.80,,9,1.0,,https://www.indigoneo.fr/fr/parkings/360/parking-rond-point-des-champs-elysees
bnls-other-fr-75108-P-003-saint-augustin-bergson,SAINT AUGUSTIN - BERGSON,Paris,910,Saint Augustin-Bergson,paris,fr,Saemes,910,5.0,45.0,0,1.0,,https://www.saemes.fr/fr/parking/parking-bergson
bnls-other-fr-75106-P-055-saint-germain-des-pres,SAINT GERMAIN DES PRES,Paris,342,Saint-Germain des Prés,paris,fr,Indigo,,5.80,,49,1.0,,https://www.indigoneo.fr/fr/parkings/354/parking-saint-germain-des-pres
bnls-other-fr-75106-P-057-saint-sulpice,SAINT SULPICE,Paris,369,Saint Sulpice,paris,fr,Saemes,528,5.4,48.6,2,1.0,,http://www.saemes.fr/fr/parking/parking-saint-sulpice
bnls-other-fr-75101-P-147-sebastopol,SEBASTOPOL,Paris,488,Sébastopol,paris,fr,Indigo,,5.40,,44,1.0,,https://www.indigoneo.fr/fr/parkings/342/parking-sebastopol
bnls-other-fr-75105-P-050-soufflot,SOUFFLOT,Paris,597,Soufflot-Panthéon,paris,fr,Indigo,,5.20,,8,0.67,,https://www.indigoneo.fr/fr/parkings/351/parking-soufflot-pantheon
bnls-other-fr-75117-P-036-ternes,TERNES,Paris,1120,Ternes,paris,fr,Saemes,1092,5.0,45.0,8,1.0,,https://www.saemes.fr/fr/parking/parking-ternes
bnls-other-fr-75101-P-006-vendome,VENDOME,Paris,1113,Vendôme,paris,fr,Indigo,,5.85,,8,1.0,,https://www.indigoneo.fr/fr/parkings/344/parking-vendome
bnls-other-fr-75117-P-004-villiers,VILLIERS,Paris,402,Villiers,paris,fr,Indigo,,5.40,,33,1.0,,https://www.indigoneo.fr/fr/parkings/387/parking-villiers
dft-uk-carparks-4493,NCP Reading - Broad Street Mall,Reading,725,Broad Street Mall,reading,uk,Reading Borough Council,750,4.30,16.80,1,0.81,,https://www.reading.gov.uk/vehicles-roads-and-transport/parking/car-parks/broad-street-mall-car-park/
dft-uk-carparks-5808,NCP Reading - Chester Street,Reading,84,Chester Street,reading,uk,Reading Borough Council,60,1.10,10.50,35,0.79,,https://www.reading.gov.uk/vehicles-roads-and-transport/parking/car-parks/chester-street-car-park/
dft-uk-carparks-5809,NCP Reading - Civic B Car Park,Reading,176,Civic B,reading,uk,Reading Borough Council,170,4.30,16.80,123,0.63,,https://www.reading.gov.uk/vehicles-roads-and-transport/parking/car-parks/reading-civic-b-car-park/
dft-uk-carparks-5811,NCP Reading - Dunstall Close Car Park,Reading,50,Dunstall Close,reading,uk,Reading Borough Council,47,1.10,10.50,14,0.79,,https://www.reading.gov.uk/vehicles-roads-and-transport/parking/car-parks/dunstall-close-car-park/
dft-uk-carparks-5806,NCP Reading - Recreation Road Car Park,Reading,84,Recreation Road,reading,uk,Reading Borough Council,80,1.10,10.50,15,0.8,,https://www.reading.gov.uk/vehicles-roads-and-transport/parking/car-parks/recreation-road-car-park/
dft-uk-carparks-3999,Q Park - Chatham Place - Reading,Reading,591,Chatham Place,reading,uk,Q-Park,586,2.50,24.50,100,0.67,,https://www.q-park.co.uk/en-gb/cities/reading/chatham-place/
dft-uk-carparks-2058,The Riverside Multi Storey Car Park,Reading,1679,Riverside,reading,uk,The Oracle,1611,2.00,15.00,30,0.56,,https://www.theoracle.com/parking/riverside
npr-qpark-nl-4f521154-f4ac-473d-ab19-fff1092fb400-ridderkerk-jorishof,RIDDERKERK-Jorishof,Ridderkerk,141,Jorishof,ridderkerk,nl,Q-Park,141,2.22,7.50,0,0.62,,https://www.q-park.nl/nl-nl/parkeren/ridderkerk/jorishof/
npr-qpark-nl-268d20ea-635b-410e-95f9-53bb443fceb0-ridderkerk-ridderhof,RIDDERKERK-Ridderhof,Ridderkerk,224,Ridderhof,ridderkerk,nl,Q-Park,224,2.22,5.00,0,0.64,,https://www.q-park.nl/nl-nl/parkeren/ridderkerk/ridderhof/
npr-qpark-nl-8b9b7099-8b2b-42cb-9e21-6586933c1369-rijswijk-bogaardplein,RIJSWIJK-Bogaardplein,Rijswijk,832,Bogaardplein,rijswijk,nl,Q-Park,832,2.60,18.00,0,0.75,,https://www.q-park.nl/nl-nl/parkeren/rijswijk/bogaardplein/
npr-qpark-nl-9266069e-2ffe-4877-825b-186988078e4b-rijswijk-in-de-bogaard-p2,RIJSWIJK-In de Bogaard P2,Rijswijk,668,In de Bogaard P2,rijswijk,nl,Q-Park,668,2.60,18.00,0,0.76,,https://www.q-park.nl/nl-nl/parkeren/rijswijk/in-de-bogaard-p2/
npr-qpark-nl-d094b7f7-d0ff-44cd-b223-9fc2b26d4dec-rijswijk-in-de-bogaard-p7,RIJSWIJK-In de Bogaard P7,Rijswijk,47,In de Bogaard P7,rijswijk,nl,Q-Park,47,2.60,18.00,0,0.76,,https://www.q-park.nl/nl-nl/parkeren/rijswijk/in-de-bogaard-p7/
npr-other-nl-20018e23-6346-4343-ba81-018a065fe45d-p-r-godsweerdersingel-roermond,P+R Godsweerdersingel (Roermond),Roermond,95,P+R Godsweerdersingel,roermond,nl,Q-Park,95,2.19,13.00,0,0.81,,https://www.q-park.nl/nl-nl/parkeren/roermond/p-r-godsweerdersingel/
npr-other-nl-189504bb-3926-4fc3-bf7b-5d249d127fe5-p-r-veeladingstraat-roermond,P+R Veeladingstraat (Roermond),Roermond,151,P+R Veeladingstraat,roermond,nl,Q-Park,151,2.19,13.00,0,0.79,,https://www.q-park.nl/nl-nl/parkeren/roermond/p-r-veeladingstraat/
npr-qpark-nl-0889ef23-5a47-43f4-bae9-c84dce36633f-roermond-de-oranjerie,ROERMOND-De Oranjerie,Roermond,585,De Oranjerie,roermond,nl,Q-Park,585,2.61,21.00,0,0.73,,https://www.q-park.nl/nl-nl/parkeren/roermond/de-oranjerie/
npr-qpark-nl-9f7c88d2-52dd-4ac0-a8e5-c938d671a0a3-roermond-roercenter,ROERMOND-Roercenter,Roermond,424,Roercenter,roermond,nl,Q-Park,415,3.00,14.00,0,0.71,,https://www.q-park.nl/nl-nl/parkeren/roermond/roercenter/
npr-other-nl-32b5007c-91bd-4a4d-b54a-13a05e89d402-p-r-proveniersplein-rotterdam,P+R Proveniersplein (Rotterdam),Rotterdam,102,P+R Proveniersplein,rotterdam,nl,Q-Park,102,3.12,19.5,0,0.77,,https://www.q-park.nl/nl-nl/parkeren/rotterdam/p-r-proveniersplein/
npr-qpark-nl-dc0e7717-f48e-4d02-a417-2fbe5f9fe137-rotterdam-alexandrium-megastores,ROTTERDAM-Alexandrium Megastores,Rotterdam,180,Alexandrium Megastores,rotterdam,nl,Q-Park,180,1.73,25.0,0,0.82,,https://www.q-park.nl/nl-nl/parkeren/rotterdam/alexandrium-megastores/
npr-qpark-nl-19374849-cd1d-442b-83a0-460bbf97cbc8-rotterdam-boston-seattle,ROTTERDAM-Boston & Seattle,Rotterdam,230,Boston & Seattle Terrein,rotterdam,nl,Q-Park,270,5.0,40.0,140,0.62,,https://www.q-park.nl/nl-nl/parkeren/rotterdam/parkeerterrein-boston-seattle/
npr-qpark-nl-c7102320-9240-49eb-9926-b4a8b8ac3851-rotterdam-de-rotterdam,ROTTERDAM-De Rotterdam,Rotterdam,590,De Rotterdam,rotterdam,nl,Q-Park,659,5.0,40.0,0,0.71,,https://www.q-park.nl/nl-nl/parkeren/rotterdam/de-rotterdam/
npr-qpark-nl-bec4a95b-3e7d-4aa0-bb1d-c601138a434e-rotterdam-hart-van-zuid,ROTTERDAM-Hart van Zuid,Rotterdam,105,Hart van Zuid,rotterdam,nl,Q-Park,105,3.75,18.0,0,0.71,,https://www.q-park.nl/nl-nl/parkeren/rotterdam/hart-van-zuid/
npr-qpark-nl-d0e5765d-5a21-46eb-b8d5-2e96a492a4ba-rotterdam-ikazia,ROTTERDAM-Ikazia,Rotterdam,432,Ikazia,rotterdam,nl,Q-Park,432,2.86,10.5,0,0.57,,https://www.q-park.nl/nl-nl/parkeren/rotterdam/ikazia/
npr-qpark-nl-fbf70492-322f-49eb-8c20-4e3650f85382-rotterdam-koopgoot,ROTTERDAM-Koopgoot,Rotterdam,580,Koopgoot,rotterdam,nl,Q-Park,435,5.29,32.0,0,0.64,,https://www.q-park.nl/nl-nl/parkeren/rotterdam/koopgoot/
npr-qpark-nl-0070382f-f7a6-4d55-b91d-29402f67214e-rotterdam-rijnhaven,ROTTERDAM-Rijnhaven,Rotterdam,448,Rijnhaven,rotterdam,nl,Q-Park,452,4.0,25.0,0,0.67,,https://www.q-park.nl/nl-nl/parkeren/rotterdam/rijnhaven/
npr-qpark-nl-919e5fc2-044c-4e64-98d6-92f817c4ed1d-rotterdam-schiecentrale,ROTTERDAM-Schiecentrale,Rotterdam,387,Schiecentrale,rotterdam,nl,Q-Park,387,2.5,23.0,0,0.74,,https://www.q-park.nl/nl-nl/parkeren/rotterdam/schiecentrale/
npr-qpark-nl-5725a5e8-1a65-4638-9e0d-e17ebc755db5-rotterdam-weena,ROTTERDAM-Weena,Rotterdam,480,Weena,rotterdam,nl,Q-Park,480,5.29,32.0,0,0.53,,https://www.q-park.nl/nl-nl/parkeren/rotterdam/weena/
npr-qpark-nl-4941ea95-3e0e-4577-8ba9-45f427cc95dd-rotterdam-woonmall-alexandrium,ROTTERDAM-Woonmall Alexandrium,Rotterdam,1004,Woonmall Alexandrium,rotterdam,nl,Q-Park,1004,1.73,10.0,0,0.81,,https://www.q-park.nl/nl-nl/parkeren/rotterdam/woonmall-alexandrium/
npr-qpark-nl-05088c15-1e54-4e0e-b66d-e9449bf464de-rotterdam-zorgboulevard,ROTTERDAM-Zorgboulevard,Rotterdam,1814,Zorgboulevard,rotterdam,nl,Q-Park,1774,3.53,11.0,0,0.74,,https://www.q-park.nl/nl-nl/parkeren/rotterdam/zorgboulevard/
npr-qpark-nl-b24d0215-1b24-4933-9323-82878048f1c3-rotterdam-zuidplein-1,ROTTERDAM-Zuidplein 1,Rotterdam,1366,Zuidplein 1,rotterdam,nl,Q-Park,1345,3.95,19.0,0,0.69,,https://www.q-park.nl/nl-nl/parkeren/rotterdam/zuidplein-1/
npr-qpark-nl-6c1a9828-e22b-4ac9-9ea2-df39fa8916f9-rotterdam-zuidplein-2,ROTTERDAM-Zuidplein 2,Rotterdam,209,Zuidplein 2,rotterdam,nl,Q-Park,209,3.95,19.0,0,0.69,,https://www.q-park.nl/nl-nl/parkeren/rotterdam/zuidplein-2/
npr-qpark-nl-f3fb9d47-925a-4c1d-a488-bb8b32a0b9fb-rotterdam-de-bijenkorf,ROTTERDAM-de Bijenkorf,Rotterdam,449,de Bijenkorf,rotterdam,nl,Q-Park,449,5.0,30.0,0,0.71,,https://www.q-park.nl/nl-nl/parkeren/rotterdam/de-bijenkorf/
saint-etienne-qpark-42218-p-037,CHAVANELLE,Saint-Étienne,370,Chavanelle Centre-Ville,saintetienne,fr,Q-Park,370,2.8,25.4,62,0.65,,https://www.q-park.fr/fr-fr/villes/saint-etienne/chavanelle/
saint-etienne-qpark-42218-p-053,HÔTEL DE VILLE,Saint-Étienne,325,Hôtel de Ville,saintetienne,fr,Q-Park,325,3.2,22.0,43,1.0,,https://www.q-park.fr/fr-fr/villes/saint-etienne/h%c3%b4tel-de-ville/
saint-etienne-qpark-42218-p-044,PALAIS DE JUSTICE,Saint-Étienne,247,Palais de Justice,saintetienne,fr,Q-Park,247,2.8,25.4,41,1.0,,https://www.q-park.fr/fr-fr/villes/saint-etienne/palais-de-justice/
dft-uk-carparks-3273,Q Park - Waterside Car Park,Sale,440,Waterside,manchester,uk,Q-Park,440,2.40,14.00,112,0.78,,https://www.q-park.co.uk/en-gb/cities/manchester/waterside/
dft-uk-carparks-7868,NCP Salford New Bailey MSCP,Salford,620,Salford New Bailey,manchester,uk,NCP,631,5.00,35.00,57,0.89,,https://www.ncp.co.uk/find-a-car-park/car-parks/salford-new-bailey/
dft-uk-carparks-4829,NCP Stanley Street,Salford,413,Salford Stanley Street,manchester,uk,NCP,635,4.95,24.95,43,0.79,,https://www.ncp.co.uk/find-a-car-park/car-parks/salford-stanley-street-car-park/
npr-other-nl-287934d1-9679-4e1d-9351-36afba67dacc-p-r-horvathweg-schiedam,P+R Horvathweg (Schiedam),Schiedam,64,P+R Horvathweg,schiedam,nl,Q-Park,64,2.79,9.50,0,0.71,,https://www.q-park.nl/nl-nl/parkeren/schiedam/p-r-horvathweg/
dft-uk-carparks-5985,Atkinsons Car Park,Sheffield,433,Atkinson's,sheffield,uk,APCOA,433,2.00,12.00,35,1.0,,https://www.apcoa.co.uk/find-parking/locations/sheffield/atkinsons-sheffield
dft-uk-carparks-521,NCP Campo Lane MSCP,Sheffield,150,Campo Lane,sheffield,uk,NCP,150,4.00,15.00,18,0.82,,https://www.ncp.co.uk/find-a-car-park/car-parks/sheffield-campo-lane/
dft-uk-carparks-3293,NCP Furnival Gate Car Park,Sheffield,327,Furnival Gate,sheffield,uk,NCP,449,2.50,15.00,28,1.0,,https://www.ncp.co.uk/find-a-car-park/car-parks/sheffield-furnival-gate/
dft-uk-carparks-522,NCP Wellington Street MSCP,Sheffield,453,Wellington Street,sheffield,uk,NCP,449,2.50,15.00,62,0.89,,https://www.ncp.co.uk/find-a-car-park/car-parks/sheffield-wellington-street/
dft-uk-carparks-3504,Q Park - Castlegate Car Park,Sheffield,403,Castlegate,sheffield,uk,Q-Park,403,2.80,25.00,11,0.8,,https://www.q-park.co.uk/en-gb/cities/sheffield/castlegate/
dft-uk-carparks-5849,Q Park - Rockingham Street,Sheffield,531,Rockingham Street,sheffield,uk,Q-Park,531,2.80,21.00,209,0.86,,https://www.q-park.co.uk/en-gb/cities/sheffield/rockingham-street/
dft-uk-carparks-5866,Q Park Riverside,Sheffield,526,Riverside,sheffield,uk,Q-Park,533,3.90,25.00,26,0.78,,https://www.q-park.co.uk/en-gb/cities/sheffield/riverside/
dft-uk-carparks-5106,The Moor Multi Storey Car Park,Sheffield,672,The Moor,sheffield,uk,APCOA,670,3.00,24.00,34,0.56,,https://www.apcoa.co.uk/find-parking/locations/sheffield/the-moor-sheffield
mobidata-bw-46524-parkplatz-bahnhof-stuttgart-vaihingen,Parkplatz Bahnhof Stuttgart-Vaihingen,Stuttgart,68,Parkplatz Bahnhof Vaihingen P1,stuttgart,de,DB BahnPark,69,1.2,4.0,116,0.74,,https://www.contipark.de/de/parken/stuttgart/parkplatz-bahnhof-vaihingen-p1/
mobidata-bw-46527-parkplatz-bahnhof-stuttgart-zuffenhausen,Parkplatz Bahnhof Stuttgart-Zuffenhausen,Stuttgart,170,Parkplatz Bahnhof Zuffenhausen P1,stuttgart,de,DB BahnPark,173,1.4,4.0,90,0.78,,https://www.contipark.de/de/parken/stuttgart/parkplatz-bahnhof-zuffenhausen-p1/
mobidata-bw-49831-stuttgart-am-marienplatz,"Stuttgart, Am Marienplatz",Stuttgart,112,Am Marienplatz,stuttgart,de,APCOA,112,3.0,19.0,39,0.74,,https://www.apcoa.de/einmal-parken/standorte/stuttgart/am-marienplatz
mobidata-bw-49826-stuttgart-am-schlossplatz,"Stuttgart, Am Schlossplatz",Stuttgart,90,Am Schlossplatz,stuttgart,de,APCOA,90,3.8,20.0,68,0.76,,https://www.apcoa.de/einmal-parken/standorte/stuttgart/am-schlossplatz
mobidata-bw-49825-stuttgart-city-garage,"Stuttgart, City Garage",Stuttgart,228,City Garage,stuttgart,de,APCOA,228,3.8,12.0,31,0.47,,https://www.apcoa.de/einmal-parken/standorte/stuttgart/city-garage
mobidata-bw-7403-stuttgart-hotel-moevenpick-messe-congress,"Stuttgart, Hotel Mövenpick Messe & Congress",Stuttgart,209,Hotel Mövenpick Messe & Congress,stuttgart,de,APCOA,209,8.0,32.0,107,0.86,,https://www.apcoa.de/einmal-parken/standorte/stuttgart/hotel-moevenpick-messe-congress
mobidata-bw-49828-stuttgart-koenigsbau-passagen,"Stuttgart, Königsbau-Passagen",Stuttgart,412,Königsbau-Passagen,stuttgart,de,APCOA,412,3.0,20.0,66,0.79,,https://www.apcoa.de/einmal-parken/standorte/stuttgart/koenigsbau-passagen
mobidata-bw-7345-stuttgart-messe-stuttgart-p20,"Stuttgart, Messe Stuttgart P20",Stuttgart,1974,Messe Stuttgart P20,stuttgart,de,APCOA,1974,3.5,36.0,143,0.79,,https://www.apcoa.de/einmal-parken/standorte/stuttgart/messe-stuttgart-p20
mobidata-bw-7253-stuttgart-moevenpick-hotel-stuttgart-airport,"Stuttgart, Mövenpick Hotel Stuttgart Airport",Stuttgart,97,Mövenpick Hotel Stuttgart Airport,stuttgart,de,APCOA,97,8.0,32.0,39,0.87,,https://www.apcoa.de/einmal-parken/standorte/stuttgart/moevenpick-hotel-stuttgart-airport
mobidata-bw-49829-stuttgart-neue-bruecke-koenigstrasse,"Stuttgart, Neue Brücke / Königstraße",Stuttgart,189,Neue Brücke / Königstraße,stuttgart,de,APCOA,189,3.7,14.0,73,0.83,,https://www.apcoa.de/einmal-parken/standorte/stuttgart/neue-bruecke-/-koenigstrasse
mobidata-bw-49824-stuttgart-schillerplatz,"Stuttgart, Schillerplatz",Stuttgart,190,Schillerplatz,stuttgart,de,APCOA,190,3.8,25.0,47,0.74,,https://www.apcoa.de/einmal-parken/standorte/stuttgart/schillerplatz
mobidata-bw-7386-stuttgart-schwabengalerie,"Stuttgart, SchwabenGalerie",Stuttgart,1098,SchwabenGalerie,stuttgart,de,APCOA,1098,2.0,17.0,80,0.77,,https://www.apcoa.de/einmal-parken/standorte/stuttgart/schwabengalerie
mobidata-bw-7268-stuttgart-suedwestbank,"Stuttgart, Südwestbank",Stuttgart,195,Südwestbank,stuttgart,de,APCOA,195,2.7,19.0,51,0.71,,https://www.apcoa.de/einmal-parken/standorte/stuttgart/suedwestbank
mobidata-bw-49830-stuttgart-zeppelin-carr,"Stuttgart, Zeppelin-Carré",Stuttgart,365,Zeppelin-Carré,stuttgart,de,APCOA,365,3.9,25.0,42,0.74,,https://www.apcoa.de/einmal-parken/standorte/stuttgart/zeppelin-carre
dft-uk-carparks-3144,Orchard Shoppers Car Park,Taunton,573,Orchard Multi Storey Car Park,taunton,uk,Somerset Council,590,1.30,10.80,38,0.61,,https://www.somerset.gov.uk/locations/orchard-multi-storey-car-park-taunton/
toulouse-qpark-31555-p-0005,JEANNE D'ARC,Toulouse,390,Jeanne d'Arc / Centre-Ville,toulouse,fr,Q-Park,400,3.3,25.6,2,0.65,,https://www.q-park.fr/fr-fr/villes/toulouse/jeanne-d-arc/
dft-uk-carparks-665,Imperial War Museum North,Trafford,180,Manchester Imperial War Museum,manchester,uk,NCP,180,2.50,16.00,22,0.69,,https://www.ncp.co.uk/find-a-car-park/car-parks/manchester-imperial-war-museum/
dft-uk-carparks-4912,NCP High Cross - Truro,Truro,458,Highcross,truro,uk,Q-Park,445,3.00,12.00,35,0.78,,https://www.q-park.co.uk/en-gb/cities/truro/highcross/
npr-qpark-nl-361b771e-4754-41ac-b566-ebd60f9e471a-utrecht-galgenwaard,UTRECHT-Galgenwaard,Utrecht,1008,Galgenwaard,utrecht,nl,Q-Park,1008,3.6,31.5,0,0.76,,https://www.q-park.nl/nl-nl/parkeren/utrecht/galgenwaard/
npr-qpark-nl-13019d30-1366-4b1b-9b61-58a42e355dc1-utrecht-galgenwaard-noord,UTRECHT-Galgenwaard Noord,Utrecht,248,Galgenwaard Noord,utrecht,nl,Q-Park,248,3.6,31.5,0,0.82,,https://www.q-park.nl/nl-nl/parkeren/utrecht/galgenwaard-noord/
npr-qpark-nl-ded2fb4e-c545-4ecf-8edf-54c45bd9511e-utrecht-la-vie,UTRECHT-La Vie,Utrecht,344,La Vie,utrecht,nl,Q-Park,344,6.0,52.5,0,0.59,,https://www.q-park.nl/nl-nl/parkeren/utrecht/la-vie/
npr-other-nl-2a40bf32-ae3b-4bc8-a3af-3224382b0b3e-p-r-spoorlaan-valkenburg-aan-de-geul,P+R Spoorlaan (Valkenburg aan de Geul),Valkenburg Aan De Geul,203,P+R Spoorlaan,valkenburg,nl,Q-Park,203,1.39,7.00,0,0.49,,https://www.q-park.nl/nl-nl/parkeren/valkenburg-aan-de-geul/p-r-spoorlaan/
npr-qpark-nl-ff4177bb-71c1-45af-89c7-05064d598ece-veenendaal-corridor,VEENENDAAL-Corridor,Veenendaal,302,Corridor,veenendaal,nl,Q-Park,302,2.50,8.00,0,0.62,,https://www.q-park.nl/nl-nl/parkeren/veenendaal/corridor/
npr-qpark-nl-4ccfad20-6419-479a-9685-d271beddee92-veenendaal-passage,VEENENDAAL-Passage,Veenendaal,550,Passage,veenendaal,nl,Q-Park,550,2.50,8.00,0,0.58,,https://www.q-park.nl/nl-nl/parkeren/veenendaal/passage/
vejle-live-abelones-plads-16,Abelones Plads,Vejle,75,Abelones Plads,vejle,dk,Vejle Kommune,,6,26,14,1.0,yes,https://www.vejle.dk/da/service-og-selvbetjening/borger/trafik-og-parkering/parkering-og-tilladelser/priser-og-betaling-for-parkering/hvad-koster-det-at-parkere/
vejle-live-bryggen-14,Bryggen,Vejle,700,Q-Park Bryggen,vejle,dk,Q-Park,700,14,,102,1.0,yes,https://www.q-park.dk/da/parkering/vejle/bryggen/
vejle-live-foetex-noerregade-13,Føtex Nørregade,Vejle,98,Føtex Nørregade,vejle,dk,APCOA,149,9,,114,1.0,yes,https://www.apcoa.dk/find-en-p-plads/lokationer/vejle/foetex-noerregade
vejle-live-p-hus-trondur-9,P-hus Trondur,Vejle,263,P-hus Tróndur,vejle,dk,Vejle Kommune,273,9,38,1,1.0,yes,https://www.vejle.dk/da/service-og-selvbetjening/borger/trafik-og-parkering/parkering-og-tilladelser/priser-og-betaling-for-parkering/hvad-koster-det-at-parkere/
npr-qpark-nl-0690f003-ebc0-4ff5-bec1-199cbd488987-venlo-arsenaal,VENLO-Arsenaal,Venlo,260,Arsenaal,venlo,nl,Q-Park,260,3.04,15.45,0,0.76,,https://www.q-park.nl/nl-nl/parkeren/venlo/arsenaal/
npr-qpark-nl-fe4aabe2-03f9-45d3-913d-3d96565238e2-venlo-blok-van-gendt,VENLO-Blok van Gendt,Venlo,200,Blok van Gendt,venlo,nl,Q-Park,200,3.04,15.45,0,0.83,,https://www.q-park.nl/nl-nl/parkeren/venlo/blok-van-gendt/
npr-qpark-nl-cc21b37a-710d-4ee6-9541-99de9035c20e-venlo-centrum-maasboulevard,VENLO-Centrum Maasboulevard,Venlo,535,Centrum Maasboulevard,venlo,nl,Q-Park,535,,18.00,0,0.89,,https://www.q-park.nl/nl-nl/parkeren/venlo/centrum-maasboulevard/
npr-qpark-nl-d4ae2345-7dc8-404c-b1a1-9f0def5e7cb4-venlo-maaswaard,VENLO-Maaswaard,Venlo,394,Maaswaard,venlo,nl,Q-Park,394,3.04,15.45,0,0.78,,https://www.q-park.nl/nl-nl/parkeren/venlo/maaswaard/
npr-qpark-nl-46c0c819-ab79-4eec-bc0d-4ded8aa32028-venlo-nolensplein,VENLO-Nolensplein,Venlo,745,Nolensplein,venlo,nl,Q-Park,745,3.04,15.45,0,0.81,,https://www.q-park.nl/nl-nl/parkeren/venlo/nolensplein/
npr-qpark-nl-b9efc9ba-8fe6-4e25-9eca-48ed6ef1aac3-venlo-roermondsepoort,VENLO-Roermondsepoort,Venlo,528,Roermondsepoort,venlo,nl,Q-Park,528,3.04,15.45,0,0.86,,https://www.q-park.nl/nl-nl/parkeren/venlo/roermondsepoort/
dft-uk-carparks-4613,Weymouth Station,Weymouth,48,Weymouth Station,weymouth,uk,APCOA,49,,9.90,25,1.0,,https://www.apcoa.co.uk/find-parking/locations/weymouth/weymouth-station-weymouth
ffh-parken-wiesbaden-City-2,PH City II,Wiesbaden,260,Parkhaus City,wiesbaden,de,Lilienparken (WiBau),415,2.00,20.00,10,0.67,yes,https://lilienparken.de/unsere-parkflaechen/
ffh-parken-wiesbaden-Kurhaus-Casino,PH Kurhaus / Casino,Wiesbaden,416,Tiefgarage Kurhaus,wiesbaden,de,Contipark,,4.00,33.00,133,0.64,yes,https://www.contipark.de/de/parken/wiesbaden/tiefgarage-kurhaus/
ffh-parken-wiesbaden-Luisenplatz,PH Luisenplatz,Wiesbaden,292,Parkhaus Luisenplatz,wiesbaden,de,Lilienparken (WiBau),292,2.00,20.00,37,0.92,yes,https://lilienparken.de/unsere-parkflaechen/
dft-uk-carparks-1698,Windsor - River Street Car Park,Windsor,145,River Street,windsor,uk,Royal Borough of Windsor and Maidenhead,155,7.00,30.00,41,0.76,,https://www.rbwm.gov.uk/transport-and-streets/parking/car-parks-and-park-and-ride/car-park/river-street
dft-uk-carparks-1956,Windsor - Victoria Street Car Park,Windsor,206,Victoria Street,windsor,uk,Royal Borough of Windsor and Maidenhead,206,2.60,22.00,128,0.8,,https://www.rbwm.gov.uk/transport-and-streets/parking/car-parks-and-park-and-ride/car-park/victoria-street
dft-uk-carparks-7117,Windsor Leisure Centre,Windsor,249,Windsor Leisure Centre,windsor,uk,Royal Borough of Windsor and Maidenhead,249,2.00,24.50,45,1.0,,https://www.rbwm.gov.uk/transport-and-streets/parking/car-parks-and-park-and-ride/car-park/windsor-leisure-centre
york-live-bishopthorpe-road,Bishopthorpe Road,York,41,Bishopthorpe Road,york,uk,City of York Council,39,3.0,,5,1.0,,https://www.york.gov.uk/directory-record/396/bishopthorpe-road-car-park
york-live-bootham-row,Bootham Row,York,100,Bootham Row,york,uk,City of York Council,73,5.0,,3,1.0,,https://www.york.gov.uk/directory-record/397/bootham-row-car-park
york-live-castle,Castle,York,318,Castle,york,uk,City of York Council,298,5.0,,25,1.0,,https://www.york.gov.uk/directory-record/399/castle-car-park
york-live-coppergate-centre,Coppergate Centre,York,287,Coppergate Centre,york,uk,City of York Council,276,5.0,,6,1.0,,https://www.york.gov.uk/directory-record/428/coppergate-centre-car-park
york-live-east-parade,East Parade,York,14,East Parade,york,uk,City of York Council,14,3.0,,8,1.0,,https://www.york.gov.uk/directory-record/403/east-parade-car-park
york-live-esplanade,Esplanade,York,75,Esplanade,york,uk,City of York Council,80,5.0,,9,1.0,,https://www.york.gov.uk/directory-record/404/esplanade-car-park
york-live-foss-bank,Foss Bank,York,316,Foss Bank,york,uk,City of York Council,320,5.0,23.2,4,1.0,,https://www.york.gov.uk/directory-record/405/foss-bank-car-park
york-live-marygate,Marygate,York,350,Marygate,york,uk,City of York Council,356,5.0,23.2,13,1.0,,https://www.york.gov.uk/directory-record/418/marygate-car-park
york-live-monk-bar,Monk Bar,York,243,Monk Bar,york,uk,City of York Council,225,5.0,23.2,9,1.0,,https://www.york.gov.uk/directory-record/421/monk-bar-car-park
dft-uk-carparks-803,NCP Tanner Row Car Park,York,255,Tanner Row,york,uk,NCP,257,6.0,40.0,57,1.0,,https://www.ncp.co.uk/find-a-car-park/car-parks/york-tanner-row/
york-live-nunnery-lane,Nunnery Lane,York,193,Nunnery Lane,york,uk,City of York Council,167,5.0,23.2,28,1.0,,https://www.york.gov.uk/directory-record/424/nunnery-lane-car-park
dft-uk-carparks-4884,Q-Park Barbican,York,360,Barbican,york,uk,Q-Park,313,,21.5,126,1.0,,https://www.q-park.co.uk/en-gb/cities/york/barbican/
york-live-rowntree-park,Rowntree Park,York,57,Rowntree Park,york,uk,City of York Council,52,3.0,,15,1.0,,https://www.york.gov.uk/directory-record/431/rowntree-park-car-park
york-live-st-georges-field,St Georges Field,York,260,St George's Field,york,uk,City of York Council,266,5.0,23.2,21,1.0,,https://www.york.gov.uk/directory-record/2115/st-george-s-field-car-park
york-live-union-terrace,Union Terrace,York,145,Union Terrace,york,uk,City of York Council,160,5.0,23.2,51,1.0,,https://www.york.gov.uk/directory-record/2117/union-terrace-car-park
npr-qpark-nl-6f0c95e1-3ce6-4795-ac53-3a125abb66d6-zaandam-hermitage,ZAANDAM-Hermitage,Zaandam,893,Hermitage,zaandam,nl,Q-Park,893,,20.0,0,0.72,,https://www.q-park.nl/nl-nl/parkeren/zaandam/hermitage/
npr-qpark-nl-b2206eb1-6623-483d-85e3-8d6196b96ec4-zaandam-rozenhof,ZAANDAM-Rozenhof,Zaandam,487,Rozenhof,zaandam,nl,Q-Park,487,2.86,19.0,0,0.7,,https://www.q-park.nl/nl-nl/parkeren/zaandam/rozenhof/
npr-other-nl-3c539ca0-2661-459c-9450-a829b73cb9fb-gelre-ziekenhuizen-zutphen,Gelre Ziekenhuizen (Zutphen),Zutphen,250,Gelre ziekenhuis,zutphen,nl,Interparking,250,2.00,7.00,10,0.72,,https://www.interparking.nl/nl/parkeren/zutphen/gelre-ziekenhuis---zutphen/
npr-qpark-nl-27821ffa-cbe5-4fef-b5c6-2000da03a95a-zwolle-centrum,ZWOLLE-Centrum,Zwolle,323,Centrum,zwolle,nl,Q-Park,323,3.6,16.5,0,0.7,,https://www.q-park.nl/nl-nl/parkeren/zwolle/centrum/
npr-qpark-nl-b6b6f67c-9366-4cb4-a11c-938780e1008e-zwolle-maagjesbolwerk,ZWOLLE-Maagjesbolwerk,Zwolle,453,Maagjesbolwerk,zwolle,nl,Q-Park,453,,20.0,0,0.82,,https://www.q-park.nl/nl-nl/parkeren/zwolle/maagjesbolwerk/
